tiempo_s,tiempo,posicion_norte,slow_cart,slow_end_tower,torre_0_x,torre_0_y,tramo_1_L_calculado,tramo_1_deform_m,tramo_1_desv_y,tramo_1_rumbo_deg,torre_1_x,torre_1_y,tramo_2_L_calculado,tramo_2_deform_m,tramo_2_desv_y,tramo_2_rumbo_deg,torre_2_x,torre_2_y,tramo_3_L_calculado,tramo_3_deform_m,tramo_3_desv_y,tramo_3_rumbo_deg,torre_3_x,torre_3_y,lat_e7,lon_e7,EΔd_mm,EΔrumbo_deg
1,00h 00m 01s,0.024,False,False,-0.0013,0.0488,50.0013,-0.0013,-0.0489,-0.056,50.0,-0.0,50.0,0.0,0.0001,0.0001,100.0,0.0,50.0004,-0.0004,0.049,0.0562,150.0004,0.0491,,,3.8,
2,00h 00m 02s,0.049,False,False,-0.0012,0.0976,50.0013,-0.0013,-0.0977,-0.112,50.0,-0.0001,50.0,0.0,0.0002,0.0003,100.0,0.0001,50.0007,-0.0007,0.0982,0.1125,150.0006,0.0983,,,3.8,
3,00h 00m 03s,0.117,False,False,-0.0024,0.146,50.0018,-0.0018,-0.0595,-0.0682,49.9993,0.0865,50.0,0.0,0.0006,0.0007,99.9993,0.0871,50.0018,-0.0018,0.0607,0.0695,150.001,0.1478,,,7.8,
4,00h 00m 04s,0.185,False,False,-0.0022,0.194,50.0014,-0.0014,-0.0208,-0.0238,49.9992,0.1732,50.0,0.0,0.0011,0.0012,99.9992,0.1743,50.0014,-0.0014,0.0229,0.0263,150.0006,0.1972,,,11.3,
5,00h 00m 05s,0.253,False,False,-0.0024,0.2428,50.0017,-0.0017,0.017,0.0195,49.9993,0.2599,50.0,0.0,0.0012,0.0013,99.9993,0.2611,50.0017,-0.0017,-0.0147,-0.0168,150.001,0.2464,,,14.5,
6,00h 00m 06s,0.32,False,False,-0.0029,0.2913,50.0015,-0.0015,0.0553,0.0634,49.9985,0.3466,50.0,0.0,0.0015,0.0017,99.9985,0.3481,50.0015,-0.0015,-0.0523,-0.0599,150.0,0.2958,,,18.5,
7,00h 00m 07s,0.388,False,False,-0.0026,0.3391,50.0017,-0.0017,0.0939,0.1076,49.9989,0.433,50.0,0.0,0.002,0.0023,99.9989,0.435,50.0016,-0.0016,-0.0898,-0.1029,150.0005,0.3452,,,21.5,
8,00h 00m 08s,0.456,False,False,-0.0029,0.3873,50.0018,-0.0018,0.132,0.1513,49.9987,0.5193,50.0,0.0,0.0025,0.0028,99.9987,0.5218,50.0017,-0.0017,-0.127,-0.1456,150.0003,0.3947,,,25.0,-2.34
9,00h 00m 09s,0.524,False,False,-0.0026,0.4355,50.0016,-0.0016,0.1706,0.1955,49.9987,0.6061,50.0,0.0,0.0028,0.0032,99.9987,0.6088,50.0015,-0.0015,-0.165,-0.1891,150.0,0.4438,,,28.3,-2.34
10,00h 00m 10s,0.548,False,True,-0.0034,0.4833,50.0022,-0.0022,0.1225,0.1404,49.9987,0.6058,50.0,0.0,0.0033,0.0037,99.9987,0.6091,50.0011,-0.0011,-0.116,-0.1329,149.9996,0.4931,,,28.3,-2.34
11,00h 00m 11s,0.56,False,True,-0.004,0.5317,50.0028,-0.0028,0.0822,0.0942,49.9987,0.6139,50.0,0.0,-0.0129,-0.0147,99.9987,0.601,50.001,-0.001,-0.1079,-0.1237,149.9996,0.4931,,,28.6,-2.34
12,00h 00m 12s,0.572,False,True,-0.0049,0.5802,50.0036,-0.0036,0.0417,0.0478,49.9987,0.622,50.0,0.0,-0.029,-0.0333,99.9987,0.5929,50.001,-0.001,-0.0998,-0.1144,149.9996,0.4931,,,28.9,-2.34
13,00h 00m 13s,0.584,False,True,-0.0043,0.6289,50.003,-0.003,0.0011,0.0013,49.9987,0.6301,50.0,0.0,-0.0453,-0.0519,99.9987,0.5848,50.001,-0.001,-0.0917,-0.1051,149.9996,0.4931,,,29.3,-2.34
14,00h 00m 14s,0.596,False,True,-0.0043,0.6768,50.0031,-0.0031,-0.0388,-0.0444,49.9987,0.6381,50.0,0.0,-0.0612,-0.0702,99.9987,0.5768,50.001,-0.001,-0.0837,-0.0959,149.9996,0.4931,,,29.5,-2.34
15,00h 00m 15s,0.621,False,False,-0.0044,0.7249,50.0032,-0.0032,-0.087,-0.0997,49.9987,0.6379,50.0,0.0,-0.0609,-0.0697,99.9987,0.577,50.001,-0.001,-0.0347,-0.0398,149.9997,0.5423,,,29.5,-2.34
16,00h 00m 16s,0.645,False,False,-0.0056,0.7733,50.0045,-0.0045,-0.1356,-0.1553,49.9987,0.6378,50.0,0.0,-0.0606,-0.0695,99.9987,0.5771,50.0001,-0.0001,0.0143,0.0164,149.9988,0.5914,,,29.5,-2.34
17,00h 00m 17s,0.713,False,False,-0.0054,0.8216,50.0021,-0.0021,-0.0972,-0.1114,49.9966,0.7244,50.0,0.0,-0.0604,-0.0692,99.9966,0.664,50.0021,-0.0021,-0.0235,-0.0269,149.9987,0.6405,,,34.9,-2.34
18,00h 00m 18s,0.78,False,False,-0.0053,0.8699,50.0027,-0.0027,-0.0589,-0.0675,49.9973,0.8109,50.0,0.0,-0.06,-0.0688,99.9972,0.7509,50.0026,-0.0026,-0.0611,-0.07,149.9998,0.6899,,,37.6,-2.34
19,00h 00m 19s,0.848,False,False,-0.006,0.9185,50.0035,-0.0035,-0.0208,-0.0238,49.9975,0.8977,50.0,0.0,-0.0597,-0.0684,99.9975,0.838,50.0035,-0.0035,-0.0987,-0.1131,150.0009,0.7393,,,40.7,-2.34
20,00h 00m 20s,0.916,False,False,-0.0061,0.9667,50.0038,-0.0038,0.0177,0.0203,49.9977,0.9843,50.0,0.0,-0.0593,-0.068,99.9977,0.925,50.0038,-0.0038,-0.1364,-0.1563,150.0013,0.7886,,,43.8,-2.34
21,00h 00m 21s,0.984,False,False,-0.0061,1.0154,50.0043,-0.0043,0.0555,0.0636,49.9982,1.0709,50.0,0.0,-0.0592,-0.0678,99.9982,1.0118,50.0042,-0.0042,-0.1738,-0.1992,150.0021,0.838,,,46.7,-2.26
22,00h 00m 22s,1.052,False,False,-0.0065,1.0642,50.0046,-0.0046,0.0934,0.107,49.9981,1.1576,50.0,0.0,-0.059,-0.0676,99.998,1.0986,50.0046,-0.0046,-0.2113,-0.2422,150.0022,0.8873,,,50.1,-2.26
23,00h 00m 23s,1.076,False,True,-0.0063,1.113,50.0044,-0.0044,0.0445,0.051,49.9981,1.1575,50.0,0.0,-0.0588,-0.0674,99.998,1.0987,50.0043,-0.0043,-0.1621,-0.1857,150.002,0.9366,,,50.1,-2.26
24,00h 00m 24s,1.101,False,False,-0.0069,1.161,50.0049,-0.0049,-0.0037,-0.0043,49.9981,1.1573,50.0,0.0,-0.0583,-0.0668,99.998,1.099,50.0042,-0.0042,-0.1129,-0.1294,150.0022,0.9861,,,50.1,-2.26
25,00h 00m 25s,1.125,False,False,-0.0069,1.2096,50.005,-0.005,-0.0524,-0.0601,49.9981,1.1572,50.0,0.0,-0.0581,-0.0665,99.998,1.0991,50.0034,-0.0034,-0.0637,-0.073,150.0014,1.0354,,,50.1,-2.26
26,00h 00m 26s,1.15,False,False,-0.0076,1.2574,50.0058,-0.0058,-0.1006,-0.1152,49.9981,1.1569,50.0,0.0,-0.0575,-0.0659,99.998,1.0994,50.0034,-0.0034,-0.0145,-0.0166,150.0014,1.0848,,,50.1,-2.26
27,00h 00m 27s,1.174,False,False,-0.0083,1.3063,50.0066,-0.0066,-0.1495,-0.1713,49.9981,1.1568,50.0,0.0,-0.0574,-0.0658,99.998,1.0994,50.004,-0.004,0.0347,0.0397,150.002,1.1341,,,50.1,-2.26
28,00h 00m 28s,1.242,False,False,-0.0087,1.3549,50.0058,-0.0058,-0.1112,-0.1275,49.997,1.2437,50.0,0.0,-0.0572,-0.0655,99.9969,1.1865,50.0058,-0.0058,-0.0031,-0.0036,150.0027,1.1834,,,54.6,-2.26
29,00h 00m 29s,1.31,False,False,-0.0075,1.4038,50.0048,-0.0048,-0.0735,-0.0842,49.9973,1.3302,50.0,0.0,-0.057,-0.0654,99.9972,1.2732,50.0048,-0.0048,-0.0406,-0.0465,150.002,1.2326,,,57.6,-2.26
30,00h 00m 30s,1.366,False,True,-0.0075,1.4038,50.0054,-0.0054,0.0052,0.006,49.9979,1.409,50.0,0.0,-0.0406,-0.0465,99.9979,1.3684,50.0054,-0.0054,-0.0864,-0.099,150.0031,1.282,,,60.0,-2.26
31,00h 00m 31s,1.421,False,True,-0.0075,1.4038,50.0061,-0.0061,0.0835,0.0957,49.9986,1.4873,50.0,0.0,-0.0242,-0.0277,99.9986,1.4631,50.0061,-0.0061,-0.1319,-0.1511,150.0045,1.3313,,,62.3,-2.26
32,00h 00m 32s,1.477,False,True,-0.0075,1.4038,50.0063,-0.0063,0.1621,0.1858,49.9985,1.5659,50.0,0.0,-0.0078,-0.009,99.9985,1.5581,50.0062,-0.0062,-0.1777,-0.2037,150.0044,1.3803,,,65.4,-2.26
33,00h 00m 33s,1.489,False,True,-0.0075,1.4038,50.0062,-0.0062,0.1539,0.1764,49.9985,1.5577,50.0,0.0,0.0086,0.0098,99.9985,1.5663,50.0062,-0.0062,-0.1368,-0.1567,150.0045,1.4295,,,65.0,-2.26
34,00h 00m 34s,1.489,False,True,-0.0075,1.4038,50.0062,-0.0062,0.1539,0.1764,49.9985,1.5577,50.0,0.0,0.0086,0.0098,99.9985,1.5663,50.0062,-0.0062,-0.1368,-0.1567,150.0045,1.4295,,,65.0,-2.26
35,00h 00m 35s,1.489,False,True,-0.0075,1.4038,50.0062,-0.0062,0.1539,0.1764,49.9985,1.5577,50.0,0.0,0.0086,0.0098,99.9985,1.5663,50.0062,-0.0062,-0.1368,-0.1567,150.0045,1.4295,,,65.0,-2.26
36,00h 00m 36s,1.489,False,True,-0.0075,1.4038,50.0062,-0.0062,0.1539,0.1764,49.9985,1.5577,50.0,0.0,0.0086,0.0098,99.9985,1.5663,50.0062,-0.0062,-0.1368,-0.1567,150.0045,1.4295,,,65.0,-2.26
37,00h 00m 37s,1.489,False,True,-0.0075,1.4038,50.0062,-0.0062,0.1539,0.1764,49.9985,1.5577,50.0,0.0,0.0086,0.0098,99.9985,1.5663,50.0062,-0.0062,-0.1368,-0.1567,150.0045,1.4295,,,65.0,-2.26
38,00h 00m 38s,1.489,False,True,-0.0075,1.4038,50.0062,-0.0062,0.1539,0.1764,49.9985,1.5577,50.0,0.0,0.0086,0.0098,99.9985,1.5663,50.0062,-0.0062,-0.1368,-0.1567,150.0045,1.4295,,,65.0,-2.26
39,00h 00m 39s,1.489,False,True,-0.0075,1.4038,50.0062,-0.0062,0.1539,0.1764,49.9985,1.5577,50.0,0.0,0.0086,0.0098,99.9985,1.5663,50.0062,-0.0062,-0.1368,-0.1567,150.0045,1.4295,,,65.0,-2.26
40,00h 00m 40s,1.489,False,True,-0.0075,1.4038,50.0062,-0.0062,0.1539,0.1764,49.9985,1.5577,50.0,0.0,0.0086,0.0098,99.9985,1.5663,50.0062,-0.0062,-0.1368,-0.1567,150.0045,1.4295,,,65.0,-2.26
41,00h 00m 41s,1.489,False,True,-0.0075,1.4038,50.0062,-0.0062,0.1539,0.1764,49.9985,1.5577,50.0,0.0,0.0086,0.0098,99.9985,1.5663,50.0062,-0.0062,-0.1368,-0.1567,150.0045,1.4295,,,65.0,-2.26
42,00h 00m 42s,1.489,False,True,-0.0075,1.4038,50.0062,-0.0062,0.1539,0.1764,49.9985,1.5577,50.0,0.0,0.0086,0.0098,99.9985,1.5663,50.0062,-0.0062,-0.1368,-0.1567,150.0045,1.4295,,,65.0,-2.26
43,00h 00m 43s,1.489,False,True,-0.0075,1.4038,50.0062,-0.0062,0.1539,0.1764,49.9985,1.5577,50.0,0.0,0.0086,0.0098,99.9985,1.5663,50.0062,-0.0062,-0.1368,-0.1567,150.0045,1.4295,,,65.0,-2.26
44,00h 00m 44s,1.489,False,True,-0.0075,1.4038,50.0062,-0.0062,0.1539,0.1764,49.9985,1.5577,50.0,0.0,0.0086,0.0098,99.9985,1.5663,50.0062,-0.0062,-0.1368,-0.1567,150.0045,1.4295,,,65.0,-2.26
45,00h 00m 45s,1.489,False,True,-0.0075,1.4038,50.0062,-0.0062,0.1539,0.1764,49.9985,1.5577,50.0,0.0,0.0086,0.0098,99.9985,1.5663,50.0062,-0.0062,-0.1368,-0.1567,150.0045,1.4295,,,65.0,-2.26
46,00h 00m 46s,1.489,False,True,-0.0075,1.4038,50.0062,-0.0062,0.1539,0.1764,49.9985,1.5577,50.0,0.0,0.0086,0.0098,99.9985,1.5663,50.0062,-0.0062,-0.1368,-0.1567,150.0045,1.4295,,,65.0,-2.26
47,00h 00m 47s,1.489,False,True,-0.0075,1.4038,50.0062,-0.0062,0.1539,0.1764,49.9985,1.5577,50.0,0.0,0.0086,0.0098,99.9985,1.5663,50.0062,-0.0062,-0.1368,-0.1567,150.0045,1.4295,,,65.0,-2.26
48,00h 00m 48s,1.489,False,True,-0.0075,1.4038,50.0062,-0.0062,0.1539,0.1764,49.9985,1.5577,50.0,0.0,0.0086,0.0098,99.9985,1.5663,50.0062,-0.0062,-0.1368,-0.1567,150.0045,1.4295,,,65.0,-2.26
49,00h 00m 49s,1.489,False,True,-0.0075,1.4038,50.0062,-0.0062,0.1539,0.1764,49.9985,1.5577,50.0,0.0,0.0086,0.0098,99.9985,1.5663,50.0062,-0.0062,-0.1368,-0.1567,150.0045,1.4295,,,65.0,-2.26
50,00h 00m 50s,1.489,False,True,-0.0075,1.4038,50.0062,-0.0062,0.1539,0.1764,49.9985,1.5577,50.0,0.0,0.0086,0.0098,99.9985,1.5663,50.0062,-0.0062,-0.1368,-0.1567,150.0045,1.4295,,,65.0,-2.26
51,00h 00m 51s,1.489,False,True,-0.0075,1.4038,50.0062,-0.0062,0.1539,0.1764,49.9985,1.5577,50.0,0.0,0.0086,0.0098,99.9985,1.5663,50.0062,-0.0062,-0.1368,-0.1567,150.0045,1.4295,,,65.0,-2.26
52,00h 00m 52s,1.489,False,True,-0.0075,1.4038,50.0062,-0.0062,0.1539,0.1764,49.9985,1.5577,50.0,0.0,0.0086,0.0098,99.9985,1.5663,50.0062,-0.0062,-0.1368,-0.1567,150.0045,1.4295,,,65.0,-2.26
53,00h 00m 53s,1.489,False,True,-0.0075,1.4038,50.0062,-0.0062,0.1539,0.1764,49.9985,1.5577,50.0,0.0,0.0086,0.0098,99.9985,1.5663,50.0062,-0.0062,-0.1368,-0.1567,150.0045,1.4295,,,65.0,-2.26
54,00h 00m 54s,1.489,False,True,-0.0075,1.4038,50.0062,-0.0062,0.1539,0.1764,49.9985,1.5577,50.0,0.0,0.0086,0.0098,99.9985,1.5663,50.0062,-0.0062,-0.1368,-0.1567,150.0045,1.4295,,,65.0,-2.26
55,00h 00m 55s,1.489,False,True,-0.0075,1.4038,50.0062,-0.0062,0.1539,0.1764,49.9985,1.5577,50.0,0.0,0.0086,0.0098,99.9985,1.5663,50.0062,-0.0062,-0.1368,-0.1567,150.0045,1.4295,,,65.0,-2.26
56,00h 00m 56s,1.489,False,True,-0.0075,1.4038,50.0062,-0.0062,0.1539,0.1764,49.9985,1.5577,50.0,0.0,0.0086,0.0098,99.9985,1.5663,50.0062,-0.0062,-0.1368,-0.1567,150.0045,1.4295,,,65.0,-2.26
57,00h 00m 57s,1.489,False,True,-0.0075,1.4038,50.0062,-0.0062,0.1539,0.1764,49.9985,1.5577,50.0,0.0,0.0086,0.0098,99.9985,1.5663,50.0062,-0.0062,-0.1368,-0.1567,150.0045,1.4295,,,65.0,-2.26
58,00h 00m 58s,1.489,False,True,-0.0075,1.4038,50.0062,-0.0062,0.1539,0.1764,49.9985,1.5577,50.0,0.0,0.0086,0.0098,99.9985,1.5663,50.0062,-0.0062,-0.1368,-0.1567,150.0045,1.4295,,,65.0,-2.26
59,00h 00m 59s,1.489,False,True,-0.0075,1.4038,50.0062,-0.0062,0.1539,0.1764,49.9985,1.5577,50.0,0.0,0.0086,0.0098,99.9985,1.5663,50.0062,-0.0062,-0.1368,-0.1567,150.0045,1.4295,,,65.0,-2.26
60,00h 01m 00s,1.501,False,True,-0.0081,1.452,50.0067,-0.0067,0.1137,0.1303,49.9985,1.5657,50.0,0.0,-0.0075,-0.0086,99.9985,1.5582,50.0061,-0.0061,-0.1288,-0.1475,150.0045,1.4295,,,65.3,-2.26
61,00h 01m 01s,1.513,False,True,-0.0079,1.5001,50.0065,-0.0065,0.0737,0.0844,49.9985,1.5737,50.0,0.0,-0.0235,-0.027,99.9985,1.5502,50.0061,-0.0061,-0.1207,-0.1383,150.0045,1.4295,,,65.6,-2.16
62,00h 01m 02s,1.525,False,True,-0.0074,1.5479,50.0059,-0.0059,0.0338,0.0388,49.9985,1.5817,50.0,0.0,-0.0395,-0.0452,99.9985,1.5422,50.0061,-0.0061,-0.1128,-0.1292,150.0045,1.4295,,,65.9,-2.16
63,00h 01m 03s,1.537,False,True,-0.0072,1.5959,50.0058,-0.0058,-0.0062,-0.0071,49.9985,1.5897,50.0,0.0,-0.0555,-0.0636,99.9985,1.5342,50.0061,-0.0061,-0.1048,-0.12,150.0045,1.4295,,,66.2,-2.16
64,00h 01m 04s,1.55,False,True,-0.0077,1.6448,50.0062,-0.0062,-0.047,-0.0538,49.9985,1.5979,50.0,0.0,-0.0718,-0.0823,99.9985,1.5261,50.0061,-0.0061,-0.0966,-0.1107,150.0045,1.4295,,,66.6,-2.16
65,00h 01m 05s,1.562,False,True,-0.0071,1.693,50.0057,-0.0057,-0.0871,-0.0998,49.9986,1.6059,50.0,0.0,-0.0878,-0.1007,99.9985,1.518,50.0061,-0.0061,-0.0886,-0.1015,150.0045,1.4295,,,66.8,-2.16
66,00h 01m 06s,1.574,False,True,-0.0066,1.7414,50.0053,-0.0053,-0.1274,-0.146,49.9986,1.614,50.0,0.0,-0.104,-0.1191,99.9985,1.51,50.0061,-0.0061,-0.0805,-0.0923,150.0045,1.4295,,,67.1,-2.16
67,00h 01m 07s,1.586,False,True,-0.0073,1.7895,50.0062,-0.0062,-0.1676,-0.192,49.9986,1.622,50.0,0.0,-0.12,-0.1375,99.9985,1.502,50.0061,-0.0061,-0.0725,-0.0831,150.0045,1.4295,,,67.4,-2.16
68,00h 01m 08s,1.598,False,True,-0.0074,1.8382,50.0064,-0.0064,-0.2081,-0.2384,49.9986,1.6301,50.0,0.0,-0.1362,-0.1561,99.9984,1.4939,50.0061,-0.0061,-0.0644,-0.0738,150.0045,1.4295,,,67.7,-2.16
69,00h 01m 09s,1.629,False,True,-0.007,1.8863,50.0031,-0.0031,-0.2107,-0.2415,49.9957,1.6756,50.0,0.0,-0.1523,-0.1745,99.9954,1.5233,50.0092,-0.0092,-0.0939,-0.1075,150.0045,1.4295,,,72.4,-2.16
70,00h 01m 10s,1.66,False,True,-0.0075,1.9347,50.0019,-0.0019,-0.2136,-0.2447,49.9939,1.7211,50.0,0.0,-0.1684,-0.193,99.9936,1.5527,50.011,-0.011,-0.1233,-0.1412,150.0045,1.4295,,,75.9,-2.16
71,00h 01m 11s,1.69,False,True,-0.0082,1.9836,50.0014,-0.0014,-0.2168,-0.2484,49.9927,1.7668,50.0,0.0,-0.1847,-0.2116,99.9924,1.5821,50.0124,-0.0124,-0.1526,-0.1748,150.0045,1.4295,,,78.9,-2.16
72,00h 01m 12s,1.721,False,True,-0.0086,2.0321,50.001,-0.001,-0.2197,-0.2518,49.9919,1.8123,50.0,0.0,-0.2008,-0.2302,99.9915,1.6115,50.0133,-0.0133,-0.182,-0.2085,150.0045,1.4295,,,81.4,-2.16
73,00h 01m 13s,1.752,False,True,-0.0092,2.0805,50.0009,-0.0009,-0.2227,-0.2551,49.9912,1.8579,50.0,0.0,-0.217,-0.2487,99.9907,1.6409,50.0142,-0.0142,-0.2114,-0.2422,150.0045,1.4295,,,83.9,-2.16
74,00h 01m 14s,1.783,False,True,-0.009,2.1291,50.0005,-0.0005,-0.2256,-0.2585,49.9909,1.9034,50.0,0.0,-0.2332,-0.2672,99.9904,1.6703,50.0147,-0.0147,-0.2408,-0.2758,150.0045,1.4295,,,85.9,-2.16
75,00h 01m 15s,1.814,False,True,-0.01,2.1775,50.0008,-0.0008,-0.2286,-0.2619,49.9903,1.949,50.0,0.0,-0.2493,-0.2857,99.9897,1.6997,50.0155,-0.0155,-0.2702,-0.3095,150.0045,1.4295,,,88.3,-2.16
76,00h 01m 16s,1.845,False,True,-0.0104,2.2257,50.0007,-0.0007,-0.2312,-0.2649,49.9898,1.9945,50.0,0.0,-0.2654,-0.3041,99.9891,1.7291,50.0163,-0.0163,-0.2996,-0.3433,150.0045,1.4295,,,90.5,-2.16
77,00h 01m 17s,1.875,False,True,-0.0102,2.2737,50.0004,-0.0004,-0.2337,-0.2678,49.9896,2.04,50.0,0.0,-0.2814,-0.3224,99.9888,1.7586,50.0168,-0.0168,-0.3291,-0.377,150.0045,1.4295,,,92.4,-2.16
78,00h 01m 18s,1.906,False,True,-0.0107,2.322,50.0006,-0.0006,-0.2365,-0.271,49.9893,2.0855,50.0,0.0,-0.2975,-0.3409,99.9884,1.788,50.0174,-0.0174,-0.3586,-0.4107,150.0045,1.4295,,,94.5,-3.23
79,00h 01m 19s,1.937,False,True,-0.0111,2.3708,50.0006,-0.0006,-0.2397,-0.2747,49.9889,2.1311,50.0,0.0,-0.3138,-0.3595,99.9879,1.8174,50.0181,-0.0181,-0.3879,-0.4444,150.0045,1.4295,,,96.7,-3.23
80,00h 01m 20s,1.968,False,True,-0.0104,2.419,50.0001,-0.0001,-0.2423,-0.2777,49.9891,2.1766,50.0,0.0,-0.3298,-0.3779,99.988,1.8468,50.0183,-0.0183,-0.4174,-0.4781,150.0045,1.4295,,,98.2,-3.23
81,00h 01m 21s,1.999,False,True,-0.0101,2.467,50.0,0.0,-0.2449,-0.2806,49.9893,2.2221,50.0,0.0,-0.3458,-0.3963,99.9881,1.8763,50.0184,-0.0184,-0.4468,-0.5119,150.0045,1.4295,,,99.7,-3.23
82,00h 01m 22s,2.029,False,True,-0.0103,2.5149,50.0002,-0.0002,-0.2473,-0.2834,49.9893,2.2675,50.0,0.0,-0.3618,-0.4145,99.988,1.9058,50.0188,-0.0188,-0.4763,-0.5456,150.0045,1.4295,,,101.5,-3.23
83,00h 01m 23s,2.06,False,True,-0.0102,2.5635,50.0002,-0.0002,-0.2503,-0.2869,49.9894,2.3131,50.0,0.0,-0.378,-0.4331,99.988,1.9352,50.0191,-0.0191,-0.5057,-0.5793,150.0045,1.4295,,,103.2,-3.23
84,00h 01m 24s,2.091,False,True,-0.0105,2.6114,50.0004,-0.0004,-0.2528,-0.2897,49.9892,2.3586,50.0,0.0,-0.3939,-0.4514,99.9877,1.9646,50.0197,-0.0197,-0.5352,-0.613,150.0045,1.4295,,,105.1,-3.23
85,00h 01m 25s,2.103,False,True,-0.0102,2.6601,50.0004,-0.0004,-0.2934,-0.3362,49.9893,2.3667,50.0,0.0,-0.4101,-0.47,99.9876,1.9565,50.0197,-0.0197,-0.5271,-0.6038,150.0045,1.4295,,,105.3,-3.23
86,00h 01m 26s,2.115,False,True,-0.0103,2.708,50.0008,-0.0008,-0.3333,-0.382,49.9894,2.3747,50.0,0.0,-0.4261,-0.4883,99.9875,1.9486,50.0196,-0.0196,-0.5191,-0.5946,150.0045,1.4295,,,105.5,-3.23
87,00h 01m 27s,2.127,False,True,-0.0109,2.7566,50.0017,-0.0017,-0.3738,-0.4284,49.9894,2.3828,50.0,0.0,-0.4423,-0.5069,99.9875,1.9405,50.0196,-0.0196,-0.511,-0.5853,150.0045,1.4295,,,105.8,-3.23
88,00h 01m 28s,2.139,False,True,-0.0101,2.8053,50.0014,-0.0014,-0.4144,-0.4749,49.9895,2.3909,50.0,0.0,-0.4585,-0.5255,99.9874,1.9323,50.0196,-0.0196,-0.5029,-0.576,150.0045,1.4295,,,106.0,-3.23
89,00h 01m 29s,2.152,False,True,-0.0106,2.8542,50.0023,-0.0023,-0.4552,-0.5216,49.9896,2.399,50.0,0.0,-0.4748,-0.5441,99.9873,1.9242,50.0196,-0.0196,-0.4947,-0.5667,150.0045,1.4295,,,106.3,-3.23
90,00h 01m 30s,2.152,False,True,-0.0106,2.8542,50.0023,-0.0023,-0.4552,-0.5216,49.9896,2.399,50.0,0.0,-0.4748,-0.5441,99.9873,1.9242,50.0196,-0.0196,-0.4947,-0.5667,150.0045,1.4295,,,106.3,-3.23
91,00h 01m 31s,2.152,False,True,-0.0106,2.8542,50.0023,-0.0023,-0.4552,-0.5216,49.9896,2.399,50.0,0.0,-0.4748,-0.5441,99.9873,1.9242,50.0196,-0.0196,-0.4947,-0.5667,150.0045,1.4295,,,106.3,-3.23
92,00h 01m 32s,2.152,False,True,-0.0106,2.8542,50.0023,-0.0023,-0.4552,-0.5216,49.9896,2.399,50.0,0.0,-0.4748,-0.5441,99.9873,1.9242,50.0196,-0.0196,-0.4947,-0.5667,150.0045,1.4295,,,106.3,-3.23
93,00h 01m 33s,2.152,False,True,-0.0106,2.8542,50.0023,-0.0023,-0.4552,-0.5216,49.9896,2.399,50.0,0.0,-0.4748,-0.5441,99.9873,1.9242,50.0196,-0.0196,-0.4947,-0.5667,150.0045,1.4295,,,106.3,-3.23
94,00h 01m 34s,2.152,False,True,-0.0106,2.8542,50.0023,-0.0023,-0.4552,-0.5216,49.9896,2.399,50.0,0.0,-0.4748,-0.5441,99.9873,1.9242,50.0196,-0.0196,-0.4947,-0.5667,150.0045,1.4295,,,106.3,-3.23
95,00h 01m 35s,2.152,False,True,-0.0106,2.8542,50.0023,-0.0023,-0.4552,-0.5216,49.9896,2.399,50.0,0.0,-0.4748,-0.5441,99.9873,1.9242,50.0196,-0.0196,-0.4947,-0.5667,150.0045,1.4295,,,106.3,-3.23
96,00h 01m 36s,2.152,False,True,-0.0106,2.8542,50.0023,-0.0023,-0.4552,-0.5216,49.9896,2.399,50.0,0.0,-0.4748,-0.5441,99.9873,1.9242,50.0196,-0.0196,-0.4947,-0.5667,150.0045,1.4295,,,106.3,-3.23
97,00h 01m 37s,2.152,False,True,-0.0106,2.8542,50.0023,-0.0023,-0.4552,-0.5216,49.9896,2.399,50.0,0.0,-0.4748,-0.5441,99.9873,1.9242,50.0196,-0.0196,-0.4947,-0.5667,150.0045,1.4295,,,106.3,-3.23
98,00h 01m 38s,2.152,False,True,-0.0106,2.8542,50.0023,-0.0023,-0.4552,-0.5216,49.9896,2.399,50.0,0.0,-0.4748,-0.5441,99.9873,1.9242,50.0196,-0.0196,-0.4947,-0.5667,150.0045,1.4295,,,106.3,-3.23
99,00h 01m 39s,2.152,False,True,-0.0106,2.8542,50.0023,-0.0023,-0.4552,-0.5216,49.9896,2.399,50.0,0.0,-0.4748,-0.5441,99.9873,1.9242,50.0196,-0.0196,-0.4947,-0.5667,150.0045,1.4295,,,106.3,-3.23
100,00h 01m 40s,2.152,False,True,-0.0106,2.8542,50.0023,-0.0023,-0.4552,-0.5216,49.9896,2.399,50.0,0.0,-0.4748,-0.5441,99.9873,1.9242,50.0196,-0.0196,-0.4947,-0.5667,150.0045,1.4295,,,106.3,-3.23
101,00h 01m 41s,2.152,False,True,-0.0106,2.8542,50.0023,-0.0023,-0.4552,-0.5216,49.9896,2.399,50.0,0.0,-0.4748,-0.5441,99.9873,1.9242,50.0196,-0.0196,-0.4947,-0.5667,150.0045,1.4295,,,106.3,-3.23
102,00h 01m 42s,2.152,False,True,-0.0106,2.8542,50.0023,-0.0023,-0.4552,-0.5216,49.9896,2.399,50.0,0.0,-0.4748,-0.5441,99.9873,1.9242,50.0196,-0.0196,-0.4947,-0.5667,150.0045,1.4295,,,106.3,-3.23
103,00h 01m 43s,2.152,False,True,-0.0106,2.8542,50.0023,-0.0023,-0.4552,-0.5216,49.9896,2.399,50.0,0.0,-0.4748,-0.5441,99.9873,1.9242,50.0196,-0.0196,-0.4947,-0.5667,150.0045,1.4295,,,106.3,-3.23
104,00h 01m 44s,2.152,False,True,-0.0106,2.8542,50.0023,-0.0023,-0.4552,-0.5216,49.9896,2.399,50.0,0.0,-0.4748,-0.5441,99.9873,1.9242,50.0196,-0.0196,-0.4947,-0.5667,150.0045,1.4295,,,106.3,-3.23
105,00h 01m 45s,2.152,False,True,-0.0106,2.8542,50.0023,-0.0023,-0.4552,-0.5216,49.9896,2.399,50.0,0.0,-0.4748,-0.5441,99.9873,1.9242,50.0196,-0.0196,-0.4947,-0.5667,150.0045,1.4295,,,106.3,-3.23
106,00h 01m 46s,2.152,False,True,-0.0106,2.8542,50.0023,-0.0023,-0.4552,-0.5216,49.9896,2.399,50.0,0.0,-0.4748,-0.5441,99.9873,1.9242,50.0196,-0.0196,-0.4947,-0.5667,150.0045,1.4295,,,106.3,-3.23
107,00h 01m 47s,2.152,False,True,-0.0106,2.8542,50.0023,-0.0023,-0.4552,-0.5216,49.9896,2.399,50.0,0.0,-0.4748,-0.5441,99.9873,1.9242,50.0196,-0.0196,-0.4947,-0.5667,150.0045,1.4295,,,106.3,-3.23
108,00h 01m 48s,2.152,False,True,-0.0106,2.8542,50.0023,-0.0023,-0.4552,-0.5216,49.9896,2.399,50.0,0.0,-0.4748,-0.5441,99.9873,1.9242,50.0196,-0.0196,-0.4947,-0.5667,150.0045,1.4295,,,106.3,-3.23
109,00h 01m 49s,2.152,False,True,-0.0106,2.8542,50.0023,-0.0023,-0.4552,-0.5216,49.9896,2.399,50.0,0.0,-0.4748,-0.5441,99.9873,1.9242,50.0196,-0.0196,-0.4947,-0.5667,150.0045,1.4295,,,106.3,-3.23
110,00h 01m 50s,2.152,False,True,-0.0106,2.8542,50.0023,-0.0023,-0.4552,-0.5216,49.9896,2.399,50.0,0.0,-0.4748,-0.5441,99.9873,1.9242,50.0196,-0.0196,-0.4947,-0.5667,150.0045,1.4295,,,106.3,-3.23
111,00h 01m 51s,2.152,False,True,-0.0106,2.8542,50.0023,-0.0023,-0.4552,-0.5216,49.9896,2.399,50.0,0.0,-0.4748,-0.5441,99.9873,1.9242,50.0196,-0.0196,-0.4947,-0.5667,150.0045,1.4295,,,106.3,-3.23
112,00h 01m 52s,2.152,False,True,-0.0106,2.8542,50.0023,-0.0023,-0.4552,-0.5216,49.9896,2.399,50.0,0.0,-0.4748,-0.5441,99.9873,1.9242,50.0196,-0.0196,-0.4947,-0.5667,150.0045,1.4295,,,106.3,-3.23
113,00h 01m 53s,2.152,False,True,-0.0106,2.8542,50.0023,-0.0023,-0.4552,-0.5216,49.9896,2.399,50.0,0.0,-0.4748,-0.5441,99.9873,1.9242,50.0196,-0.0196,-0.4947,-0.5667,150.0045,1.4295,,,106.3,-3.23
114,00h 01m 54s,2.152,False,True,-0.0106,2.8542,50.0023,-0.0023,-0.4552,-0.5216,49.9896,2.399,50.0,0.0,-0.4748,-0.5441,99.9873,1.9242,50.0196,-0.0196,-0.4947,-0.5667,150.0045,1.4295,,,106.3,-3.23
115,00h 01m 55s,2.152,False,True,-0.0106,2.8542,50.0023,-0.0023,-0.4552,-0.5216,49.9896,2.399,50.0,0.0,-0.4748,-0.5441,99.9873,1.9242,50.0196,-0.0196,-0.4947,-0.5667,150.0045,1.4295,,,106.3,-3.23
116,00h 01m 56s,2.152,False,True,-0.0106,2.8542,50.0023,-0.0023,-0.4552,-0.5216,49.9896,2.399,50.0,0.0,-0.4748,-0.5441,99.9873,1.9242,50.0196,-0.0196,-0.4947,-0.5667,150.0045,1.4295,,,106.3,-3.23
117,00h 01m 57s,2.152,False,True,-0.0106,2.8542,50.0023,-0.0023,-0.4552,-0.5216,49.9896,2.399,50.0,0.0,-0.4748,-0.5441,99.9873,1.9242,50.0196,-0.0196,-0.4947,-0.5667,150.0045,1.4295,,,106.3,-3.23
118,00h 01m 58s,2.152,False,True,-0.0106,2.8542,50.0023,-0.0023,-0.4552,-0.5216,49.9896,2.399,50.0,0.0,-0.4748,-0.5441,99.9873,1.9242,50.0196,-0.0196,-0.4947,-0.5667,150.0045,1.4295,,,106.3,-3.23
119,00h 01m 59s,2.152,False,True,-0.0106,2.8542,50.0023,-0.0023,-0.4552,-0.5216,49.9896,2.399,50.0,0.0,-0.4748,-0.5441,99.9873,1.9242,50.0196,-0.0196,-0.4947,-0.5667,150.0045,1.4295,,,106.3,-3.23
120,00h 02m 00s,2.164,False,True,-0.0101,2.9029,50.0023,-0.0023,-0.4957,-0.568,49.9897,2.4071,50.0,0.0,-0.4911,-0.5627,99.9873,1.9161,50.0196,-0.0196,-0.4866,-0.5574,150.0045,1.4295,,,106.5,-3.23
121,00h 02m 01s,2.176,False,True,-0.0107,2.9514,50.0034,-0.0034,-0.5361,-0.6143,49.9897,2.4152,50.0,0.0,-0.5072,-0.5812,99.9872,1.908,50.0196,-0.0196,-0.4785,-0.5482,150.0045,1.4295,,,106.7,-3.23
122,00h 02m 02s,2.188,False,True,-0.0101,2.9992,50.0033,-0.0033,-0.576,-0.66,49.9898,2.4232,50.0,0.0,-0.5231,-0.5995,99.9871,1.9,50.0196,-0.0196,-0.4706,-0.539,150.0045,1.4295,,,106.9,-3.23
123,00h 02m 03s,2.2,False,True,-0.0092,3.0475,50.0029,-0.0029,-0.6163,-0.7062,49.9899,2.4313,50.0,0.0,-0.5393,-0.618,99.987,1.892,50.0196,-0.0196,-0.4625,-0.5298,150.0045,1.4295,,,107.2,-3.23
124,00h 02m 04s,2.231,False,True,-0.0085,3.0957,50.0014,-0.0014,-0.6189,-0.7092,49.9891,2.4768,50.0,0.0,-0.5553,-0.6364,99.986,1.9214,50.0209,-0.0209,-0.492,-0.5635,150.0045,1.4295,,,109.7,-3.23
125,00h 02m 05s,2.262,False,True,-0.008,3.1445,50.0008,-0.0008,-0.6221,-0.7129,49.9889,2.5224,50.0,0.0,-0.5716,-0.655,99.9856,1.9508,50.0216,-0.0216,-0.5213,-0.5972,150.0045,1.4295,,,111.7,-3.23
126,00h 02m 06s,2.293,False,True,-0.0077,3.1925,50.0005,-0.0005,-0.6247,-0.7158,49.9889,2.5679,50.0,0.0,-0.5876,-0.6734,99.9855,1.9803,50.0221,-0.0221,-0.5508,-0.6309,150.0045,1.4295,,,113.4,-3.23
127,00h 02m 07s,2.323,False,True,-0.006,3.2405,49.9997,0.0003,-0.6272,-0.7187,49.9898,2.6133,50.0,0.0,-0.6036,-0.6917,99.9861,2.0097,50.0218,-0.0218,-0.5803,-0.6647,150.0045,1.4295,,,114.3,-2.15
128,00h 02m 08s,2.354,False,True,-0.0055,3.2884,49.9999,0.0001,-0.6296,-0.7215,49.9904,2.6588,50.0,0.0,-0.6196,-0.71,99.9866,2.0392,50.0216,-0.0216,-0.6098,-0.6985,150.0045,1.4295,,,115.4,-2.15
129,00h 02m 09s,2.385,False,True,-0.0058,3.3371,50.0004,-0.0004,-0.6327,-0.7251,49.9906,2.7044,50.0,0.0,-0.6358,-0.7286,99.9866,2.0686,50.022,-0.022,-0.6391,-0.7321,150.0045,1.4295,,,116.9,-2.15
130,00h 02m 10s,2.416,False,True,-0.0051,3.3855,50.0002,-0.0002,-0.6356,-0.7284,49.991,2.7499,50.0,0.0,-0.6519,-0.7471,99.9867,2.098,50.0222,-0.0222,-0.6685,-0.7658,150.0045,1.4295,,,118.3,-2.15
131,00h 02m 11s,2.446,False,True,-0.0037,3.4334,49.9997,0.0003,-0.638,-0.7312,49.9919,2.7954,50.0,0.0,-0.6679,-0.7654,99.9874,2.1275,50.0219,-0.0219,-0.698,-0.7995,150.0045,1.4295,,,119.1,-2.15
132,00h 02m 12s,2.477,False,True,-0.0031,3.4815,49.9998,0.0002,-0.6407,-0.7342,49.9926,2.8408,50.0,0.0,-0.6839,-0.7837,99.988,2.1569,50.0218,-0.0218,-0.7275,-0.8333,150.0045,1.4295,,,120.1,-2.15
133,00h 02m 13s,2.508,False,True,-0.0017,3.5299,49.9995,0.0005,-0.6436,-0.7375,49.9937,2.8864,50.0,0.0,-0.7001,-0.8022,99.9888,2.1863,50.0214,-0.0214,-0.7569,-0.867,150.0045,1.4295,,,120.8,-2.15
134,00h 02m 14s,2.539,False,True,-0.001,3.5782,49.9998,0.0002,-0.6463,-0.7406,49.9946,2.9319,50.0,0.0,-0.7161,-0.8207,99.9894,2.2158,50.0213,-0.0213,-0.7863,-0.9007,150.0045,1.4295,,,121.7,-2.15
135,00h 02m 15s,2.57,False,True,-0.0,3.6268,49.9997,0.0003,-0.6494,-0.7442,49.9955,2.9775,50.0,0.0,-0.7324,-0.8393,99.9901,2.2451,50.0211,-0.0211,-0.8157,-0.9343,150.0045,1.4295,,,122.6,-2.15
136,00h 02m 16s,2.6,False,True,0.0003,3.6749,50.0,0.0,-0.652,-0.7471,49.9961,3.023,50.0,0.0,-0.7484,-0.8576,99.9905,2.2746,50.0212,-0.0212,-0.8451,-0.9681,150.0045,1.4295,,,123.7,-2.15
137,00h 02m 17s,2.631,False,True,0.0014,3.7236,49.9998,0.0002,-0.6551,-0.7507,49.9969,3.0685,50.0,0.0,-0.7646,-0.8762,99.991,2.3039,50.0211,-0.0211,-0.8745,-1.0017,150.0045,1.4295,,,124.6,-2.15
138,00h 02m 18s,2.662,False,True,0.0018,3.7721,50.0,0.0,-0.658,-0.754,49.9975,3.1141,50.0,0.0,-0.7808,-0.8947,99.9914,2.3333,50.0213,-0.0213,-0.9039,-1.0354,150.0045,1.4295,,,125.8,-1.32
139,00h 02m 19s,2.693,False,True,0.0022,3.8202,50.0001,-0.0001,-0.6606,-0.7571,49.998,3.1596,50.0,0.0,-0.7968,-0.9131,99.9916,2.3628,50.0216,-0.0216,-0.9333,-1.0691,150.0045,1.4295,,,127.0,-1.32
140,00h 02m 20s,2.705,False,True,0.0029,3.8682,50.0001,-0.0001,-0.7006,-0.8029,49.9981,3.1676,50.0,0.0,-0.8128,-0.9314,99.9915,2.3548,50.0216,-0.0216,-0.9253,-1.0599,150.0045,1.4295,,,127.2,-1.32
141,00h 02m 21s,2.717,False,True,0.0046,3.9164,49.9991,0.0009,-0.7408,-0.8489,49.9982,3.1756,50.0,0.0,-0.8289,-0.9499,99.9914,2.3467,50.0215,-0.0215,-0.9173,-1.0507,150.0045,1.4295,,,127.4,-1.32
142,00h 02m 22s,2.729,False,True,0.0046,3.9648,49.9999,0.0001,-0.7811,-0.8952,49.9984,3.1837,50.0,0.0,-0.845,-0.9683,99.9912,2.3387,50.0215,-0.0215,-0.9092,-1.0415,150.0045,1.4295,,,127.6,-1.32
143,00h 02m 23s,2.741,False,True,0.0055,4.0133,49.9997,0.0003,-0.8215,-0.9415,49.9985,3.1918,50.0,0.0,-0.8612,-0.9869,99.9911,2.3306,50.0215,-0.0215,-0.9011,-1.0322,150.0045,1.4295,,,127.7,-1.32
144,00h 02m 24s,2.753,False,True,0.0057,4.0619,50.0004,-0.0004,-0.8621,-0.9879,49.9987,3.1999,50.0,0.0,-0.8774,-1.0054,99.991,2.3225,50.0215,-0.0215,-0.893,-1.023,150.0045,1.4295,,,127.9,-1.32
145,00h 02m 25s,2.765,False,True,0.0064,4.1099,50.0005,-0.0005,-0.902,-1.0337,49.9988,3.2078,50.0,0.0,-0.8933,-1.0237,99.9908,2.3145,50.0215,-0.0215,-0.8851,-1.0138,150.0045,1.4295,,,128.1,-1.32
146,00h 02m 26s,2.778,False,True,0.0066,4.1582,50.0012,-0.0012,-0.9423,-1.0799,49.9989,3.2159,50.0,0.0,-0.9094,-1.0422,99.9907,2.3065,50.0215,-0.0215,-0.877,-1.0046,150.0045,1.4295,,,128.2,-1.32
147,00h 02m 27s,2.79,False,True,0.0075,4.2064,50.0012,-0.0012,-0.9825,-1.1259,49.9991,3.2239,50.0,0.0,-0.9255,-1.0606,99.9905,2.2984,50.0215,-0.0215,-0.869,-0.9954,150.0045,1.4295,,,128.4,-1.32
148,00h 02m 28s,2.802,False,True,0.0078,4.2551,50.0019,-0.0019,-1.0231,-1.1724,49.9992,3.232,50.0,0.0,-0.9417,-1.0792,99.9904,2.2903,50.0215,-0.0215,-0.8609,-0.9861,150.0045,1.4295,,,128.6,-1.32
149,00h 02m 29s,2.832,False,True,0.0091,4.303,50.0008,-0.0008,-1.0255,-1.1751,49.9994,3.2775,50.0,0.0,-0.9577,-1.0975,99.9902,2.3198,50.0222,-0.0222,-0.8904,-1.0199,150.0045,1.4295,,,130.2,-1.32
150,00h 02m 30s,2.851,False,True,0.0091,4.303,50.0004,-0.0004,-0.988,-1.1322,49.9997,3.315,50.0,0.0,-0.9577,-1.0975,99.9905,2.3573,50.0226,-0.0226,-0.9278,-1.0628,150.0045,1.4295,,,131.3,-1.32
151,00h 02m 31s,2.87,False,True,0.0091,4.303,50.0002,-0.0002,-0.9505,-1.0893,50.0002,3.3525,50.0,0.0,-0.9577,-1.0975,99.991,2.3948,50.0228,-0.0228,-0.9653,-1.1057,150.0045,1.4295,,,132.2,-1.32
152,00h 02m 32s,2.889,False,True,0.0091,4.303,50.0001,-0.0001,-0.913,-1.0463,50.0008,3.3899,50.0,0.0,-0.9577,-1.0975,99.9916,2.4323,50.0229,-0.0229,-1.0028,-1.1487,150.0045,1.4295,,,133.1,-1.32
153,00h 02m 33s,2.907,False,True,0.0091,4.303,50.0,0.0,-0.8756,-1.0034,50.0014,3.4274,50.0,0.0,-0.9577,-1.0975,99.9923,2.4697,50.0231,-0.0231,-1.0403,-1.1916,150.0045,1.4295,,,133.9,-1.32
154,00h 02m 34s,2.926,False,True,0.0091,4.303,50.0,0.0,-0.8381,-0.9604,50.0021,3.4649,50.0,0.0,-0.9577,-1.0975,99.9929,2.5072,50.0232,-0.0232,-1.0777,-1.2345,150.0045,1.4295,,,134.7,-1.32
155,00h 02m 35s,2.926,False,True,0.0091,4.303,50.0,0.0,-0.8381,-0.9604,50.0021,3.4649,50.0,0.0,-0.9577,-1.0975,99.9929,2.5072,50.0232,-0.0232,-1.0777,-1.2345,150.0045,1.4295,,,134.7,-1.32
156,00h 02m 36s,2.926,False,True,0.0091,4.303,50.0,0.0,-0.8381,-0.9604,50.0021,3.4649,50.0,0.0,-0.9577,-1.0975,99.9929,2.5072,50.0232,-0.0232,-1.0777,-1.2345,150.0045,1.4295,,,134.7,-1.32
157,00h 02m 37s,2.926,False,True,0.0091,4.303,50.0,0.0,-0.8381,-0.9604,50.0021,3.4649,50.0,0.0,-0.9577,-1.0975,99.9929,2.5072,50.0232,-0.0232,-1.0777,-1.2345,150.0045,1.4295,,,134.7,-1.32
158,00h 02m 38s,2.926,False,True,0.0091,4.303,50.0,0.0,-0.8381,-0.9604,50.0021,3.4649,50.0,0.0,-0.9577,-1.0975,99.9929,2.5072,50.0232,-0.0232,-1.0777,-1.2345,150.0045,1.4295,,,134.7,-1.32
159,00h 02m 39s,2.926,False,True,0.0091,4.303,50.0,0.0,-0.8381,-0.9604,50.0021,3.4649,50.0,0.0,-0.9577,-1.0975,99.9929,2.5072,50.0232,-0.0232,-1.0777,-1.2345,150.0045,1.4295,,,134.7,-1.32
160,00h 02m 40s,2.926,False,True,0.0091,4.303,50.0,0.0,-0.8381,-0.9604,50.0021,3.4649,50.0,0.0,-0.9577,-1.0975,99.9929,2.5072,50.0232,-0.0232,-1.0777,-1.2345,150.0045,1.4295,,,134.7,-1.32
161,00h 02m 41s,2.926,False,True,0.0091,4.303,50.0,0.0,-0.8381,-0.9604,50.0021,3.4649,50.0,0.0,-0.9577,-1.0975,99.9929,2.5072,50.0232,-0.0232,-1.0777,-1.2345,150.0045,1.4295,,,134.7,-1.32
162,00h 02m 42s,2.926,False,True,0.0091,4.303,50.0,0.0,-0.8381,-0.9604,50.0021,3.4649,50.0,0.0,-0.9577,-1.0975,99.9929,2.5072,50.0232,-0.0232,-1.0777,-1.2345,150.0045,1.4295,,,134.7,-1.32
163,00h 02m 43s,2.926,False,True,0.0091,4.303,50.0,0.0,-0.8381,-0.9604,50.0021,3.4649,50.0,0.0,-0.9577,-1.0975,99.9929,2.5072,50.0232,-0.0232,-1.0777,-1.2345,150.0045,1.4295,,,134.7,-1.32
164,00h 02m 44s,2.926,False,True,0.0091,4.303,50.0,0.0,-0.8381,-0.9604,50.0021,3.4649,50.0,0.0,-0.9577,-1.0975,99.9929,2.5072,50.0232,-0.0232,-1.0777,-1.2345,150.0045,1.4295,,,134.7,-1.32
165,00h 02m 45s,2.926,False,True,0.0091,4.303,50.0,0.0,-0.8381,-0.9604,50.0021,3.4649,50.0,0.0,-0.9577,-1.0975,99.9929,2.5072,50.0232,-0.0232,-1.0777,-1.2345,150.0045,1.4295,,,134.7,-1.32
166,00h 02m 46s,2.926,False,True,0.0091,4.303,50.0,0.0,-0.8381,-0.9604,50.0021,3.4649,50.0,0.0,-0.9577,-1.0975,99.9929,2.5072,50.0232,-0.0232,-1.0777,-1.2345,150.0045,1.4295,,,134.7,-1.32
167,00h 02m 47s,2.926,False,True,0.0091,4.303,50.0,0.0,-0.8381,-0.9604,50.0021,3.4649,50.0,0.0,-0.9577,-1.0975,99.9929,2.5072,50.0232,-0.0232,-1.0777,-1.2345,150.0045,1.4295,,,134.7,-1.32
168,00h 02m 48s,2.926,False,True,0.0091,4.303,50.0,0.0,-0.8381,-0.9604,50.0021,3.4649,50.0,0.0,-0.9577,-1.0975,99.9929,2.5072,50.0232,-0.0232,-1.0777,-1.2345,150.0045,1.4295,,,134.7,-1.32
169,00h 02m 49s,2.926,False,True,0.0091,4.303,50.0,0.0,-0.8381,-0.9604,50.0021,3.4649,50.0,0.0,-0.9577,-1.0975,99.9929,2.5072,50.0232,-0.0232,-1.0777,-1.2345,150.0045,1.4295,,,134.7,-1.32
170,00h 02m 50s,2.926,False,True,0.0091,4.303,50.0,0.0,-0.8381,-0.9604,50.0021,3.4649,50.0,0.0,-0.9577,-1.0975,99.9929,2.5072,50.0232,-0.0232,-1.0777,-1.2345,150.0045,1.4295,,,134.7,-1.32
171,00h 02m 51s,2.926,False,True,0.0091,4.303,50.0,0.0,-0.8381,-0.9604,50.0021,3.4649,50.0,0.0,-0.9577,-1.0975,99.9929,2.5072,50.0232,-0.0232,-1.0777,-1.2345,150.0045,1.4295,,,134.7,-1.32
172,00h 02m 52s,2.926,False,True,0.0091,4.303,50.0,0.0,-0.8381,-0.9604,50.0021,3.4649,50.0,0.0,-0.9577,-1.0975,99.9929,2.5072,50.0232,-0.0232,-1.0777,-1.2345,150.0045,1.4295,,,134.7,-1.32
173,00h 02m 53s,2.926,False,True,0.0091,4.303,50.0,0.0,-0.8381,-0.9604,50.0021,3.4649,50.0,0.0,-0.9577,-1.0975,99.9929,2.5072,50.0232,-0.0232,-1.0777,-1.2345,150.0045,1.4295,,,134.7,-1.32
174,00h 02m 54s,2.926,False,True,0.0091,4.303,50.0,0.0,-0.8381,-0.9604,50.0021,3.4649,50.0,0.0,-0.9577,-1.0975,99.9929,2.5072,50.0232,-0.0232,-1.0777,-1.2345,150.0045,1.4295,,,134.7,-1.32
175,00h 02m 55s,2.926,False,True,0.0091,4.303,50.0,0.0,-0.8381,-0.9604,50.0021,3.4649,50.0,0.0,-0.9577,-1.0975,99.9929,2.5072,50.0232,-0.0232,-1.0777,-1.2345,150.0045,1.4295,,,134.7,-1.32
176,00h 02m 56s,2.926,False,True,0.0091,4.303,50.0,0.0,-0.8381,-0.9604,50.0021,3.4649,50.0,0.0,-0.9577,-1.0975,99.9929,2.5072,50.0232,-0.0232,-1.0777,-1.2345,150.0045,1.4295,,,134.7,-1.32
177,00h 02m 57s,2.926,False,True,0.0091,4.303,50.0,0.0,-0.8381,-0.9604,50.0021,3.4649,50.0,0.0,-0.9577,-1.0975,99.9929,2.5072,50.0232,-0.0232,-1.0777,-1.2345,150.0045,1.4295,,,134.7,-1.32
178,00h 02m 58s,2.926,False,True,0.0091,4.303,50.0,0.0,-0.8381,-0.9604,50.0021,3.4649,50.0,0.0,-0.9577,-1.0975,99.9929,2.5072,50.0232,-0.0232,-1.0777,-1.2345,150.0045,1.4295,,,134.7,-1.32
179,00h 02m 59s,2.926,False,True,0.0091,4.303,50.0,0.0,-0.8381,-0.9604,50.0021,3.4649,50.0,0.0,-0.9577,-1.0975,99.9929,2.5072,50.0232,-0.0232,-1.0777,-1.2345,150.0045,1.4295,,,134.7,-1.32
180,00h 03m 00s,2.938,False,True,0.0105,4.3516,49.9994,0.0006,-0.8786,-1.0068,50.0022,3.473,50.0,0.0,-0.9739,-1.1161,99.9927,2.4991,50.0232,-0.0232,-1.0696,-1.2252,150.0045,1.4295,,,134.8,-1.32
181,00h 03m 01s,2.95,False,True,0.0112,4.3997,49.9996,0.0004,-0.9187,-1.0528,50.0024,3.481,50.0,0.0,-0.9899,-1.1345,99.9926,2.4911,50.0232,-0.0232,-1.0616,-1.216,150.0045,1.4295,,,135.0,-1.32
182,00h 03m 02s,2.962,False,True,0.0117,4.4477,50.0,0.0,-0.9587,-1.0986,50.0025,3.489,50.0,0.0,-1.0059,-1.1528,99.9924,2.4831,50.0232,-0.0232,-1.0536,-1.2069,150.0045,1.4295,,,135.1,-1.32
183,00h 03m 03s,2.975,False,True,0.0131,4.4965,49.9996,0.0004,-0.9994,-1.1453,50.0027,3.4971,50.0,0.0,-1.0222,-1.1714,99.9922,2.4749,50.0232,-0.0232,-1.0455,-1.1976,150.0045,1.4295,,,135.3,-1.32
184,00h 03m 04s,2.987,False,True,0.0148,4.5453,49.9989,0.0011,-1.04,-1.1919,50.0029,3.5053,50.0,0.0,-1.0385,-1.1901,99.9921,2.4668,50.0232,-0.0232,-1.0374,-1.1883,150.0045,1.4295,,,135.4,-1.32
185,00h 03m 05s,2.999,False,True,0.0164,4.5934,49.9983,0.0017,-1.0801,-1.2379,50.003,3.5133,50.0,0.0,-1.0545,-1.2085,99.9919,2.4588,50.0232,-0.0232,-1.0293,-1.1791,150.0045,1.4295,,,135.6,-1.32
186,00h 03m 06s,3.011,False,True,0.0177,4.6419,49.9981,0.0019,-1.1206,-1.2842,50.0032,3.5214,50.0,0.0,-1.0707,-1.227,99.9917,2.4507,50.0232,-0.0232,-1.0212,-1.1698,150.0045,1.4295,,,135.7,-1.32
187,00h 03m 07s,3.023,False,True,0.019,4.69,49.9979,0.0021,-1.1606,-1.3301,50.0034,3.5294,50.0,0.0,-1.0867,-1.2454,99.9916,2.4427,50.0232,-0.0232,-1.0132,-1.1606,150.0045,1.4295,,,135.8,-1.32
188,00h 03m 08s,3.054,False,True,0.0206,4.7384,49.9987,0.0013,-1.1635,-1.3334,50.0057,3.5749,50.0,0.0,-1.1028,-1.2638,99.9936,2.4721,50.0218,-0.0218,-1.0426,-1.1943,150.0045,1.4295,,,135.2,-1.32
189,00h 03m 09s,3.085,False,True,0.0208,4.7871,49.9998,0.0002,-1.1667,-1.337,50.007,3.6205,50.0,0.0,-1.1191,-1.2825,99.9944,2.5014,50.0216,-0.0216,-1.0719,-1.2279,150.0045,1.4295,,,135.8,-1.13
190,00h 03m 10s,3.115,False,True,0.0216,4.8353,50.0,0.0,-1.1693,-1.3401,50.008,3.6659,50.0,0.0,-1.1351,-1.3009,99.9951,2.5308,50.0216,-0.0216,-1.1014,-1.2616,150.0045,1.4295,,,136.5,-1.13
191,00h 03m 11s,3.146,False,True,0.0232,4.884,49.9998,0.0002,-1.1725,-1.3437,50.0092,3.7115,50.0,0.0,-1.1514,-1.3195,99.996,2.5602,50.0213,-0.0213,-1.1307,-1.2953,150.0045,1.4295,,,137.0,-1.13
192,00h 03m 12s,3.177,False,True,0.0241,4.9318,50.0,0.0,-1.1749,-1.3464,50.0103,3.757,50.0,0.0,-1.1673,-1.3377,99.9967,2.5897,50.0213,-0.0213,-1.1602,-1.3291,150.0045,1.4295,,,137.7,-1.13
193,00h 03m 13s,3.208,False,True,0.0251,4.9803,50.0001,-0.0001,-1.1778,-1.3498,50.0113,3.8025,50.0,0.0,-1.1835,-1.3563,99.9973,2.619,50.0214,-0.0214,-1.1896,-1.3627,150.0045,1.4295,,,138.4,-1.13
194,00h 03m 14s,3.239,False,True,0.0264,5.0291,50.0,0.0,-1.181,-1.3534,50.0124,3.8481,50.0,0.0,-1.1997,-1.3749,99.998,2.6484,50.0214,-0.0214,-1.2189,-1.3963,150.0045,1.4295,,,139.1,-1.13
195,00h 03m 15s,3.27,False,True,0.0275,5.0779,50.0,0.0,-1.1842,-1.3571,50.0135,3.8937,50.0,0.0,-1.216,-1.3935,99.9987,2.6777,50.0214,-0.0214,-1.2483,-1.4299,150.0045,1.4295,,,139.7,-1.13
196,00h 03m 16s,3.301,False,True,0.0289,5.1265,49.9999,0.0001,-1.1872,-1.3606,50.0147,3.9393,50.0,0.0,-1.2322,-1.4121,99.9995,2.7071,50.0213,-0.0213,-1.2776,-1.4636,150.0045,1.4295,,,140.3,-1.13
197,00h 03m 17s,3.331,False,True,0.0295,5.1746,50.0002,-0.0002,-1.1898,-1.3636,50.0155,3.9847,50.0,0.0,-1.2482,-1.4305,100.0,2.7365,50.0216,-0.0216,-1.3071,-1.4973,150.0045,1.4295,,,141.2,-1.13
198,00h 03m 18s,3.362,False,True,0.0317,5.2223,49.9995,0.0005,-1.1922,-1.3663,50.0171,4.0301,50.0,0.0,-1.2641,-1.4487,100.0011,2.766,50.0213,-0.0213,-1.3366,-1.5311,150.0045,1.4295,,,141.4,-1.13
199,00h 03m 19s,3.393,False,True,0.0327,5.2712,49.9999,0.0001,-1.1954,-1.37,50.0183,4.0758,50.0,0.0,-1.2804,-1.4674,100.0019,2.7954,50.0213,-0.0213,-1.3659,-1.5647,150.0045,1.4295,,,141.9,-1.13
200,00h 03m 20s,3.424,False,True,0.0346,5.3198,49.9996,0.0004,-1.1985,-1.3735,50.0198,4.1213,50.0,0.0,-1.2966,-1.486,100.003,2.8247,50.021,-0.021,-1.3952,-1.5984,150.0045,1.4295,,,142.1,-0.73
201,00h 03m 21s,3.455,False,True,0.0359,5.3681,49.9997,0.0003,-1.2013,-1.3767,50.0212,4.1668,50.0,0.0,-1.3127,-1.5044,100.004,2.8541,50.0208,-0.0208,-1.4247,-1.6321,150.0045,1.4295,,,142.5,-0.73
202,00h 03m 22s,3.485,False,True,0.0374,5.4165,49.9997,0.0003,-1.2041,-1.38,50.0226,4.2123,50.0,0.0,-1.3288,-1.5229,100.005,2.8835,50.0207,-0.0207,-1.454,-1.6658,150.0045,1.4295,,,142.8,-0.73
203,00h 03m 23s,3.516,False,True,0.0382,5.4647,50.0001,-0.0001,-1.2069,-1.3831,50.0237,4.2578,50.0,0.0,-1.3449,-1.5413,100.0056,2.9129,50.0209,-0.0209,-1.4835,-1.6995,150.0045,1.4295,,,143.5,-0.73
204,00h 03m 24s,3.528,False,True,0.0405,5.5129,49.999,0.001,-1.247,-1.4292,50.0239,4.2659,50.0,0.0,-1.361,-1.5597,100.0054,2.9049,50.0209,-0.0209,-1.4754,-1.6903,150.0045,1.4295,,,143.6,-0.73
205,00h 03m 25s,3.54,False,True,0.0405,5.561,50.0002,-0.0002,-1.2871,-1.4751,50.0241,4.2739,50.0,0.0,-1.377,-1.5781,100.0052,2.8969,50.0209,-0.0209,-1.4674,-1.6811,150.0045,1.4295,,,143.7,-0.73
206,00h 03m 26s,3.553,False,True,0.0425,5.6098,49.9995,0.0005,-1.3278,-1.5218,50.0244,4.282,50.0,0.0,-1.3933,-1.5968,100.0049,2.8888,50.0209,-0.0209,-1.4593,-1.6718,150.0045,1.4295,,,143.8,-0.73
207,00h 03m 27s,3.565,False,True,0.044,5.6578,49.9993,0.0007,-1.3678,-1.5676,50.0246,4.29,50.0,0.0,-1.4092,-1.6151,100.0047,2.8808,50.0208,-0.0208,-1.4513,-1.6626,150.0045,1.4295,,,143.8,-0.73
208,00h 03m 28s,3.577,False,True,0.0452,5.7061,49.9994,0.0006,-1.408,-1.6137,50.0248,4.2981,50.0,0.0,-1.4253,-1.6335,100.0045,2.8727,50.0208,-0.0208,-1.4433,-1.6534,150.0045,1.4295,,,143.9,-0.73
209,00h 03m 29s,3.589,False,True,0.0464,5.7546,49.9996,0.0004,-1.4485,-1.6601,50.025,4.3062,50.0,0.0,-1.4415,-1.6521,100.0043,2.8646,50.0208,-0.0208,-1.4352,-1.6441,150.0045,1.4295,,,144.0,-0.73
210,00h 03m 30s,3.589,False,True,0.0464,5.7546,49.9996,0.0004,-1.4485,-1.6601,50.025,4.3062,50.0,0.0,-1.4415,-1.6521,100.0043,2.8646,50.0208,-0.0208,-1.4352,-1.6441,150.0045,1.4295,,,144.0,-0.73
211,00h 03m 31s,3.589,False,True,0.0464,5.7546,49.9996,0.0004,-1.4485,-1.6601,50.025,4.3062,50.0,0.0,-1.4415,-1.6521,100.0043,2.8646,50.0208,-0.0208,-1.4352,-1.6441,150.0045,1.4295,,,144.0,-0.73
212,00h 03m 32s,3.589,False,True,0.0464,5.7546,49.9996,0.0004,-1.4485,-1.6601,50.025,4.3062,50.0,0.0,-1.4415,-1.6521,100.0043,2.8646,50.0208,-0.0208,-1.4352,-1.6441,150.0045,1.4295,,,144.0,-0.73
213,00h 03m 33s,3.589,False,True,0.0464,5.7546,49.9996,0.0004,-1.4485,-1.6601,50.025,4.3062,50.0,0.0,-1.4415,-1.6521,100.0043,2.8646,50.0208,-0.0208,-1.4352,-1.6441,150.0045,1.4295,,,144.0,-0.73
214,00h 03m 34s,3.589,False,True,0.0464,5.7546,49.9996,0.0004,-1.4485,-1.6601,50.025,4.3062,50.0,0.0,-1.4415,-1.6521,100.0043,2.8646,50.0208,-0.0208,-1.4352,-1.6441,150.0045,1.4295,,,144.0,-0.73
215,00h 03m 35s,3.589,False,True,0.0464,5.7546,49.9996,0.0004,-1.4485,-1.6601,50.025,4.3062,50.0,0.0,-1.4415,-1.6521,100.0043,2.8646,50.0208,-0.0208,-1.4352,-1.6441,150.0045,1.4295,,,144.0,-0.73
216,00h 03m 36s,3.589,False,True,0.0464,5.7546,49.9996,0.0004,-1.4485,-1.6601,50.025,4.3062,50.0,0.0,-1.4415,-1.6521,100.0043,2.8646,50.0208,-0.0208,-1.4352,-1.6441,150.0045,1.4295,,,144.0,-0.73
217,00h 03m 37s,3.589,False,True,0.0464,5.7546,49.9996,0.0004,-1.4485,-1.6601,50.025,4.3062,50.0,0.0,-1.4415,-1.6521,100.0043,2.8646,50.0208,-0.0208,-1.4352,-1.6441,150.0045,1.4295,,,144.0,-0.73
218,00h 03m 38s,3.589,False,True,0.0464,5.7546,49.9996,0.0004,-1.4485,-1.6601,50.025,4.3062,50.0,0.0,-1.4415,-1.6521,100.0043,2.8646,50.0208,-0.0208,-1.4352,-1.6441,150.0045,1.4295,,,144.0,-0.73
219,00h 03m 39s,3.589,False,True,0.0464,5.7546,49.9996,0.0004,-1.4485,-1.6601,50.025,4.3062,50.0,0.0,-1.4415,-1.6521,100.0043,2.8646,50.0208,-0.0208,-1.4352,-1.6441,150.0045,1.4295,,,144.0,-0.73
220,00h 03m 40s,3.589,False,True,0.0464,5.7546,49.9996,0.0004,-1.4485,-1.6601,50.025,4.3062,50.0,0.0,-1.4415,-1.6521,100.0043,2.8646,50.0208,-0.0208,-1.4352,-1.6441,150.0045,1.4295,,,144.0,-0.73
221,00h 03m 41s,3.589,False,True,0.0464,5.7546,49.9996,0.0004,-1.4485,-1.6601,50.025,4.3062,50.0,0.0,-1.4415,-1.6521,100.0043,2.8646,50.0208,-0.0208,-1.4352,-1.6441,150.0045,1.4295,,,144.0,-0.73
222,00h 03m 42s,3.589,False,True,0.0464,5.7546,49.9996,0.0004,-1.4485,-1.6601,50.025,4.3062,50.0,0.0,-1.4415,-1.6521,100.0043,2.8646,50.0208,-0.0208,-1.4352,-1.6441,150.0045,1.4295,,,144.0,-0.73
223,00h 03m 43s,3.589,False,True,0.0464,5.7546,49.9996,0.0004,-1.4485,-1.6601,50.025,4.3062,50.0,0.0,-1.4415,-1.6521,100.0043,2.8646,50.0208,-0.0208,-1.4352,-1.6441,150.0045,1.4295,,,144.0,-0.73
224,00h 03m 44s,3.589,False,True,0.0464,5.7546,49.9996,0.0004,-1.4485,-1.6601,50.025,4.3062,50.0,0.0,-1.4415,-1.6521,100.0043,2.8646,50.0208,-0.0208,-1.4352,-1.6441,150.0045,1.4295,,,144.0,-0.73
225,00h 03m 45s,3.589,False,True,0.0464,5.7546,49.9996,0.0004,-1.4485,-1.6601,50.025,4.3062,50.0,0.0,-1.4415,-1.6521,100.0043,2.8646,50.0208,-0.0208,-1.4352,-1.6441,150.0045,1.4295,,,144.0,-0.73
226,00h 03m 46s,3.589,False,True,0.0464,5.7546,49.9996,0.0004,-1.4485,-1.6601,50.025,4.3062,50.0,0.0,-1.4415,-1.6521,100.0043,2.8646,50.0208,-0.0208,-1.4352,-1.6441,150.0045,1.4295,,,144.0,-0.73
227,00h 03m 47s,3.589,False,True,0.0464,5.7546,49.9996,0.0004,-1.4485,-1.6601,50.025,4.3062,50.0,0.0,-1.4415,-1.6521,100.0043,2.8646,50.0208,-0.0208,-1.4352,-1.6441,150.0045,1.4295,,,144.0,-0.73
228,00h 03m 48s,3.589,False,True,0.0464,5.7546,49.9996,0.0004,-1.4485,-1.6601,50.025,4.3062,50.0,0.0,-1.4415,-1.6521,100.0043,2.8646,50.0208,-0.0208,-1.4352,-1.6441,150.0045,1.4295,,,144.0,-0.73
229,00h 03m 49s,3.589,False,True,0.0464,5.7546,49.9996,0.0004,-1.4485,-1.6601,50.025,4.3062,50.0,0.0,-1.4415,-1.6521,100.0043,2.8646,50.0208,-0.0208,-1.4352,-1.6441,150.0045,1.4295,,,144.0,-0.73
230,00h 03m 50s,3.589,False,True,0.0464,5.7546,49.9996,0.0004,-1.4485,-1.6601,50.025,4.3062,50.0,0.0,-1.4415,-1.6521,100.0043,2.8646,50.0208,-0.0208,-1.4352,-1.6441,150.0045,1.4295,,,144.0,-0.73
231,00h 03m 51s,3.589,False,True,0.0464,5.7546,49.9996,0.0004,-1.4485,-1.6601,50.025,4.3062,50.0,0.0,-1.4415,-1.6521,100.0043,2.8646,50.0208,-0.0208,-1.4352,-1.6441,150.0045,1.4295,,,144.0,-0.73
232,00h 03m 52s,3.589,False,True,0.0464,5.7546,49.9996,0.0004,-1.4485,-1.6601,50.025,4.3062,50.0,0.0,-1.4415,-1.6521,100.0043,2.8646,50.0208,-0.0208,-1.4352,-1.6441,150.0045,1.4295,,,144.0,-0.73
233,00h 03m 53s,3.589,False,True,0.0464,5.7546,49.9996,0.0004,-1.4485,-1.6601,50.025,4.3062,50.0,0.0,-1.4415,-1.6521,100.0043,2.8646,50.0208,-0.0208,-1.4352,-1.6441,150.0045,1.4295,,,144.0,-0.73
234,00h 03m 54s,3.589,False,True,0.0464,5.7546,49.9996,0.0004,-1.4485,-1.6601,50.025,4.3062,50.0,0.0,-1.4415,-1.6521,100.0043,2.8646,50.0208,-0.0208,-1.4352,-1.6441,150.0045,1.4295,,,144.0,-0.73
235,00h 03m 55s,3.589,False,True,0.0464,5.7546,49.9996,0.0004,-1.4485,-1.6601,50.025,4.3062,50.0,0.0,-1.4415,-1.6521,100.0043,2.8646,50.0208,-0.0208,-1.4352,-1.6441,150.0045,1.4295,,,144.0,-0.73
236,00h 03m 56s,3.589,False,True,0.0464,5.7546,49.9996,0.0004,-1.4485,-1.6601,50.025,4.3062,50.0,0.0,-1.4415,-1.6521,100.0043,2.8646,50.0208,-0.0208,-1.4352,-1.6441,150.0045,1.4295,,,144.0,-0.73
237,00h 03m 57s,3.589,False,True,0.0464,5.7546,49.9996,0.0004,-1.4485,-1.6601,50.025,4.3062,50.0,0.0,-1.4415,-1.6521,100.0043,2.8646,50.0208,-0.0208,-1.4352,-1.6441,150.0045,1.4295,,,144.0,-0.73
238,00h 03m 58s,3.589,False,True,0.0464,5.7546,49.9996,0.0004,-1.4485,-1.6601,50.025,4.3062,50.0,0.0,-1.4415,-1.6521,100.0043,2.8646,50.0208,-0.0208,-1.4352,-1.6441,150.0045,1.4295,,,144.0,-0.73
239,00h 03m 59s,3.589,False,True,0.0464,5.7546,49.9996,0.0004,-1.4485,-1.6601,50.025,4.3062,50.0,0.0,-1.4415,-1.6521,100.0043,2.8646,50.0208,-0.0208,-1.4352,-1.6441,150.0045,1.4295,,,144.0,-0.73
240,00h 04m 00s,3.601,False,True,0.0483,5.8031,49.9992,0.0008,-1.4889,-1.7064,50.0253,4.3142,50.0,0.0,-1.4577,-1.6706,100.004,2.8565,50.0208,-0.0208,-1.4271,-1.6349,150.0045,1.4295,,,144.1,-0.73
241,00h 04m 01s,3.613,False,True,0.0495,5.8516,49.9994,0.0006,-1.5293,-1.7527,50.0255,4.3223,50.0,0.0,-1.4739,-1.6892,100.0038,2.8485,50.0208,-0.0208,-1.419,-1.6256,150.0045,1.4295,,,144.1,-0.73
242,00h 04m 02s,3.625,False,True,0.0518,5.8995,49.9986,0.0014,-1.5692,-1.7986,50.0258,4.3303,50.0,0.0,-1.4898,-1.7075,100.0036,2.8405,50.0209,-0.0209,-1.411,-1.6164,150.0045,1.4295,,,144.2,-0.73
243,00h 04m 03s,3.656,False,True,0.0523,5.9484,49.9998,0.0002,-1.5725,-1.8023,50.0274,4.3759,50.0,0.0,-1.5061,-1.7261,100.0047,2.8698,50.0206,-0.0206,-1.4403,-1.65,150.0045,1.4295,,,144.4,-0.73
244,00h 04m 04s,3.687,False,True,0.0538,5.9967,49.9999,0.0001,-1.5753,-1.8055,50.0289,4.4214,50.0,0.0,-1.5222,-1.7446,100.0057,2.8992,50.0204,-0.0204,-1.4697,-1.6837,150.0045,1.4295,,,144.6,-0.73
245,00h 04m 05s,3.718,False,True,0.0556,6.0454,49.9998,0.0002,-1.5784,-1.8091,50.0305,4.467,50.0,0.0,-1.5384,-1.7632,100.0068,2.9285,50.0201,-0.0201,-1.4991,-1.7174,150.0045,1.4295,,,144.7,-0.73
246,00h 04m 06s,3.748,False,True,0.0578,6.0939,49.9996,0.0004,-1.5814,-1.8125,50.0323,4.5125,50.0,0.0,-1.5546,-1.7818,100.0082,2.9579,50.0197,-0.0197,-1.5284,-1.751,150.0045,1.4295,,,144.6,-0.73
247,00h 04m 07s,3.779,False,True,0.0593,6.1418,49.9998,0.0002,-1.5839,-1.8153,50.034,4.5579,50.0,0.0,-1.5706,-1.8,100.0093,2.9873,50.0194,-0.0194,-1.5579,-1.7848,150.0045,1.4295,,,144.7,-0.73
248,00h 04m 08s,3.81,False,True,0.0612,6.1902,49.9997,0.0003,-1.5868,-1.8186,50.0357,4.6034,50.0,0.0,-1.5867,-1.8185,100.0105,3.0167,50.0191,-0.0191,-1.5873,-1.8185,150.0045,1.4295,,,144.7,-0.73
249,00h 04m 09s,3.841,False,True,0.0639,6.2387,49.9993,0.0007,-1.5898,-1.8221,50.0379,4.649,50.0,0.0,-1.6029,-1.8371,100.0122,3.0461,50.0184,-0.0184,-1.6166,-1.8521,150.0045,1.4295,,,144.3,-0.24
250,00h 04m 10s,3.872,False,True,0.066,6.2871,49.9994,0.0006,-1.5927,-1.8254,50.04,4.6945,50.0,0.0,-1.619,-1.8556,100.0137,3.0754,50.0178,-0.0178,-1.646,-1.8858,150.0045,1.4295,,,144.0,-0.24
251,00h 04m 11s,3.902,False,True,0.0674,6.3349,49.9997,0.0003,-1.595,-1.8281,50.0417,4.7399,50.0,0.0,-1.635,-1.8739,100.015,3.1049,50.0176,-0.0176,-1.6754,-1.9196,150.0045,1.4295,,,144.0,-0.24
252,00h 04m 12s,3.933,False,True,0.0693,6.3831,49.9997,0.0003,-1.5977,-1.8312,50.0435,4.7853,50.0,0.0,-1.651,-1.8923,100.0162,3.1343,50.0174,-0.0174,-1.7049,-1.9533,150.0045,1.4295,,,144.0,-0.24
253,00h 04m 13s,3.964,False,True,0.0714,6.4313,49.9996,0.0004,-1.6004,-1.8343,50.0453,4.8308,50.0,0.0,-1.6671,-1.9107,100.0175,3.1637,50.017,-0.017,-1.7343,-1.9871,150.0045,1.4295,,,143.8,-0.24
254,00h 04m 14s,3.995,False,True,0.0728,6.4795,49.9999,0.0001,-1.6032,-1.8375,50.047,4.8763,50.0,0.0,-1.6832,-1.9291,100.0186,3.1931,50.017,-0.017,-1.7637,-2.0208,150.0045,1.4295,,,144.0,-0.24
255,00h 04m 15s,4.025,False,True,0.0747,6.5273,49.9998,0.0002,-1.6056,-1.8402,50.0487,4.9217,50.0,0.0,-1.6991,-1.9474,100.0198,3.2226,50.0169,-0.0169,-1.7932,-2.0546,150.0045,1.4295,,,144.0,-0.24
256,00h 04m 16s,4.056,False,True,0.0762,6.5759,49.9999,0.0001,-1.6086,-1.8437,50.0502,4.9673,50.0,0.0,-1.7153,-1.966,100.0208,3.252,50.0169,-0.0169,-1.8225,-2.0882,150.0045,1.4295,,,144.2,-0.24
257,00h 04m 17s,4.087,False,True,0.077,6.6242,50.0004,-0.0004,-1.6114,-1.8468,50.0514,5.0128,50.0,0.0,-1.7314,-1.9844,100.0214,3.2814,50.0174,-0.0174,-1.852,-2.1219,150.0045,1.4295,,,144.8,-0.24
258,00h 04m 18s,4.118,False,True,0.0794,6.673,49.9998,0.0002,-1.6146,-1.8506,50.0531,5.0584,50.0,0.0,-1.7477,-2.0031,100.0226,3.3107,50.0173,-0.0173,-1.8813,-2.1555,150.0045,1.4295,,,144.8,-0.24
259,00h 04m 19s,4.13,False,True,0.0813,6.7209,49.9995,0.0005,-1.6545,-1.8963,50.0534,5.0664,50.0,0.0,-1.7636,-2.0214,100.0223,3.3027,50.0173,-0.0173,-1.8733,-2.1464,150.0045,1.4295,,,144.8,-0.24
260,00h 04m 20s,4.142,False,True,0.0831,6.7692,49.9993,0.0007,-1.6948,-1.9425,50.0537,5.0744,50.0,0.0,-1.7797,-2.0399,100.022,3.2947,50.0173,-0.0173,-1.8652,-2.1371,150.0045,1.4295,,,144.9,-0.24
261,00h 04m 21s,4.154,False,True,0.0846,6.8172,49.9994,0.0006,-1.7348,-1.9883,50.054,5.0824,50.0,0.0,-1.7957,-2.0582,100.0217,3.2867,50.0173,-0.0173,-1.8572,-2.128,150.0045,1.4295,,,144.9,-0.24
262,00h 04m 22s,4.166,False,True,0.0862,6.8653,49.9996,0.0004,-1.7749,-2.0343,50.0543,5.0904,50.0,0.0,-1.8118,-2.0766,100.0214,3.2787,50.0173,-0.0173,-1.8492,-2.1188,150.0045,1.4295,,,144.9,-0.24
263,00h 04m 23s,4.178,False,True,0.0886,6.9141,49.9989,0.0011,-1.8155,-2.0809,50.0546,5.0986,50.0,0.0,-1.828,-2.0952,100.0211,3.2706,50.0173,-0.0173,-1.8411,-2.1095,150.0045,1.4295,,,144.9,-0.24
264,00h 04m 24s,4.19,False,True,0.0909,6.9626,49.9984,0.0016,-1.8559,-2.1273,50.0549,5.1066,50.0,0.0,-1.8442,-2.1138,100.0208,3.2625,50.0173,-0.0173,-1.833,-2.1002,150.0045,1.4295,,,144.9,-0.24
265,00h 04m 25s,4.202,False,True,0.0926,7.0105,49.9985,0.0015,-1.8959,-2.1731,50.0551,5.1146,50.0,0.0,-1.8602,-2.1321,100.0205,3.2545,50.0173,-0.0173,-1.825,-2.091,150.0045,1.4295,,,144.9,-0.24
266,00h 04m 26s,4.214,False,True,0.094,7.0593,49.9989,0.0011,-1.9366,-2.2198,50.0555,5.1228,50.0,0.0,-1.8764,-2.1507,100.0202,3.2463,50.0173,-0.0173,-1.8169,-2.0817,150.0045,1.4295,,,144.9,-0.24
267,00h 04m 27s,4.227,False,True,0.0955,7.1075,49.9993,0.0007,-1.9767,-2.2657,50.0558,5.1308,50.0,0.0,-1.8925,-2.1691,100.0199,3.2383,50.0173,-0.0173,-1.8089,-2.0725,150.0045,1.4295,,,145.0,-0.24
268,00h 04m 28s,4.282,False,True,0.0981,7.1555,50.0078,-0.0078,-1.9302,-2.212,50.0687,5.2253,50.0,0.0,-1.9085,-2.1875,100.0323,3.3168,50.0079,-0.0079,-1.8874,-2.163,150.0045,1.4295,,,135.6,0.86
269,00h 04m 29s,4.349,False,True,0.1002,7.2036,50.0075,-0.0075,-1.8919,-2.1682,50.0719,5.3117,50.0,0.0,-1.9081,-2.1871,100.0355,3.4035,50.0075,-0.0075,-1.9249,-2.206,150.006,1.4786,,,135.7,0.86
270,00h 04m 30s,4.393,False,False,0.1002,7.2036,50.0076,-0.0076,-1.8053,-2.0688,50.0753,5.3983,50.0,0.0,-1.9081,-2.1871,100.0388,3.4902,50.0076,-0.0076,-2.0115,-2.3053,150.006,1.4786,,,135.7,0.86
271,00h 04m 31s,4.448,False,True,0.1002,7.2036,50.0073,-0.0073,-1.7267,-1.9787,50.0777,5.4769,50.0,0.0,-1.8918,-2.1683,100.0419,3.5851,50.0073,-0.0073,-2.0574,-2.3579,150.0068,1.5277,,,136.3,0.86
272,00h 04m 32s,4.448,False,False,0.1002,7.2036,50.0073,-0.0073,-1.7267,-1.9787,50.0777,5.4769,50.0,0.0,-1.8918,-2.1683,100.0419,3.5851,50.0073,-0.0073,-2.0574,-2.3579,150.0068,1.5277,,,136.3,0.86
273,00h 04m 33s,4.448,False,False,0.1002,7.2036,50.0073,-0.0073,-1.7267,-1.9787,50.0777,5.4769,50.0,0.0,-1.8918,-2.1683,100.0419,3.5851,50.0073,-0.0073,-2.0574,-2.3579,150.0068,1.5277,,,136.3,0.86
274,00h 04m 34s,4.448,False,True,0.1002,7.2036,50.0073,-0.0073,-1.7267,-1.9787,50.0777,5.4769,50.0,0.0,-1.8918,-2.1683,100.0419,3.5851,50.0073,-0.0073,-2.0574,-2.3579,150.0068,1.5277,,,136.3,0.86
275,00h 04m 35s,4.448,False,True,0.1002,7.2036,50.0073,-0.0073,-1.7267,-1.9787,50.0777,5.4769,50.0,0.0,-1.8918,-2.1683,100.0419,3.5851,50.0073,-0.0073,-2.0574,-2.3579,150.0068,1.5277,,,136.3,0.86
276,00h 04m 36s,4.448,False,True,0.1002,7.2036,50.0073,-0.0073,-1.7267,-1.9787,50.0777,5.4769,50.0,0.0,-1.8918,-2.1683,100.0419,3.5851,50.0073,-0.0073,-2.0574,-2.3579,150.0068,1.5277,,,136.3,0.86
277,00h 04m 37s,4.448,False,True,0.1002,7.2036,50.0073,-0.0073,-1.7267,-1.9787,50.0777,5.4769,50.0,0.0,-1.8918,-2.1683,100.0419,3.5851,50.0073,-0.0073,-2.0574,-2.3579,150.0068,1.5277,,,136.3,0.86
278,00h 04m 38s,4.448,False,True,0.1002,7.2036,50.0073,-0.0073,-1.7267,-1.9787,50.0777,5.4769,50.0,0.0,-1.8918,-2.1683,100.0419,3.5851,50.0073,-0.0073,-2.0574,-2.3579,150.0068,1.5277,,,136.3,0.86
279,00h 04m 39s,4.448,False,True,0.1002,7.2036,50.0073,-0.0073,-1.7267,-1.9787,50.0777,5.4769,50.0,0.0,-1.8918,-2.1683,100.0419,3.5851,50.0073,-0.0073,-2.0574,-2.3579,150.0068,1.5277,,,136.3,0.86
280,00h 04m 40s,4.448,False,True,0.1002,7.2036,50.0073,-0.0073,-1.7267,-1.9787,50.0777,5.4769,50.0,0.0,-1.8918,-2.1683,100.0419,3.5851,50.0073,-0.0073,-2.0574,-2.3579,150.0068,1.5277,,,136.3,0.86
281,00h 04m 41s,4.448,False,True,0.1002,7.2036,50.0073,-0.0073,-1.7267,-1.9787,50.0777,5.4769,50.0,0.0,-1.8918,-2.1683,100.0419,3.5851,50.0073,-0.0073,-2.0574,-2.3579,150.0068,1.5277,,,136.3,0.86
282,00h 04m 42s,4.448,False,True,0.1002,7.2036,50.0073,-0.0073,-1.7267,-1.9787,50.0777,5.4769,50.0,0.0,-1.8918,-2.1683,100.0419,3.5851,50.0073,-0.0073,-2.0574,-2.3579,150.0068,1.5277,,,136.3,0.86
283,00h 04m 43s,4.448,False,True,0.1002,7.2036,50.0073,-0.0073,-1.7267,-1.9787,50.0777,5.4769,50.0,0.0,-1.8918,-2.1683,100.0419,3.5851,50.0073,-0.0073,-2.0574,-2.3579,150.0068,1.5277,,,136.3,0.86
284,00h 04m 44s,4.448,False,True,0.1002,7.2036,50.0073,-0.0073,-1.7267,-1.9787,50.0777,5.4769,50.0,0.0,-1.8918,-2.1683,100.0419,3.5851,50.0073,-0.0073,-2.0574,-2.3579,150.0068,1.5277,,,136.3,0.86
285,00h 04m 45s,4.448,False,True,0.1002,7.2036,50.0073,-0.0073,-1.7267,-1.9787,50.0777,5.4769,50.0,0.0,-1.8918,-2.1683,100.0419,3.5851,50.0073,-0.0073,-2.0574,-2.3579,150.0068,1.5277,,,136.3,0.86
286,00h 04m 46s,4.448,False,True,0.1002,7.2036,50.0073,-0.0073,-1.7267,-1.9787,50.0777,5.4769,50.0,0.0,-1.8918,-2.1683,100.0419,3.5851,50.0073,-0.0073,-2.0574,-2.3579,150.0068,1.5277,,,136.3,0.86
287,00h 04m 47s,4.448,False,True,0.1002,7.2036,50.0073,-0.0073,-1.7267,-1.9787,50.0777,5.4769,50.0,0.0,-1.8918,-2.1683,100.0419,3.5851,50.0073,-0.0073,-2.0574,-2.3579,150.0068,1.5277,,,136.3,0.86
288,00h 04m 48s,4.448,False,True,0.1002,7.2036,50.0073,-0.0073,-1.7267,-1.9787,50.0777,5.4769,50.0,0.0,-1.8918,-2.1683,100.0419,3.5851,50.0073,-0.0073,-2.0574,-2.3579,150.0068,1.5277,,,136.3,0.86
289,00h 04m 49s,4.448,False,True,0.1002,7.2036,50.0073,-0.0073,-1.7267,-1.9787,50.0777,5.4769,50.0,0.0,-1.8918,-2.1683,100.0419,3.5851,50.0073,-0.0073,-2.0574,-2.3579,150.0068,1.5277,,,136.3,0.86
290,00h 04m 50s,4.448,False,True,0.1002,7.2036,50.0073,-0.0073,-1.7267,-1.9787,50.0777,5.4769,50.0,0.0,-1.8918,-2.1683,100.0419,3.5851,50.0073,-0.0073,-2.0574,-2.3579,150.0068,1.5277,,,136.3,0.86
291,00h 04m 51s,4.448,False,True,0.1002,7.2036,50.0073,-0.0073,-1.7267,-1.9787,50.0777,5.4769,50.0,0.0,-1.8918,-2.1683,100.0419,3.5851,50.0073,-0.0073,-2.0574,-2.3579,150.0068,1.5277,,,136.3,0.86
292,00h 04m 52s,4.448,False,True,0.1002,7.2036,50.0073,-0.0073,-1.7267,-1.9787,50.0777,5.4769,50.0,0.0,-1.8918,-2.1683,100.0419,3.5851,50.0073,-0.0073,-2.0574,-2.3579,150.0068,1.5277,,,136.3,0.86
293,00h 04m 53s,4.448,False,True,0.1002,7.2036,50.0073,-0.0073,-1.7267,-1.9787,50.0777,5.4769,50.0,0.0,-1.8918,-2.1683,100.0419,3.5851,50.0073,-0.0073,-2.0574,-2.3579,150.0068,1.5277,,,136.3,0.86
294,00h 04m 54s,4.448,False,True,0.1002,7.2036,50.0073,-0.0073,-1.7267,-1.9787,50.0777,5.4769,50.0,0.0,-1.8918,-2.1683,100.0419,3.5851,50.0073,-0.0073,-2.0574,-2.3579,150.0068,1.5277,,,136.3,0.86
295,00h 04m 55s,4.448,False,True,0.1002,7.2036,50.0073,-0.0073,-1.7267,-1.9787,50.0777,5.4769,50.0,0.0,-1.8918,-2.1683,100.0419,3.5851,50.0073,-0.0073,-2.0574,-2.3579,150.0068,1.5277,,,136.3,0.86
296,00h 04m 56s,4.448,False,True,0.1002,7.2036,50.0073,-0.0073,-1.7267,-1.9787,50.0777,5.4769,50.0,0.0,-1.8918,-2.1683,100.0419,3.5851,50.0073,-0.0073,-2.0574,-2.3579,150.0068,1.5277,,,136.3,0.86
297,00h 04m 57s,4.448,False,True,0.1002,7.2036,50.0073,-0.0073,-1.7267,-1.9787,50.0777,5.4769,50.0,0.0,-1.8918,-2.1683,100.0419,3.5851,50.0073,-0.0073,-2.0574,-2.3579,150.0068,1.5277,,,136.3,0.86
298,00h 04m 58s,4.448,False,True,0.1002,7.2036,50.0073,-0.0073,-1.7267,-1.9787,50.0777,5.4769,50.0,0.0,-1.8918,-2.1683,100.0419,3.5851,50.0073,-0.0073,-2.0574,-2.3579,150.0068,1.5277,,,136.3,0.86
299,00h 04m 59s,4.448,False,True,0.1002,7.2036,50.0073,-0.0073,-1.7267,-1.9787,50.0777,5.4769,50.0,0.0,-1.8918,-2.1683,100.0419,3.5851,50.0073,-0.0073,-2.0574,-2.3579,150.0068,1.5277,,,136.3,0.86
300,00h 05m 00s,4.461,False,True,0.1022,7.2523,50.0071,-0.0071,-1.7673,-2.0253,50.078,5.485,50.0,0.0,-1.908,-2.187,100.0416,3.577,50.0072,-0.0072,-2.0493,-2.3486,150.0068,1.5277,,,136.3,0.86
301,00h 05m 01s,4.473,False,True,0.1035,7.3002,50.0074,-0.0074,-1.8072,-2.0711,50.0783,5.493,50.0,0.0,-1.924,-2.2053,100.0413,3.569,50.0072,-0.0072,-2.0413,-2.3395,150.0068,1.5277,,,136.3,0.86
302,00h 05m 02s,4.484,False,True,0.1058,7.3482,50.0069,-0.0069,-1.8472,-2.1169,50.0786,5.501,50.0,0.0,-1.94,-2.2236,100.041,3.561,50.0072,-0.0072,-2.0333,-2.3303,150.0068,1.5277,,,136.3,0.86
303,00h 05m 03s,4.497,False,True,0.1068,7.3966,50.0078,-0.0078,-1.8875,-2.1631,50.0789,5.5091,50.0,0.0,-1.9561,-2.2421,100.0406,3.553,50.0072,-0.0072,-2.0252,-2.3211,150.0068,1.5277,,,136.3,0.86
304,00h 05m 04s,4.509,False,True,0.1078,7.4451,50.0086,-0.0086,-1.928,-2.2094,50.0792,5.5171,50.0,0.0,-1.9722,-2.2606,100.0403,3.5449,50.0072,-0.0072,-2.0172,-2.3118,150.0068,1.5277,,,136.3,0.86
305,00h 05m 05s,4.521,False,True,0.1109,7.4939,50.0075,-0.0075,-1.9686,-2.2561,50.0796,5.5253,50.0,0.0,-1.9885,-2.2793,100.04,3.5368,50.0072,-0.0072,-2.009,-2.3025,150.0068,1.5277,,,136.3,0.86
306,00h 05m 06s,4.533,False,True,0.1126,7.5423,50.0076,-0.0076,-2.009,-2.3024,50.0799,5.5334,50.0,0.0,-2.0047,-2.2978,100.0397,3.5287,50.0072,-0.0072,-2.0009,-2.2932,150.0068,1.5277,,,136.3,0.86
307,00h 05m 07s,4.545,False,True,0.1144,7.5902,50.0078,-0.0078,-2.0488,-2.3481,50.0802,5.5413,50.0,0.0,-2.0206,-2.3161,100.0394,3.5207,50.0072,-0.0072,-1.993,-2.2841,150.0068,1.5277,,,136.3,0.86
308,00h 05m 08s,4.557,False,True,0.1163,7.638,50.0079,-0.0079,-2.0887,-2.3938,50.0805,5.5493,50.0,0.0,-2.0365,-2.3343,100.039,3.5127,50.0072,-0.0072,-1.985,-2.2749,150.0068,1.5277,,,136.3,0.86
309,00h 05m 09s,4.569,False,True,0.1188,7.6865,50.0074,-0.0074,-2.1291,-2.4402,50.0809,5.5574,50.0,0.0,-2.0527,-2.3529,100.0387,3.5046,50.0072,-0.0072,-1.9769,-2.2656,150.0068,1.5277,,,136.2,0.86
310,00h 05m 10s,4.6,False,True,0.121,7.735,50.0036,-0.0036,-2.132,-2.4436,50.0791,5.6031,50.0,0.0,-2.0689,-2.3715,100.0363,3.5342,50.0107,-0.0107,-2.0064,-2.2993,150.0068,1.5277,,,139.7,0.86
311,00h 05m 11s,4.631,False,True,0.1229,7.783,50.0018,-0.0018,-2.1344,-2.4465,50.0792,5.6486,50.0,0.0,-2.0849,-2.3898,100.0357,3.5637,50.0125,-0.0125,-2.036,-2.3331,150.0068,1.5277,,,141.4,0.86
312,00h 05m 12s,4.661,False,True,0.1252,7.831,50.0008,-0.0008,-2.137,-2.4495,50.0803,5.6941,50.0,0.0,-2.1009,-2.4082,100.0362,3.5932,50.0133,-0.0133,-2.0654,-2.3669,150.0068,1.5277,,,142.0,0.86
313,00h 05m 13s,4.692,False,True,0.1275,7.8793,50.0003,-0.0003,-2.1397,-2.4527,50.082,5.7396,50.0,0.0,-2.117,-2.4266,100.0371,3.6226,50.0135,-0.0135,-2.0948,-2.4006,150.0068,1.5277,,,142.1,-0.72
314,00h 05m 14s,4.723,False,True,0.129,7.9273,50.0004,-0.0004,-2.1423,-2.4556,50.0835,5.785,50.0,0.0,-2.133,-2.445,100.038,3.652,50.0139,-0.0139,-2.1243,-2.4343,150.0068,1.5277,,,142.3,-0.72
315,00h 05m 15s,4.754,False,True,0.1309,7.9754,50.0003,-0.0003,-2.1449,-2.4586,50.0851,5.8305,50.0,0.0,-2.149,-2.4633,100.0389,3.6815,50.0142,-0.0142,-2.1538,-2.4681,150.0068,1.5277,,,142.4,-0.72
316,00h 05m 16s,4.785,False,True,0.1324,8.0235,50.0004,-0.0004,-2.1475,-2.4616,50.0867,5.876,50.0,0.0,-2.165,-2.4817,100.0398,3.7109,50.0147,-0.0147,-2.1832,-2.5018,150.0068,1.5277,,,142.7,-0.72
317,00h 05m 17s,4.815,False,True,0.1336,8.0721,50.0007,-0.0007,-2.1505,-2.4651,50.088,5.9215,50.0,0.0,-2.1812,-2.5003,100.0404,3.7403,50.0154,-0.0154,-2.2126,-2.5355,150.0068,1.5277,,,143.1,-0.72
318,00h 05m 18s,4.846,False,True,0.1355,8.1207,50.0004,-0.0004,-2.1537,-2.4687,50.0895,5.9671,50.0,0.0,-2.1974,-2.5189,100.0412,3.7697,50.0159,-0.0159,-2.2419,-2.5691,150.0068,1.5277,,,143.3,-0.72
319,00h 05m 19s,4.877,False,True,0.1372,8.1695,50.0004,-0.0004,-2.1568,-2.4723,50.0911,6.0127,50.0,0.0,-2.2137,-2.5375,100.0421,3.799,50.0163,-0.0163,-2.2713,-2.6027,150.0068,1.5277,,,143.5,-0.72
320,00h 05m 20s,4.908,False,True,0.1388,8.2177,50.0004,-0.0004,-2.1595,-2.4754,50.0926,6.0581,50.0,0.0,-2.2297,-2.5559,100.0429,3.8284,50.0169,-0.0169,-2.3007,-2.6364,150.0068,1.5277,,,143.7,-0.72
321,00h 05m 21s,4.939,False,True,0.1401,8.2656,50.0006,-0.0006,-2.162,-2.4782,50.0939,6.1036,50.0,0.0,-2.2457,-2.5742,100.0435,3.8579,50.0176,-0.0176,-2.3302,-2.6702,150.0068,1.5277,,,144.1,-0.72
322,00h 05m 22s,4.969,False,True,0.1423,8.3134,50.0002,-0.0002,-2.1644,-2.481,50.0957,6.149,50.0,0.0,-2.2616,-2.5925,100.0445,3.8874,50.018,-0.018,-2.3597,-2.704,150.0068,1.5277,,,144.1,-0.72
323,00h 05m 23s,5.0,False,True,0.1455,8.3621,49.9996,0.0004,-2.1676,-2.4846,50.0981,6.1946,50.0,0.0,-2.2779,-2.6111,100.0462,3.9167,50.0177,-0.0177,-2.389,-2.7376,150.0068,1.5277,,,143.5,-0.72
324,00h 05m 24s,5.031,False,True,0.1478,8.4105,49.9997,0.0003,-2.1705,-2.488,50.1004,6.24,50.0,0.0,-2.294,-2.6297,100.0477,3.946,50.0176,-0.0176,-2.4183,-2.7713,150.0068,1.5277,,,142.9,-0.1
325,00h 05m 25s,5.062,False,True,0.149,8.4589,50.0003,-0.0003,-2.1733,-2.4912,50.102,6.2855,50.0,0.0,-2.3101,-2.6481,100.0486,3.9755,50.0181,-0.0181,-2.4477,-2.805,150.0068,1.5277,,,143.0,-0.1
326,00h 05m 26s,5.074,False,True,0.1504,8.5068,50.0011,-0.0011,-2.2133,-2.537,50.1024,6.2935,50.0,0.0,-2.3261,-2.6664,100.0483,3.9675,50.0181,-0.0181,-2.4397,-2.7958,150.0068,1.5277,,,142.9,-0.1
327,00h 05m 27s,5.086,False,True,0.1522,8.5555,50.0015,-0.0015,-2.2538,-2.5835,50.1028,6.3016,50.0,0.0,-2.3423,-2.685,100.0479,3.9594,50.018,-0.018,-2.4316,-2.7865,150.0068,1.5277,,,142.9,-0.1
328,00h 05m 28s,5.098,False,True,0.1545,8.6038,50.0013,-0.0013,-2.2941,-2.6297,50.1032,6.3097,50.0,0.0,-2.3584,-2.7035,100.0475,3.9513,50.018,-0.018,-2.4236,-2.7773,150.0068,1.5277,,,142.8,-0.1
329,00h 05m 29s,5.11,False,True,0.1577,8.6521,50.0003,-0.0003,-2.3343,-2.6759,50.1036,6.3177,50.0,0.0,-2.3745,-2.722,100.0471,3.9433,50.018,-0.018,-2.4155,-2.7681,150.0068,1.5277,,,142.7,-0.1
330,00h 05m 30s,5.11,False,True,0.1577,8.6521,50.0003,-0.0003,-2.3343,-2.6759,50.1036,6.3177,50.0,0.0,-2.3745,-2.722,100.0471,3.9433,50.018,-0.018,-2.4155,-2.7681,150.0068,1.5277,,,142.7,-0.1
331,00h 05m 31s,5.11,False,True,0.1577,8.6521,50.0003,-0.0003,-2.3343,-2.6759,50.1036,6.3177,50.0,0.0,-2.3745,-2.722,100.0471,3.9433,50.018,-0.018,-2.4155,-2.7681,150.0068,1.5277,,,142.7,-0.1
332,00h 05m 32s,5.11,False,True,0.1577,8.6521,50.0003,-0.0003,-2.3343,-2.6759,50.1036,6.3177,50.0,0.0,-2.3745,-2.722,100.0471,3.9433,50.018,-0.018,-2.4155,-2.7681,150.0068,1.5277,,,142.7,-0.1
333,00h 05m 33s,5.11,False,True,0.1577,8.6521,50.0003,-0.0003,-2.3343,-2.6759,50.1036,6.3177,50.0,0.0,-2.3745,-2.722,100.0471,3.9433,50.018,-0.018,-2.4155,-2.7681,150.0068,1.5277,,,142.7,-0.1
334,00h 05m 34s,5.11,False,True,0.1577,8.6521,50.0003,-0.0003,-2.3343,-2.6759,50.1036,6.3177,50.0,0.0,-2.3745,-2.722,100.0471,3.9433,50.018,-0.018,-2.4155,-2.7681,150.0068,1.5277,,,142.7,-0.1
335,00h 05m 35s,5.11,False,True,0.1577,8.6521,50.0003,-0.0003,-2.3343,-2.6759,50.1036,6.3177,50.0,0.0,-2.3745,-2.722,100.0471,3.9433,50.018,-0.018,-2.4155,-2.7681,150.0068,1.5277,,,142.7,-0.1
336,00h 05m 36s,5.11,False,True,0.1577,8.6521,50.0003,-0.0003,-2.3343,-2.6759,50.1036,6.3177,50.0,0.0,-2.3745,-2.722,100.0471,3.9433,50.018,-0.018,-2.4155,-2.7681,150.0068,1.5277,,,142.7,-0.1
337,00h 05m 37s,5.11,False,True,0.1577,8.6521,50.0003,-0.0003,-2.3343,-2.6759,50.1036,6.3177,50.0,0.0,-2.3745,-2.722,100.0471,3.9433,50.018,-0.018,-2.4155,-2.7681,150.0068,1.5277,,,142.7,-0.1
338,00h 05m 38s,5.11,False,True,0.1577,8.6521,50.0003,-0.0003,-2.3343,-2.6759,50.1036,6.3177,50.0,0.0,-2.3745,-2.722,100.0471,3.9433,50.018,-0.018,-2.4155,-2.7681,150.0068,1.5277,,,142.7,-0.1
339,00h 05m 39s,5.11,False,True,0.1577,8.6521,50.0003,-0.0003,-2.3343,-2.6759,50.1036,6.3177,50.0,0.0,-2.3745,-2.722,100.0471,3.9433,50.018,-0.018,-2.4155,-2.7681,150.0068,1.5277,,,142.7,-0.1
340,00h 05m 40s,5.11,False,True,0.1577,8.6521,50.0003,-0.0003,-2.3343,-2.6759,50.1036,6.3177,50.0,0.0,-2.3745,-2.722,100.0471,3.9433,50.018,-0.018,-2.4155,-2.7681,150.0068,1.5277,,,142.7,-0.1
341,00h 05m 41s,5.11,False,True,0.1577,8.6521,50.0003,-0.0003,-2.3343,-2.6759,50.1036,6.3177,50.0,0.0,-2.3745,-2.722,100.0471,3.9433,50.018,-0.018,-2.4155,-2.7681,150.0068,1.5277,,,142.7,-0.1
342,00h 05m 42s,5.11,False,True,0.1577,8.6521,50.0003,-0.0003,-2.3343,-2.6759,50.1036,6.3177,50.0,0.0,-2.3745,-2.722,100.0471,3.9433,50.018,-0.018,-2.4155,-2.7681,150.0068,1.5277,,,142.7,-0.1
343,00h 05m 43s,5.11,False,True,0.1577,8.6521,50.0003,-0.0003,-2.3343,-2.6759,50.1036,6.3177,50.0,0.0,-2.3745,-2.722,100.0471,3.9433,50.018,-0.018,-2.4155,-2.7681,150.0068,1.5277,,,142.7,-0.1
344,00h 05m 44s,5.11,False,True,0.1577,8.6521,50.0003,-0.0003,-2.3343,-2.6759,50.1036,6.3177,50.0,0.0,-2.3745,-2.722,100.0471,3.9433,50.018,-0.018,-2.4155,-2.7681,150.0068,1.5277,,,142.7,-0.1
345,00h 05m 45s,5.11,False,True,0.1577,8.6521,50.0003,-0.0003,-2.3343,-2.6759,50.1036,6.3177,50.0,0.0,-2.3745,-2.722,100.0471,3.9433,50.018,-0.018,-2.4155,-2.7681,150.0068,1.5277,,,142.7,-0.1
346,00h 05m 46s,5.11,False,True,0.1577,8.6521,50.0003,-0.0003,-2.3343,-2.6759,50.1036,6.3177,50.0,0.0,-2.3745,-2.722,100.0471,3.9433,50.018,-0.018,-2.4155,-2.7681,150.0068,1.5277,,,142.7,-0.1
347,00h 05m 47s,5.11,False,True,0.1577,8.6521,50.0003,-0.0003,-2.3343,-2.6759,50.1036,6.3177,50.0,0.0,-2.3745,-2.722,100.0471,3.9433,50.018,-0.018,-2.4155,-2.7681,150.0068,1.5277,,,142.7,-0.1
348,00h 05m 48s,5.11,False,True,0.1577,8.6521,50.0003,-0.0003,-2.3343,-2.6759,50.1036,6.3177,50.0,0.0,-2.3745,-2.722,100.0471,3.9433,50.018,-0.018,-2.4155,-2.7681,150.0068,1.5277,,,142.7,-0.1
349,00h 05m 49s,5.11,False,True,0.1577,8.6521,50.0003,-0.0003,-2.3343,-2.6759,50.1036,6.3177,50.0,0.0,-2.3745,-2.722,100.0471,3.9433,50.018,-0.018,-2.4155,-2.7681,150.0068,1.5277,,,142.7,-0.1
350,00h 05m 50s,5.11,False,True,0.1577,8.6521,50.0003,-0.0003,-2.3343,-2.6759,50.1036,6.3177,50.0,0.0,-2.3745,-2.722,100.0471,3.9433,50.018,-0.018,-2.4155,-2.7681,150.0068,1.5277,,,142.7,-0.1
351,00h 05m 51s,5.11,False,True,0.1577,8.6521,50.0003,-0.0003,-2.3343,-2.6759,50.1036,6.3177,50.0,0.0,-2.3745,-2.722,100.0471,3.9433,50.018,-0.018,-2.4155,-2.7681,150.0068,1.5277,,,142.7,-0.1
352,00h 05m 52s,5.11,False,True,0.1577,8.6521,50.0003,-0.0003,-2.3343,-2.6759,50.1036,6.3177,50.0,0.0,-2.3745,-2.722,100.0471,3.9433,50.018,-0.018,-2.4155,-2.7681,150.0068,1.5277,,,142.7,-0.1
353,00h 05m 53s,5.11,False,True,0.1577,8.6521,50.0003,-0.0003,-2.3343,-2.6759,50.1036,6.3177,50.0,0.0,-2.3745,-2.722,100.0471,3.9433,50.018,-0.018,-2.4155,-2.7681,150.0068,1.5277,,,142.7,-0.1
354,00h 05m 54s,5.11,False,True,0.1577,8.6521,50.0003,-0.0003,-2.3343,-2.6759,50.1036,6.3177,50.0,0.0,-2.3745,-2.722,100.0471,3.9433,50.018,-0.018,-2.4155,-2.7681,150.0068,1.5277,,,142.7,-0.1
355,00h 05m 55s,5.11,False,True,0.1577,8.6521,50.0003,-0.0003,-2.3343,-2.6759,50.1036,6.3177,50.0,0.0,-2.3745,-2.722,100.0471,3.9433,50.018,-0.018,-2.4155,-2.7681,150.0068,1.5277,,,142.7,-0.1
356,00h 05m 56s,5.11,False,True,0.1577,8.6521,50.0003,-0.0003,-2.3343,-2.6759,50.1036,6.3177,50.0,0.0,-2.3745,-2.722,100.0471,3.9433,50.018,-0.018,-2.4155,-2.7681,150.0068,1.5277,,,142.7,-0.1
357,00h 05m 57s,5.11,False,True,0.1577,8.6521,50.0003,-0.0003,-2.3343,-2.6759,50.1036,6.3177,50.0,0.0,-2.3745,-2.722,100.0471,3.9433,50.018,-0.018,-2.4155,-2.7681,150.0068,1.5277,,,142.7,-0.1
358,00h 05m 58s,5.11,False,True,0.1577,8.6521,50.0003,-0.0003,-2.3343,-2.6759,50.1036,6.3177,50.0,0.0,-2.3745,-2.722,100.0471,3.9433,50.018,-0.018,-2.4155,-2.7681,150.0068,1.5277,,,142.7,-0.1
359,00h 05m 59s,5.11,False,True,0.1577,8.6521,50.0003,-0.0003,-2.3343,-2.6759,50.1036,6.3177,50.0,0.0,-2.3745,-2.722,100.0471,3.9433,50.018,-0.018,-2.4155,-2.7681,150.0068,1.5277,,,142.7,-0.1
360,00h 06m 00s,5.122,False,True,0.1606,8.7008,49.9997,0.0003,-2.375,-2.7225,50.1039,6.3259,50.0,0.0,-2.3907,-2.7406,100.0467,3.9351,50.018,-0.018,-2.4074,-2.7587,150.0068,1.5277,,,142.7,-0.1
361,00h 06m 01s,5.135,False,True,0.163,8.7495,49.9997,0.0003,-2.4156,-2.7691,50.1043,6.334,50.0,0.0,-2.407,-2.7593,100.0464,3.927,50.018,-0.018,-2.3993,-2.7494,150.0068,1.5277,,,142.6,-0.1
362,00h 06m 02s,5.147,False,True,0.1656,8.7982,49.9995,0.0005,-2.4561,-2.8157,50.1047,6.3421,50.0,0.0,-2.4232,-2.7779,100.046,3.9189,50.018,-0.018,-2.3912,-2.7401,150.0068,1.5277,,,142.5,-0.1
363,00h 06m 03s,5.159,False,True,0.1676,8.8464,49.9999,0.0001,-2.4963,-2.8617,50.1051,6.3501,50.0,0.0,-2.4393,-2.7963,100.0456,3.9109,50.018,-0.018,-2.3831,-2.7309,150.0068,1.5277,,,142.4,-0.1
364,00h 06m 04s,5.171,False,True,0.1701,8.8949,49.9998,0.0002,-2.5367,-2.9081,50.1055,6.3582,50.0,0.0,-2.4554,-2.8149,100.0452,3.9028,50.018,-0.018,-2.375,-2.7216,150.0068,1.5277,,,142.3,-0.1
365,00h 06m 05s,5.202,False,True,0.1721,8.943,50.0001,-0.0001,-2.5393,-2.9111,50.1077,6.4037,50.0,0.0,-2.4714,-2.8332,100.0465,3.9322,50.0181,-0.0181,-2.4045,-2.7554,150.0068,1.5277,,,141.9,-0.1
366,00h 06m 06s,5.232,False,True,0.1745,8.9915,50.0,0.0,-2.5423,-2.9145,50.1099,6.4492,50.0,0.0,-2.4876,-2.8518,100.048,3.9615,50.0181,-0.0181,-2.4338,-2.789,150.0068,1.5277,,,141.4,-0.1
367,00h 06m 07s,5.263,False,True,0.1777,9.0394,49.9997,0.0003,-2.5448,-2.9174,50.1125,6.4946,50.0,0.0,-2.5036,-2.8701,100.0498,3.991,50.0177,-0.0177,-2.4632,-2.8228,150.0068,1.5277,,,140.5,-0.1
368,00h 06m 08s,5.294,False,True,0.1802,9.0873,49.9998,0.0002,-2.5473,-2.9203,50.115,6.54,50.0,0.0,-2.5196,-2.8884,100.0515,4.0204,50.0174,-0.0174,-2.4927,-2.8566,150.0068,1.5277,,,139.8,-0.1
369,00h 06m 09s,5.325,False,True,0.1833,9.1356,49.9995,0.0005,-2.5502,-2.9236,50.1178,6.5854,50.0,0.0,-2.5357,-2.9069,100.0535,4.0497,50.017,-0.017,-2.522,-2.8902,150.0068,1.5277,,,138.8,-0.1
370,00h 06m 10s,5.355,False,True,0.1855,9.184,49.9999,0.0001,-2.5531,-2.927,50.1202,6.6309,50.0,0.0,-2.5518,-2.9254,100.055,4.0791,50.0169,-0.0169,-2.5514,-2.9239,150.0068,1.5277,,,138.1,-0.1
371,00h 06m 11s,5.386,False,True,0.1879,9.2324,50.0,0.0,-2.5561,-2.9303,50.1225,6.6764,50.0,0.0,-2.5679,-2.9439,100.0565,4.1084,50.0169,-0.0169,-2.5807,-2.9576,150.0068,1.5277,,,137.5,-0.1
372,00h 06m 12s,5.417,False,True,0.1897,9.2803,50.0003,-0.0003,-2.5585,-2.9331,50.1245,6.7218,50.0,0.0,-2.5839,-2.9622,100.0577,4.1379,50.0172,-0.0172,-2.6102,-2.9914,150.0068,1.5277,,,137.3,-0.1
373,00h 06m 13s,5.448,False,True,0.1916,9.3285,50.0005,-0.0005,-2.5612,-2.9362,50.1264,6.7673,50.0,0.0,-2.5999,-2.9807,100.0587,4.1673,50.0177,-0.0177,-2.6396,-3.0251,150.0068,1.5277,,,137.2,0.63
374,00h 06m 14s,5.479,False,True,0.1946,9.3771,50.0,0.0,-2.5643,-2.9398,50.1288,6.8128,50.0,0.0,-2.6162,-2.9993,100.0603,4.1967,50.0178,-0.0178,-2.6689,-3.0587,150.0068,1.5277,,,136.5,0.63
375,00h 06m 15s,5.509,False,True,0.1968,9.4252,50.0001,-0.0001,-2.5669,-2.9428,50.131,6.8582,50.0,0.0,-2.6322,-3.0176,100.0616,4.2261,50.018,-0.018,-2.6983,-3.0925,150.0068,1.5277,,,136.1,0.63
376,00h 06m 16s,5.54,False,True,0.199,9.4736,50.0002,-0.0002,-2.5698,-2.9461,50.1331,6.9037,50.0,0.0,-2.6483,-3.0361,100.063,4.2554,50.0183,-0.0183,-2.7277,-3.1261,150.0068,1.5277,,,135.7,0.63
377,00h 06m 17s,5.571,False,True,0.2013,9.5213,50.0002,-0.0002,-2.5722,-2.9488,50.1353,6.9491,50.0,0.0,-2.6642,-3.0544,100.0643,4.2849,50.0186,-0.0186,-2.7572,-3.1599,150.0068,1.5277,,,135.2,0.63
378,00h 06m 18s,5.602,False,True,0.2033,9.5693,50.0003,-0.0003,-2.5748,-2.9518,50.1373,6.9946,50.0,0.0,-2.6802,-3.0728,100.0655,4.3144,50.019,-0.019,-2.7866,-3.1937,150.0068,1.5277,,,134.9,0.63
379,00h 06m 19s,5.632,False,True,0.2066,9.6177,49.9998,0.0002,-2.5776,-2.9551,50.1399,7.0401,50.0,0.0,-2.6963,-3.0913,100.0672,4.3437,50.019,-0.019,-2.816,-3.2274,150.0068,1.5277,,,134.1,0.63
380,00h 06m 20s,5.663,False,True,0.2093,9.6657,49.9998,0.0002,-2.5803,-2.9581,50.1425,7.0855,50.0,0.0,-2.7123,-3.1096,100.0689,4.3731,50.0189,-0.0189,-2.8454,-3.2611,150.0068,1.5277,,,133.3,0.63
381,00h 06m 21s,5.694,False,True,0.213,9.7141,49.9993,0.0007,-2.5832,-2.9614,50.1456,7.1309,50.0,0.0,-2.7285,-3.1281,100.0711,4.4025,50.0184,-0.0184,-2.8747,-3.2948,150.0068,1.5277,,,132.0,0.63
382,00h 06m 22s,5.737,False,False,0.2155,9.7629,49.9997,0.0003,-2.5946,-2.9745,50.1478,7.1683,50.0,0.0,-2.7284,-3.1281,100.0733,4.4399,50.018,-0.018,-2.8631,-3.2815,150.0093,1.5768,,,131.1,0.63
383,00h 06m 23s,5.749,False,True,0.2184,9.8111,49.9994,0.0006,-2.6348,-3.0207,50.1483,7.1763,50.0,0.0,-2.7445,-3.1465,100.0729,4.4319,50.0179,-0.0179,-2.8551,-3.2723,150.0093,1.5768,,,131.0,0.63
384,00h 06m 24s,5.761,False,True,0.2218,9.8598,49.9986,0.0014,-2.6754,-3.0673,50.1487,7.1845,50.0,0.0,-2.7607,-3.1652,100.0724,4.4237,50.0179,-0.0179,-2.847,-3.263,150.0093,1.5768,,,130.9,0.63
385,00h 06m 25s,5.773,False,True,0.2251,9.9086,49.9979,0.0021,-2.716,-3.114,50.1492,7.1926,50.0,0.0,-2.777,-3.1838,100.072,4.4156,50.0179,-0.0179,-2.8388,-3.2536,150.0093,1.5768,,,130.7,0.63
386,00h 06m 26s,5.786,False,True,0.229,9.9571,49.9966,0.0034,-2.7564,-3.1604,50.1496,7.2007,50.0,0.0,-2.7932,-3.2024,100.0715,4.4075,50.0179,-0.0179,-2.8307,-3.2444,150.0093,1.5768,,,130.6,0.63
387,00h 06m 27s,5.798,False,True,0.2329,10.0052,49.9954,0.0046,-2.7965,-3.2065,50.1501,7.2087,50.0,0.0,-2.8092,-3.2208,100.0711,4.3995,50.0179,-0.0179,-2.8227,-3.2351,150.0093,1.5768,,,130.4,0.63
388,00h 06m 28s,5.81,False,True,0.2362,10.0534,49.9949,0.0051,-2.8367,-3.2527,50.1505,7.2167,50.0,0.0,-2.8253,-3.2393,100.0706,4.3914,50.0179,-0.0179,-2.8147,-3.2259,150.0093,1.5768,,,130.3,0.63
389,00h 06m 29s,5.822,False,True,0.2393,10.1015,49.9946,0.0054,-2.8767,-3.2987,50.151,7.2248,50.0,0.0,-2.8413,-3.2577,100.0702,4.3834,50.0179,-0.0179,-2.8066,-3.2167,150.0093,1.5768,,,130.1,0.63
390,00h 06m 30s,5.822,False,True,0.2393,10.1015,49.9946,0.0054,-2.8767,-3.2987,50.151,7.2248,50.0,0.0,-2.8413,-3.2577,100.0702,4.3834,50.0179,-0.0179,-2.8066,-3.2167,150.0093,1.5768,,,130.1,0.63
391,00h 06m 31s,5.822,False,True,0.2393,10.1015,49.9946,0.0054,-2.8767,-3.2987,50.151,7.2248,50.0,0.0,-2.8413,-3.2577,100.0702,4.3834,50.0179,-0.0179,-2.8066,-3.2167,150.0093,1.5768,,,130.1,0.63
392,00h 06m 32s,5.822,False,True,0.2393,10.1015,49.9946,0.0054,-2.8767,-3.2987,50.151,7.2248,50.0,0.0,-2.8413,-3.2577,100.0702,4.3834,50.0179,-0.0179,-2.8066,-3.2167,150.0093,1.5768,,,130.1,0.63
393,00h 06m 33s,5.822,False,True,0.2393,10.1015,49.9946,0.0054,-2.8767,-3.2987,50.151,7.2248,50.0,0.0,-2.8413,-3.2577,100.0702,4.3834,50.0179,-0.0179,-2.8066,-3.2167,150.0093,1.5768,,,130.1,0.63
394,00h 06m 34s,5.822,False,True,0.2393,10.1015,49.9946,0.0054,-2.8767,-3.2987,50.151,7.2248,50.0,0.0,-2.8413,-3.2577,100.0702,4.3834,50.0179,-0.0179,-2.8066,-3.2167,150.0093,1.5768,,,130.1,0.63
395,00h 06m 35s,5.822,False,True,0.2393,10.1015,49.9946,0.0054,-2.8767,-3.2987,50.151,7.2248,50.0,0.0,-2.8413,-3.2577,100.0702,4.3834,50.0179,-0.0179,-2.8066,-3.2167,150.0093,1.5768,,,130.1,0.63
396,00h 06m 36s,5.822,False,True,0.2393,10.1015,49.9946,0.0054,-2.8767,-3.2987,50.151,7.2248,50.0,0.0,-2.8413,-3.2577,100.0702,4.3834,50.0179,-0.0179,-2.8066,-3.2167,150.0093,1.5768,,,130.1,0.63
397,00h 06m 37s,5.822,False,True,0.2393,10.1015,49.9946,0.0054,-2.8767,-3.2987,50.151,7.2248,50.0,0.0,-2.8413,-3.2577,100.0702,4.3834,50.0179,-0.0179,-2.8066,-3.2167,150.0093,1.5768,,,130.1,0.63
398,00h 06m 38s,5.822,False,True,0.2393,10.1015,49.9946,0.0054,-2.8767,-3.2987,50.151,7.2248,50.0,0.0,-2.8413,-3.2577,100.0702,4.3834,50.0179,-0.0179,-2.8066,-3.2167,150.0093,1.5768,,,130.1,0.63
399,00h 06m 39s,5.822,False,True,0.2393,10.1015,49.9946,0.0054,-2.8767,-3.2987,50.151,7.2248,50.0,0.0,-2.8413,-3.2577,100.0702,4.3834,50.0179,-0.0179,-2.8066,-3.2167,150.0093,1.5768,,,130.1,0.63
400,00h 06m 40s,5.822,False,True,0.2393,10.1015,49.9946,0.0054,-2.8767,-3.2987,50.151,7.2248,50.0,0.0,-2.8413,-3.2577,100.0702,4.3834,50.0179,-0.0179,-2.8066,-3.2167,150.0093,1.5768,,,130.1,0.63
401,00h 06m 41s,5.822,False,True,0.2393,10.1015,49.9946,0.0054,-2.8767,-3.2987,50.151,7.2248,50.0,0.0,-2.8413,-3.2577,100.0702,4.3834,50.0179,-0.0179,-2.8066,-3.2167,150.0093,1.5768,,,130.1,0.63
402,00h 06m 42s,5.822,False,True,0.2393,10.1015,49.9946,0.0054,-2.8767,-3.2987,50.151,7.2248,50.0,0.0,-2.8413,-3.2577,100.0702,4.3834,50.0179,-0.0179,-2.8066,-3.2167,150.0093,1.5768,,,130.1,0.63
403,00h 06m 43s,5.822,False,True,0.2393,10.1015,49.9946,0.0054,-2.8767,-3.2987,50.151,7.2248,50.0,0.0,-2.8413,-3.2577,100.0702,4.3834,50.0179,-0.0179,-2.8066,-3.2167,150.0093,1.5768,,,130.1,0.63
404,00h 06m 44s,5.822,False,True,0.2393,10.1015,49.9946,0.0054,-2.8767,-3.2987,50.151,7.2248,50.0,0.0,-2.8413,-3.2577,100.0702,4.3834,50.0179,-0.0179,-2.8066,-3.2167,150.0093,1.5768,,,130.1,0.63
405,00h 06m 45s,5.822,False,True,0.2393,10.1015,49.9946,0.0054,-2.8767,-3.2987,50.151,7.2248,50.0,0.0,-2.8413,-3.2577,100.0702,4.3834,50.0179,-0.0179,-2.8066,-3.2167,150.0093,1.5768,,,130.1,0.63
406,00h 06m 46s,5.822,False,True,0.2393,10.1015,49.9946,0.0054,-2.8767,-3.2987,50.151,7.2248,50.0,0.0,-2.8413,-3.2577,100.0702,4.3834,50.0179,-0.0179,-2.8066,-3.2167,150.0093,1.5768,,,130.1,0.63
407,00h 06m 47s,5.822,False,True,0.2393,10.1015,49.9946,0.0054,-2.8767,-3.2987,50.151,7.2248,50.0,0.0,-2.8413,-3.2577,100.0702,4.3834,50.0179,-0.0179,-2.8066,-3.2167,150.0093,1.5768,,,130.1,0.63
408,00h 06m 48s,5.822,False,True,0.2393,10.1015,49.9946,0.0054,-2.8767,-3.2987,50.151,7.2248,50.0,0.0,-2.8413,-3.2577,100.0702,4.3834,50.0179,-0.0179,-2.8066,-3.2167,150.0093,1.5768,,,130.1,0.63
409,00h 06m 49s,5.822,False,True,0.2393,10.1015,49.9946,0.0054,-2.8767,-3.2987,50.151,7.2248,50.0,0.0,-2.8413,-3.2577,100.0702,4.3834,50.0179,-0.0179,-2.8066,-3.2167,150.0093,1.5768,,,130.1,0.63
410,00h 06m 50s,5.822,False,True,0.2393,10.1015,49.9946,0.0054,-2.8767,-3.2987,50.151,7.2248,50.0,0.0,-2.8413,-3.2577,100.0702,4.3834,50.0179,-0.0179,-2.8066,-3.2167,150.0093,1.5768,,,130.1,0.63
411,00h 06m 51s,5.822,False,True,0.2393,10.1015,49.9946,0.0054,-2.8767,-3.2987,50.151,7.2248,50.0,0.0,-2.8413,-3.2577,100.0702,4.3834,50.0179,-0.0179,-2.8066,-3.2167,150.0093,1.5768,,,130.1,0.63
412,00h 06m 52s,5.822,False,True,0.2393,10.1015,49.9946,0.0054,-2.8767,-3.2987,50.151,7.2248,50.0,0.0,-2.8413,-3.2577,100.0702,4.3834,50.0179,-0.0179,-2.8066,-3.2167,150.0093,1.5768,,,130.1,0.63
413,00h 06m 53s,5.822,False,True,0.2393,10.1015,49.9946,0.0054,-2.8767,-3.2987,50.151,7.2248,50.0,0.0,-2.8413,-3.2577,100.0702,4.3834,50.0179,-0.0179,-2.8066,-3.2167,150.0093,1.5768,,,130.1,0.63
414,00h 06m 54s,5.822,False,True,0.2393,10.1015,49.9946,0.0054,-2.8767,-3.2987,50.151,7.2248,50.0,0.0,-2.8413,-3.2577,100.0702,4.3834,50.0179,-0.0179,-2.8066,-3.2167,150.0093,1.5768,,,130.1,0.63
415,00h 06m 55s,5.822,False,True,0.2393,10.1015,49.9946,0.0054,-2.8767,-3.2987,50.151,7.2248,50.0,0.0,-2.8413,-3.2577,100.0702,4.3834,50.0179,-0.0179,-2.8066,-3.2167,150.0093,1.5768,,,130.1,0.63
416,00h 06m 56s,5.822,False,True,0.2393,10.1015,49.9946,0.0054,-2.8767,-3.2987,50.151,7.2248,50.0,0.0,-2.8413,-3.2577,100.0702,4.3834,50.0179,-0.0179,-2.8066,-3.2167,150.0093,1.5768,,,130.1,0.63
417,00h 06m 57s,5.822,False,True,0.2393,10.1015,49.9946,0.0054,-2.8767,-3.2987,50.151,7.2248,50.0,0.0,-2.8413,-3.2577,100.0702,4.3834,50.0179,-0.0179,-2.8066,-3.2167,150.0093,1.5768,,,130.1,0.63
418,00h 06m 58s,5.822,False,True,0.2393,10.1015,49.9946,0.0054,-2.8767,-3.2987,50.151,7.2248,50.0,0.0,-2.8413,-3.2577,100.0702,4.3834,50.0179,-0.0179,-2.8066,-3.2167,150.0093,1.5768,,,130.1,0.63
419,00h 06m 59s,5.822,False,True,0.2393,10.1015,49.9946,0.0054,-2.8767,-3.2987,50.151,7.2248,50.0,0.0,-2.8413,-3.2577,100.0702,4.3834,50.0179,-0.0179,-2.8066,-3.2167,150.0093,1.5768,,,130.1,0.63
420,00h 07m 00s,5.834,False,True,0.2424,10.1495,49.9942,0.0058,-2.9167,-3.3446,50.1514,7.2328,50.0,0.0,-2.8573,-3.276,100.0697,4.3754,50.0179,-0.0179,-2.7987,-3.2075,150.0093,1.5768,,,130.0,0.63
421,00h 07m 01s,5.901,False,False,0.2453,10.1977,50.0058,-0.0058,-2.8794,-3.301,50.1681,7.3183,50.0,0.0,-2.857,-3.2756,100.0864,4.4613,50.0059,-0.0059,-2.8353,-3.2503,150.0119,1.6261,,,116.6,2.13
422,00h 07m 02s,5.969,False,False,0.2476,10.2458,50.0059,-0.0059,-2.8409,-3.2568,50.1728,7.4049,50.0,0.0,-2.8566,-3.2752,100.0911,4.5483,50.0059,-0.0059,-2.873,-3.2937,150.0144,1.6753,,,115.3,2.13
423,00h 07m 03s,6.036,False,False,0.2497,10.294,50.0064,-0.0064,-2.8024,-3.2126,50.1775,7.4915,50.0,0.0,-2.8562,-3.2748,100.0958,4.6353,50.0063,-0.0063,-2.9107,-3.3369,150.0174,1.7245,,,113.9,2.13
424,00h 07m 04s,6.104,False,False,0.2525,10.342,50.0059,-0.0059,-2.7641,-3.1686,50.182,7.5779,50.0,0.0,-2.8559,-3.2744,100.1003,4.7221,50.0059,-0.0059,-2.9483,-3.3801,150.0192,1.7738,,,112.7,2.13
425,00h 07m 05s,6.171,False,False,0.2559,10.3897,50.0056,-0.0056,-2.7253,-3.1241,50.1873,7.6644,50.0,0.0,-2.8554,-3.2738,100.1057,4.809,50.0056,-0.0056,-2.9862,-3.4235,150.022,1.8229,,,110.8,2.13
426,00h 07m 06s,6.239,False,False,0.2589,10.4374,50.0059,-0.0059,-2.6866,-3.0798,50.1925,7.7508,50.0,0.0,-2.855,-3.2733,100.1109,4.8958,50.0058,-0.0058,-3.0239,-3.4669,150.0252,1.8719,,,108.8,2.13
427,00h 07m 07s,6.263,False,False,0.2625,10.4859,50.0049,-0.0049,-2.7352,-3.1356,50.1925,7.7507,50.0,0.0,-2.8548,-3.2731,100.1109,4.8959,50.0061,-0.0061,-2.975,-3.4107,150.0285,1.9209,,,108.8,2.13
428,00h 07m 08s,6.288,False,False,0.2645,10.5344,50.0055,-0.0055,-2.7839,-3.1914,50.1925,7.7506,50.0,0.0,-2.8545,-3.2728,100.1109,4.8961,50.0051,-0.0051,-2.9257,-3.3542,150.0304,1.9704,,,108.8,2.13
429,00h 07m 09s,6.312,False,False,0.2669,10.5831,50.0058,-0.0058,-2.8326,-3.2473,50.1925,7.7505,50.0,0.0,-2.8543,-3.2726,100.1109,4.8962,50.005,-0.005,-2.8766,-3.2979,150.0332,2.0195,,,108.8,2.13
430,00h 07m 10s,6.337,False,False,0.2687,10.6317,50.0068,-0.0068,-2.8814,-3.3032,50.1925,7.7504,50.0,0.0,-2.8541,-3.2723,100.111,4.8963,50.005,-0.005,-2.8275,-3.2415,150.036,2.0688,,,108.8,2.13
431,00h 07m 11s,6.361,False,False,0.2725,10.6798,50.0059,-0.0059,-2.9296,-3.3586,50.1925,7.7502,50.0,0.0,-2.8537,-3.2719,100.111,4.8965,50.0047,-0.0047,-2.7783,-3.1851,150.0384,2.1181,,,108.9,2.13
432,00h 07m 12s,6.429,False,False,0.2754,10.7278,50.0053,-0.0053,-2.8912,-3.3146,50.197,7.8366,50.0,0.0,-2.8532,-3.2713,100.1155,4.9833,50.0053,-0.0053,-2.8159,-3.2281,150.0415,2.1674,,,107.6,0.99
433,00h 07m 13s,6.496,False,False,0.2775,10.7757,50.0051,-0.0051,-2.8525,-3.2702,50.2012,7.9232,50.0,0.0,-2.8529,-3.2709,100.1198,5.0703,50.0051,-0.0051,-2.8538,-3.2717,150.0434,2.2165,,,106.7,0.99
434,00h 07m 14s,6.564,False,False,0.2806,10.8239,50.0052,-0.0052,-2.8143,-3.2263,50.2065,8.0096,50.0,0.0,-2.8526,-3.2706,100.125,5.157,50.0051,-0.0051,-2.8915,-3.3149,150.0465,2.2655,,,104.8,0.99
435,00h 07m 15s,6.632,False,False,0.2829,10.8719,50.0059,-0.0059,-2.7758,-3.1821,50.2116,8.096,50.0,0.0,-2.8521,-3.2701,100.1302,5.2439,50.0058,-0.0058,-2.9291,-3.358,150.0502,2.3148,,,103.0,0.99
436,00h 07m 16s,6.699,False,False,0.2865,10.9204,50.0054,-0.0054,-2.738,-3.1388,50.2169,8.1823,50.0,0.0,-2.8518,-3.2698,100.1355,5.3305,50.0054,-0.0054,-2.9663,-3.4007,150.0529,2.3642,,,101.0,0.99
437,00h 07m 17s,6.767,False,False,0.2891,10.9681,50.0056,-0.0056,-2.6993,-3.0943,50.2218,8.2688,50.0,0.0,-2.8514,-3.2692,100.1404,5.4175,50.0055,-0.0055,-3.0041,-3.4441,150.0556,2.4134,,,99.5,0.99
438,00h 07m 18s,6.791,False,False,0.292,11.016,50.0053,-0.0053,-2.7474,-3.1495,50.2218,8.2686,50.0,0.0,-2.8509,-3.2686,100.1404,5.4177,50.0058,-0.0058,-2.955,-3.3878,150.0589,2.4627,,,99.5,0.99
439,00h 07m 19s,6.816,False,False,0.294,11.0646,50.006,-0.006,-2.7961,-3.2054,50.2218,8.2685,50.0,0.0,-2.8507,-3.2684,100.1404,5.4178,50.007,-0.007,-2.9059,-3.3314,150.0629,2.5119,,,99.5,0.99
440,00h 07m 20s,6.84,False,False,0.2968,11.1131,50.006,-0.006,-2.8447,-3.2612,50.2218,8.2684,50.0,0.0,-2.8504,-3.2681,100.1404,5.418,50.007,-0.007,-2.8568,-3.2749,150.0658,2.5612,,,99.5,0.99
441,00h 07m 21s,6.865,False,False,0.2982,11.1619,50.0074,-0.0074,-2.8936,-3.3172,50.2217,8.2683,50.0,0.0,-2.8502,-3.2679,100.1404,5.418,50.0068,-0.0068,-2.8077,-3.2187,150.0684,2.6103,,,99.5,0.99
442,00h 07m 22s,6.889,False,False,0.3016,11.2103,50.0068,-0.0068,-2.9422,-3.373,50.2217,8.2682,50.0,0.0,-2.85,-3.2677,100.1404,5.4181,50.0068,-0.0068,-2.7587,-3.1624,150.0711,2.6595,,,99.5,0.99
443,00h 07m 23s,6.957,False,False,0.3035,11.2587,50.007,-0.007,-2.9039,-3.329,50.2262,8.3548,50.0,0.0,-2.8497,-3.2673,100.1449,5.5051,50.0071,-0.0071,-2.7964,-3.2056,150.0737,2.7087,,,98.4,1.02
444,00h 07m 24s,7.025,False,False,0.3059,11.3073,50.0072,-0.0072,-2.8659,-3.2854,50.2309,8.4415,50.0,0.0,-2.8495,-3.2671,100.1496,5.5919,50.0072,-0.0072,-2.834,-3.2488,150.0764,2.7579,,,97.0,1.02
445,00h 07m 25s,7.092,False,False,0.3094,11.3552,50.0065,-0.0065,-2.8274,-3.2413,50.2359,8.5278,50.0,0.0,-2.8491,-3.2666,100.1547,5.6787,50.0065,-0.0065,-2.8716,-3.2919,150.0787,2.8071,,,95.3,1.02
446,00h 07m 26s,7.16,False,False,0.3117,11.4034,50.0066,-0.0066,-2.7892,-3.1974,50.2405,8.6142,50.0,0.0,-2.8488,-3.2663,100.1592,5.7654,50.0065,-0.0065,-2.9092,-3.3352,150.0811,2.8562,,,94.0,1.02
447,00h 07m 27s,7.228,False,False,0.3146,11.4517,50.0066,-0.0066,-2.751,-3.1536,50.2455,8.7007,50.0,0.0,-2.8485,-3.2659,100.1643,5.8522,50.0065,-0.0065,-2.9467,-3.3782,150.0839,2.9055,,,92.3,1.02
448,00h 07m 28s,7.295,False,False,0.3179,11.4997,50.0063,-0.0063,-2.7128,-3.1097,50.2506,8.7869,50.0,0.0,-2.848,-3.2653,100.1694,5.9389,50.0063,-0.0063,-2.9839,-3.4209,150.0865,2.955,,,90.6,1.02
449,00h 07m 29s,7.363,False,False,0.3193,11.5479,50.0067,-0.0067,-2.6745,-3.0658,50.2544,8.8734,50.0,0.0,-2.8477,-3.265,100.1733,6.0257,50.0066,-0.0066,-3.0216,-3.4641,150.0885,3.0041,,,90.0,0.92
450,00h 07m 30s,7.363,False,False,0.3193,11.5479,50.0067,-0.0067,-2.6745,-3.0658,50.2544,8.8734,50.0,0.0,-2.8477,-3.265,100.1733,6.0257,50.0066,-0.0066,-3.0216,-3.4641,150.0885,3.0041,,,90.0,0.92
451,00h 07m 31s,7.363,False,False,0.3193,11.5479,50.0067,-0.0067,-2.6745,-3.0658,50.2544,8.8734,50.0,0.0,-2.8477,-3.265,100.1733,6.0257,50.0066,-0.0066,-3.0216,-3.4641,150.0885,3.0041,,,90.0,0.92
452,00h 07m 32s,7.363,False,False,0.3193,11.5479,50.0067,-0.0067,-2.6745,-3.0658,50.2544,8.8734,50.0,0.0,-2.8477,-3.265,100.1733,6.0257,50.0066,-0.0066,-3.0216,-3.4641,150.0885,3.0041,,,90.0,0.92
453,00h 07m 33s,7.363,False,False,0.3193,11.5479,50.0067,-0.0067,-2.6745,-3.0658,50.2544,8.8734,50.0,0.0,-2.8477,-3.265,100.1733,6.0257,50.0066,-0.0066,-3.0216,-3.4641,150.0885,3.0041,,,90.0,0.92
454,00h 07m 34s,7.363,False,False,0.3193,11.5479,50.0067,-0.0067,-2.6745,-3.0658,50.2544,8.8734,50.0,0.0,-2.8477,-3.265,100.1733,6.0257,50.0066,-0.0066,-3.0216,-3.4641,150.0885,3.0041,,,90.0,0.92
455,00h 07m 35s,7.363,False,False,0.3193,11.5479,50.0067,-0.0067,-2.6745,-3.0658,50.2544,8.8734,50.0,0.0,-2.8477,-3.265,100.1733,6.0257,50.0066,-0.0066,-3.0216,-3.4641,150.0885,3.0041,,,90.0,0.92
456,00h 07m 36s,7.363,False,False,0.3193,11.5479,50.0067,-0.0067,-2.6745,-3.0658,50.2544,8.8734,50.0,0.0,-2.8477,-3.265,100.1733,6.0257,50.0066,-0.0066,-3.0216,-3.4641,150.0885,3.0041,,,90.0,0.92
457,00h 07m 37s,7.363,False,False,0.3193,11.5479,50.0067,-0.0067,-2.6745,-3.0658,50.2544,8.8734,50.0,0.0,-2.8477,-3.265,100.1733,6.0257,50.0066,-0.0066,-3.0216,-3.4641,150.0885,3.0041,,,90.0,0.92
458,00h 07m 38s,7.363,False,False,0.3193,11.5479,50.0067,-0.0067,-2.6745,-3.0658,50.2544,8.8734,50.0,0.0,-2.8477,-3.265,100.1733,6.0257,50.0066,-0.0066,-3.0216,-3.4641,150.0885,3.0041,,,90.0,0.92
459,00h 07m 39s,7.363,False,False,0.3193,11.5479,50.0067,-0.0067,-2.6745,-3.0658,50.2544,8.8734,50.0,0.0,-2.8477,-3.265,100.1733,6.0257,50.0066,-0.0066,-3.0216,-3.4641,150.0885,3.0041,,,90.0,0.92
460,00h 07m 40s,7.363,False,False,0.3193,11.5479,50.0067,-0.0067,-2.6745,-3.0658,50.2544,8.8734,50.0,0.0,-2.8477,-3.265,100.1733,6.0257,50.0066,-0.0066,-3.0216,-3.4641,150.0885,3.0041,,,90.0,0.92
461,00h 07m 41s,7.363,False,False,0.3193,11.5479,50.0067,-0.0067,-2.6745,-3.0658,50.2544,8.8734,50.0,0.0,-2.8477,-3.265,100.1733,6.0257,50.0066,-0.0066,-3.0216,-3.4641,150.0885,3.0041,,,90.0,0.92
462,00h 07m 42s,7.363,False,False,0.3193,11.5479,50.0067,-0.0067,-2.6745,-3.0658,50.2544,8.8734,50.0,0.0,-2.8477,-3.265,100.1733,6.0257,50.0066,-0.0066,-3.0216,-3.4641,150.0885,3.0041,,,90.0,0.92
463,00h 07m 43s,7.363,False,False,0.3193,11.5479,50.0067,-0.0067,-2.6745,-3.0658,50.2544,8.8734,50.0,0.0,-2.8477,-3.265,100.1733,6.0257,50.0066,-0.0066,-3.0216,-3.4641,150.0885,3.0041,,,90.0,0.92
464,00h 07m 44s,7.363,False,False,0.3193,11.5479,50.0067,-0.0067,-2.6745,-3.0658,50.2544,8.8734,50.0,0.0,-2.8477,-3.265,100.1733,6.0257,50.0066,-0.0066,-3.0216,-3.4641,150.0885,3.0041,,,90.0,0.92
465,00h 07m 45s,7.363,False,False,0.3193,11.5479,50.0067,-0.0067,-2.6745,-3.0658,50.2544,8.8734,50.0,0.0,-2.8477,-3.265,100.1733,6.0257,50.0066,-0.0066,-3.0216,-3.4641,150.0885,3.0041,,,90.0,0.92
466,00h 07m 46s,7.363,False,False,0.3193,11.5479,50.0067,-0.0067,-2.6745,-3.0658,50.2544,8.8734,50.0,0.0,-2.8477,-3.265,100.1733,6.0257,50.0066,-0.0066,-3.0216,-3.4641,150.0885,3.0041,,,90.0,0.92
467,00h 07m 47s,7.363,False,False,0.3193,11.5479,50.0067,-0.0067,-2.6745,-3.0658,50.2544,8.8734,50.0,0.0,-2.8477,-3.265,100.1733,6.0257,50.0066,-0.0066,-3.0216,-3.4641,150.0885,3.0041,,,90.0,0.92
468,00h 07m 48s,7.363,False,False,0.3193,11.5479,50.0067,-0.0067,-2.6745,-3.0658,50.2544,8.8734,50.0,0.0,-2.8477,-3.265,100.1733,6.0257,50.0066,-0.0066,-3.0216,-3.4641,150.0885,3.0041,,,90.0,0.92
469,00h 07m 49s,7.363,False,False,0.3193,11.5479,50.0067,-0.0067,-2.6745,-3.0658,50.2544,8.8734,50.0,0.0,-2.8477,-3.265,100.1733,6.0257,50.0066,-0.0066,-3.0216,-3.4641,150.0885,3.0041,,,90.0,0.92
470,00h 07m 50s,7.363,False,False,0.3193,11.5479,50.0067,-0.0067,-2.6745,-3.0658,50.2544,8.8734,50.0,0.0,-2.8477,-3.265,100.1733,6.0257,50.0066,-0.0066,-3.0216,-3.4641,150.0885,3.0041,,,90.0,0.92
471,00h 07m 51s,7.363,False,False,0.3193,11.5479,50.0067,-0.0067,-2.6745,-3.0658,50.2544,8.8734,50.0,0.0,-2.8477,-3.265,100.1733,6.0257,50.0066,-0.0066,-3.0216,-3.4641,150.0885,3.0041,,,90.0,0.92
472,00h 07m 52s,7.363,False,False,0.3193,11.5479,50.0067,-0.0067,-2.6745,-3.0658,50.2544,8.8734,50.0,0.0,-2.8477,-3.265,100.1733,6.0257,50.0066,-0.0066,-3.0216,-3.4641,150.0885,3.0041,,,90.0,0.92
473,00h 07m 53s,7.363,False,False,0.3193,11.5479,50.0067,-0.0067,-2.6745,-3.0658,50.2544,8.8734,50.0,0.0,-2.8477,-3.265,100.1733,6.0257,50.0066,-0.0066,-3.0216,-3.4641,150.0885,3.0041,,,90.0,0.92
474,00h 07m 54s,7.363,False,False,0.3193,11.5479,50.0067,-0.0067,-2.6745,-3.0658,50.2544,8.8734,50.0,0.0,-2.8477,-3.265,100.1733,6.0257,50.0066,-0.0066,-3.0216,-3.4641,150.0885,3.0041,,,90.0,0.92
475,00h 07m 55s,7.363,False,False,0.3193,11.5479,50.0067,-0.0067,-2.6745,-3.0658,50.2544,8.8734,50.0,0.0,-2.8477,-3.265,100.1733,6.0257,50.0066,-0.0066,-3.0216,-3.4641,150.0885,3.0041,,,90.0,0.92
476,00h 07m 56s,7.363,False,False,0.3193,11.5479,50.0067,-0.0067,-2.6745,-3.0658,50.2544,8.8734,50.0,0.0,-2.8477,-3.265,100.1733,6.0257,50.0066,-0.0066,-3.0216,-3.4641,150.0885,3.0041,,,90.0,0.92
477,00h 07m 57s,7.363,False,False,0.3193,11.5479,50.0067,-0.0067,-2.6745,-3.0658,50.2544,8.8734,50.0,0.0,-2.8477,-3.265,100.1733,6.0257,50.0066,-0.0066,-3.0216,-3.4641,150.0885,3.0041,,,90.0,0.92
478,00h 07m 58s,7.363,False,False,0.3193,11.5479,50.0067,-0.0067,-2.6745,-3.0658,50.2544,8.8734,50.0,0.0,-2.8477,-3.265,100.1733,6.0257,50.0066,-0.0066,-3.0216,-3.4641,150.0885,3.0041,,,90.0,0.92
479,00h 07m 59s,7.363,False,False,0.3193,11.5479,50.0067,-0.0067,-2.6745,-3.0658,50.2544,8.8734,50.0,0.0,-2.8477,-3.265,100.1733,6.0257,50.0066,-0.0066,-3.0216,-3.4641,150.0885,3.0041,,,90.0,0.92
480,00h 08m 00s,7.387,False,False,0.3234,11.5956,50.0052,-0.0052,-2.7224,-3.1208,50.2544,8.8732,50.0,0.0,-2.8473,-3.2645,100.1733,6.0259,50.0071,-0.0071,-2.9728,-3.4081,150.092,3.0531,,,90.0,0.92
481,00h 08m 01s,7.411,False,False,0.3267,11.6442,50.0045,-0.0045,-2.7711,-3.1768,50.2544,8.873,50.0,0.0,-2.847,-3.2642,100.1733,6.026,50.0065,-0.0065,-2.9235,-3.3516,150.0942,3.1025,,,90.0,0.92
482,00h 08m 02s,7.436,False,False,0.3294,11.6928,50.0046,-0.0046,-2.8198,-3.2327,50.2544,8.8729,50.0,0.0,-2.8468,-3.264,100.1733,6.0261,50.0058,-0.0058,-2.8744,-3.2952,150.0964,3.1518,,,90.0,0.92
483,00h 08m 03s,7.46,False,False,0.3327,11.7415,50.0041,-0.0041,-2.8686,-3.2887,50.2544,8.8729,50.0,0.0,-2.8467,-3.2638,100.1733,6.0262,50.0061,-0.0061,-2.8253,-3.2389,150.0996,3.2009,,,90.0,0.92
484,00h 08m 04s,7.485,False,False,0.3357,11.7899,50.0038,-0.0038,-2.9172,-3.3445,50.2544,8.8727,50.0,0.0,-2.8464,-3.2635,100.1733,6.0263,50.0069,-0.0069,-2.7763,-3.1826,150.1031,3.25,,,90.1,0.92
485,00h 08m 05s,7.552,False,False,0.3384,11.8377,50.0052,-0.0052,-2.8788,-3.3004,50.2607,8.9589,50.0,0.0,-2.8459,-3.263,100.1796,6.113,50.0052,-0.0052,-2.8137,-3.2256,150.1056,3.2993,,,87.1,0.92
486,00h 08m 06s,7.62,False,False,0.3412,11.8863,50.0051,-0.0051,-2.8409,-3.2568,50.2655,9.0454,50.0,0.0,-2.8457,-3.2627,100.1845,6.1997,50.0051,-0.0051,-2.8511,-3.2686,150.1082,3.3486,,,85.6,0.92
487,00h 08m 07s,7.688,False,False,0.3437,11.9349,50.0055,-0.0055,-2.8028,-3.2131,50.2706,9.132,50.0,0.0,-2.8455,-3.2625,100.1895,6.2865,50.0054,-0.0054,-2.8888,-3.3118,150.1115,3.3977,,,83.8,0.92
488,00h 08m 08s,7.755,False,False,0.3457,11.983,50.0059,-0.0059,-2.7647,-3.1694,50.2752,9.2182,50.0,0.0,-2.8451,-3.262,100.1941,6.3731,50.0059,-0.0059,-2.9261,-3.3546,150.1143,3.447,,,82.6,0.92
489,00h 08m 09s,7.823,False,False,0.3485,12.0309,50.0061,-0.0061,-2.7263,-3.1253,50.2802,9.3047,50.0,0.0,-2.8448,-3.2616,100.1992,6.4599,50.006,-0.006,-2.9639,-3.398,150.1173,3.496,,,80.8,0.92
490,00h 08m 10s,7.891,False,False,0.3516,12.0794,50.0061,-0.0061,-2.6883,-3.0816,50.2854,9.3912,50.0,0.0,-2.8445,-3.2614,100.2044,6.5466,50.006,-0.006,-3.0015,-3.4411,150.1202,3.5452,,,79.0,1.22
491,00h 08m 11s,7.915,False,False,0.3547,12.128,50.0057,-0.0057,-2.7369,-3.1375,50.2854,9.3911,50.0,0.0,-2.8444,-3.2612,100.2044,6.5467,50.0064,-0.0064,-2.9525,-3.3849,150.1236,3.5942,,,79.0,1.22
492,00h 08m 12s,7.939,False,False,0.3571,12.1762,50.0058,-0.0058,-2.7853,-3.193,50.2854,9.3909,50.0,0.0,-2.844,-3.2607,100.2044,6.5469,50.0061,-0.0061,-2.9034,-3.3285,150.1262,3.6435,,,79.0,1.22
493,00h 08m 13s,7.964,False,False,0.3589,12.224,50.0068,-0.0068,-2.8333,-3.248,50.2853,9.3907,50.0,0.0,-2.8436,-3.2602,100.2044,6.5471,50.006,-0.006,-2.8546,-3.2725,150.1289,3.6926,,,79.0,1.22
494,00h 08m 14s,7.988,False,False,0.3614,12.272,50.007,-0.007,-2.8815,-3.3033,50.2853,9.3905,50.0,0.0,-2.8433,-3.2599,100.2044,6.5473,50.0057,-0.0057,-2.8057,-3.2165,150.1313,3.7415,,,79.0,1.22
495,00h 08m 15s,8.012,False,False,0.3633,12.3201,50.0079,-0.0079,-2.9297,-3.3586,50.2853,9.3903,50.0,0.0,-2.8429,-3.2594,100.2044,6.5475,50.0054,-0.0054,-2.7567,-3.1602,150.1338,3.7907,,,79.0,1.22
496,00h 08m 16s,8.08,False,False,0.3656,12.3686,50.0065,-0.0065,-2.8918,-3.3152,50.2884,9.4768,50.0,0.0,-2.8426,-3.2592,100.2075,6.6342,50.0065,-0.0065,-2.7942,-3.2031,150.1359,3.84,,,79.3,1.22
497,00h 08m 17s,8.148,False,False,0.3684,12.417,50.0067,-0.0067,-2.8535,-3.2712,50.2936,9.5635,50.0,0.0,-2.8424,-3.259,100.2128,6.721,50.0067,-0.0067,-2.8321,-3.2467,150.1392,3.8889,,,77.3,1.22
498,00h 08m 18s,8.216,False,False,0.3707,12.4657,50.0071,-0.0071,-2.8156,-3.2277,50.2985,9.6501,50.0,0.0,-2.8422,-3.2587,100.2176,6.8079,50.0071,-0.0071,-2.8696,-3.2897,150.1423,3.9383,,,75.8,1.22
499,00h 08m 19s,8.283,False,False,0.3719,12.5139,50.0078,-0.0078,-2.7772,-3.1836,50.3026,9.7367,50.0,0.0,-2.8418,-3.2582,100.2218,6.8949,50.0078,-0.0078,-2.9072,-3.3328,150.145,3.9876,,,75.0,1.22
500,00h 08m 20s,8.351,False,False,0.3751,12.5618,50.0075,-0.0075,-2.7386,-3.1393,50.3075,9.8232,50.0,0.0,-2.8413,-3.2577,100.2267,6.9818,50.0075,-0.0075,-2.9449,-3.376,150.1474,4.0369,,,73.4,1.22
501,00h 08m 21s,8.418,False,False,0.3775,12.6097,50.0082,-0.0082,-2.7001,-3.0951,50.3127,9.9096,50.0,0.0,-2.8409,-3.2572,100.2319,7.0686,50.0081,-0.0081,-2.9826,-3.4193,150.151,4.086,,,71.6,0.82
502,00h 08m 22s,8.486,False,False,0.3804,12.6575,50.0082,-0.0082,-2.6616,-3.0509,50.3177,9.9959,50.0,0.0,-2.8405,-3.2568,100.237,7.1554,50.0082,-0.0082,-3.0204,-3.4627,150.1538,4.135,,,69.8,0.82
503,00h 08m 23s,8.51,False,False,0.3836,12.7057,50.0077,-0.0077,-2.71,-3.1065,50.3177,9.9958,50.0,0.0,-2.8403,-3.2565,100.237,7.1555,50.0088,-0.0088,-2.9715,-3.4065,150.1575,4.184,,,69.8,0.82
504,00h 08m 24s,8.534,False,False,0.3869,12.7535,50.0069,-0.0069,-2.7579,-3.1615,50.3177,9.9956,50.0,0.0,-2.8398,-3.256,100.237,7.1557,50.0083,-0.0083,-2.9226,-3.3504,150.1598,4.2331,,,69.8,0.82
505,00h 08m 25s,8.559,False,False,0.3892,12.8022,50.0073,-0.0073,-2.8067,-3.2175,50.3177,9.9955,50.0,0.0,-2.8398,-3.2559,100.237,7.1558,50.0082,-0.0082,-2.8736,-3.2942,150.1625,4.2821,,,69.8,0.82
506,00h 08m 26s,8.583,False,False,0.3923,12.8506,50.007,-0.007,-2.8552,-3.2731,50.3177,9.9954,50.0,0.0,-2.8395,-3.2555,100.237,7.1559,50.0076,-0.0076,-2.8246,-3.2379,150.1648,4.3313,,,69.9,0.82
507,00h 08m 27s,8.608,False,False,0.3953,12.8992,50.0068,-0.0068,-2.9039,-3.329,50.3177,9.9953,50.0,0.0,-2.8393,-3.2554,100.237,7.156,50.0071,-0.0071,-2.7755,-3.1817,150.167,4.3804,,,69.9,0.82
508,00h 08m 28s,8.675,False,False,0.3977,12.9474,50.0069,-0.0069,-2.8658,-3.2853,50.3224,10.0816,50.0,0.0,-2.8389,-3.2549,100.2417,7.2426,50.0069,-0.0069,-2.8128,-3.2245,150.1695,4.4298,,,68.5,0.82
509,00h 08m 29s,8.743,False,False,0.4006,12.9961,50.007,-0.007,-2.8282,-3.2421,50.3276,10.168,50.0,0.0,-2.8387,-3.2547,100.247,7.3292,50.007,-0.007,-2.8501,-3.2673,150.1727,4.4792,,,66.6,0.82
510,00h 08m 30s,8.786,False,False,0.4006,12.9961,50.0071,-0.0071,-2.7416,-3.1427,50.3326,10.2546,50.0,0.0,-2.8387,-3.2547,100.2519,7.4159,50.0071,-0.0071,-2.9367,-3.3667,150.1727,4.4792,,,65.0,0.82
511,00h 08m 31s,8.83,False,False,0.4006,12.9961,50.0074,-0.0074,-2.6548,-3.0431,50.3375,10.3414,50.0,0.0,-2.8387,-3.2547,100.2569,7.5026,50.0073,-0.0073,-3.0235,-3.4662,150.1727,4.4792,,,63.3,0.82
512,00h 08m 32s,8.83,False,False,0.4006,12.9961,50.0074,-0.0074,-2.6548,-3.0431,50.3375,10.3414,50.0,0.0,-2.8387,-3.2547,100.2569,7.5026,50.0073,-0.0073,-3.0235,-3.4662,150.1727,4.4792,,,63.3,0.82
513,00h 08m 33s,8.83,False,False,0.4006,12.9961,50.0074,-0.0074,-2.6548,-3.0431,50.3375,10.3414,50.0,0.0,-2.8387,-3.2547,100.2569,7.5026,50.0073,-0.0073,-3.0235,-3.4662,150.1727,4.4792,,,63.3,0.82
514,00h 08m 34s,8.83,False,False,0.4006,12.9961,50.0074,-0.0074,-2.6548,-3.0431,50.3375,10.3414,50.0,0.0,-2.8387,-3.2547,100.2569,7.5026,50.0073,-0.0073,-3.0235,-3.4662,150.1727,4.4792,,,63.3,0.82
515,00h 08m 35s,8.83,False,False,0.4006,12.9961,50.0074,-0.0074,-2.6548,-3.0431,50.3375,10.3414,50.0,0.0,-2.8387,-3.2547,100.2569,7.5026,50.0073,-0.0073,-3.0235,-3.4662,150.1727,4.4792,,,63.3,0.82
516,00h 08m 36s,8.83,False,False,0.4006,12.9961,50.0074,-0.0074,-2.6548,-3.0431,50.3375,10.3414,50.0,0.0,-2.8387,-3.2547,100.2569,7.5026,50.0073,-0.0073,-3.0235,-3.4662,150.1727,4.4792,,,63.3,0.82
517,00h 08m 37s,8.83,False,False,0.4006,12.9961,50.0074,-0.0074,-2.6548,-3.0431,50.3375,10.3414,50.0,0.0,-2.8387,-3.2547,100.2569,7.5026,50.0073,-0.0073,-3.0235,-3.4662,150.1727,4.4792,,,63.3,0.82
518,00h 08m 38s,8.83,False,False,0.4006,12.9961,50.0074,-0.0074,-2.6548,-3.0431,50.3375,10.3414,50.0,0.0,-2.8387,-3.2547,100.2569,7.5026,50.0073,-0.0073,-3.0235,-3.4662,150.1727,4.4792,,,63.3,0.82
519,00h 08m 39s,8.83,False,False,0.4006,12.9961,50.0074,-0.0074,-2.6548,-3.0431,50.3375,10.3414,50.0,0.0,-2.8387,-3.2547,100.2569,7.5026,50.0073,-0.0073,-3.0235,-3.4662,150.1727,4.4792,,,63.3,0.82
520,00h 08m 40s,8.83,False,False,0.4006,12.9961,50.0074,-0.0074,-2.6548,-3.0431,50.3375,10.3414,50.0,0.0,-2.8387,-3.2547,100.2569,7.5026,50.0073,-0.0073,-3.0235,-3.4662,150.1727,4.4792,,,63.3,0.82
521,00h 08m 41s,8.83,False,False,0.4006,12.9961,50.0074,-0.0074,-2.6548,-3.0431,50.3375,10.3414,50.0,0.0,-2.8387,-3.2547,100.2569,7.5026,50.0073,-0.0073,-3.0235,-3.4662,150.1727,4.4792,,,63.3,0.82
522,00h 08m 42s,8.83,False,False,0.4006,12.9961,50.0074,-0.0074,-2.6548,-3.0431,50.3375,10.3414,50.0,0.0,-2.8387,-3.2547,100.2569,7.5026,50.0073,-0.0073,-3.0235,-3.4662,150.1727,4.4792,,,63.3,0.82
523,00h 08m 43s,8.83,False,False,0.4006,12.9961,50.0074,-0.0074,-2.6548,-3.0431,50.3375,10.3414,50.0,0.0,-2.8387,-3.2547,100.2569,7.5026,50.0073,-0.0073,-3.0235,-3.4662,150.1727,4.4792,,,63.3,0.82
524,00h 08m 44s,8.83,False,False,0.4006,12.9961,50.0074,-0.0074,-2.6548,-3.0431,50.3375,10.3414,50.0,0.0,-2.8387,-3.2547,100.2569,7.5026,50.0073,-0.0073,-3.0235,-3.4662,150.1727,4.4792,,,63.3,0.82
525,00h 08m 45s,8.83,False,False,0.4006,12.9961,50.0074,-0.0074,-2.6548,-3.0431,50.3375,10.3414,50.0,0.0,-2.8387,-3.2547,100.2569,7.5026,50.0073,-0.0073,-3.0235,-3.4662,150.1727,4.4792,,,63.3,0.82
526,00h 08m 46s,8.83,False,False,0.4006,12.9961,50.0074,-0.0074,-2.6548,-3.0431,50.3375,10.3414,50.0,0.0,-2.8387,-3.2547,100.2569,7.5026,50.0073,-0.0073,-3.0235,-3.4662,150.1727,4.4792,,,63.3,0.82
527,00h 08m 47s,8.83,False,False,0.4006,12.9961,50.0074,-0.0074,-2.6548,-3.0431,50.3375,10.3414,50.0,0.0,-2.8387,-3.2547,100.2569,7.5026,50.0073,-0.0073,-3.0235,-3.4662,150.1727,4.4792,,,63.3,0.82
528,00h 08m 48s,8.83,False,False,0.4006,12.9961,50.0074,-0.0074,-2.6548,-3.0431,50.3375,10.3414,50.0,0.0,-2.8387,-3.2547,100.2569,7.5026,50.0073,-0.0073,-3.0235,-3.4662,150.1727,4.4792,,,63.3,0.82
529,00h 08m 49s,8.83,False,False,0.4006,12.9961,50.0074,-0.0074,-2.6548,-3.0431,50.3375,10.3414,50.0,0.0,-2.8387,-3.2547,100.2569,7.5026,50.0073,-0.0073,-3.0235,-3.4662,150.1727,4.4792,,,63.3,0.82
530,00h 08m 50s,8.83,False,False,0.4006,12.9961,50.0074,-0.0074,-2.6548,-3.0431,50.3375,10.3414,50.0,0.0,-2.8387,-3.2547,100.2569,7.5026,50.0073,-0.0073,-3.0235,-3.4662,150.1727,4.4792,,,63.3,0.82
531,00h 08m 51s,8.83,False,False,0.4006,12.9961,50.0074,-0.0074,-2.6548,-3.0431,50.3375,10.3414,50.0,0.0,-2.8387,-3.2547,100.2569,7.5026,50.0073,-0.0073,-3.0235,-3.4662,150.1727,4.4792,,,63.3,0.82
532,00h 08m 52s,8.83,False,False,0.4006,12.9961,50.0074,-0.0074,-2.6548,-3.0431,50.3375,10.3414,50.0,0.0,-2.8387,-3.2547,100.2569,7.5026,50.0073,-0.0073,-3.0235,-3.4662,150.1727,4.4792,,,63.3,0.82
533,00h 08m 53s,8.83,False,False,0.4006,12.9961,50.0074,-0.0074,-2.6548,-3.0431,50.3375,10.3414,50.0,0.0,-2.8387,-3.2547,100.2569,7.5026,50.0073,-0.0073,-3.0235,-3.4662,150.1727,4.4792,,,63.3,0.82
534,00h 08m 54s,8.83,False,False,0.4006,12.9961,50.0074,-0.0074,-2.6548,-3.0431,50.3375,10.3414,50.0,0.0,-2.8387,-3.2547,100.2569,7.5026,50.0073,-0.0073,-3.0235,-3.4662,150.1727,4.4792,,,63.3,0.82
535,00h 08m 55s,8.83,False,False,0.4006,12.9961,50.0074,-0.0074,-2.6548,-3.0431,50.3375,10.3414,50.0,0.0,-2.8387,-3.2547,100.2569,7.5026,50.0073,-0.0073,-3.0235,-3.4662,150.1727,4.4792,,,63.3,0.82
536,00h 08m 56s,8.83,False,False,0.4006,12.9961,50.0074,-0.0074,-2.6548,-3.0431,50.3375,10.3414,50.0,0.0,-2.8387,-3.2547,100.2569,7.5026,50.0073,-0.0073,-3.0235,-3.4662,150.1727,4.4792,,,63.3,0.82
537,00h 08m 57s,8.83,False,False,0.4006,12.9961,50.0074,-0.0074,-2.6548,-3.0431,50.3375,10.3414,50.0,0.0,-2.8387,-3.2547,100.2569,7.5026,50.0073,-0.0073,-3.0235,-3.4662,150.1727,4.4792,,,63.3,0.82
538,00h 08m 58s,8.83,False,False,0.4006,12.9961,50.0074,-0.0074,-2.6548,-3.0431,50.3375,10.3414,50.0,0.0,-2.8387,-3.2547,100.2569,7.5026,50.0073,-0.0073,-3.0235,-3.4662,150.1727,4.4792,,,63.3,0.82
539,00h 08m 59s,8.83,False,False,0.4006,12.9961,50.0074,-0.0074,-2.6548,-3.0431,50.3375,10.3414,50.0,0.0,-2.8387,-3.2547,100.2569,7.5026,50.0073,-0.0073,-3.0235,-3.4662,150.1727,4.4792,,,63.3,0.82
540,00h 09m 00s,8.854,False,False,0.403,13.0441,50.0076,-0.0076,-2.703,-3.0984,50.3375,10.3411,50.0,0.0,-2.8383,-3.2542,100.2569,7.5029,50.0061,-0.0061,-2.9743,-3.4099,150.1744,4.5286,,,63.3,0.82
541,00h 09m 01s,8.879,False,False,0.4052,13.0926,50.0081,-0.0081,-2.7516,-3.1542,50.3375,10.341,50.0,0.0,-2.8381,-3.254,100.2569,7.503,50.0056,-0.0056,-2.9254,-3.3538,150.1769,4.5776,,,63.3,0.82
542,00h 09m 02s,8.903,False,False,0.4089,13.1406,50.007,-0.007,-2.7997,-3.2095,50.3375,10.3409,50.0,0.0,-2.8377,-3.2535,100.2569,7.5031,50.0055,-0.0055,-2.8764,-3.2976,150.1796,4.6268,,,63.3,0.82
543,00h 09m 03s,8.927,False,False,0.412,13.1887,50.0066,-0.0066,-2.8481,-3.265,50.3375,10.3406,50.0,0.0,-2.8373,-3.253,100.2569,7.5034,50.0051,-0.0051,-2.8272,-3.2411,150.182,4.6762,,,63.3,0.82
544,00h 09m 04s,8.952,False,False,0.4154,13.2368,50.0061,-0.0061,-2.8963,-3.3204,50.3375,10.3405,50.0,0.0,-2.837,-3.2527,100.2569,7.5035,50.0044,-0.0044,-2.7783,-3.185,150.1841,4.7252,,,63.4,0.82
545,00h 09m 05s,9.019,False,False,0.4176,13.2847,50.0054,-0.0054,-2.858,-3.2764,50.3413,10.4268,50.0,0.0,-2.8366,-3.2522,100.2608,7.5902,50.0054,-0.0054,-2.8158,-3.228,150.1869,4.7744,,,62.8,0.97
546,00h 09m 06s,9.087,False,False,0.4203,13.3325,50.0055,-0.0055,-2.8193,-3.232,50.3463,10.5132,50.0,0.0,-2.8361,-3.2517,100.2658,7.6771,50.0055,-0.0055,-2.8536,-3.2714,150.1898,4.8235,,,61.2,0.97
547,00h 09m 07s,9.154,False,False,0.4232,13.3808,50.0057,-0.0057,-2.781,-3.1881,50.3515,10.5998,50.0,0.0,-2.8359,-3.2514,100.271,7.7639,50.0057,-0.0057,-2.8914,-3.3147,150.1931,4.8725,,,59.3,0.97
548,00h 09m 08s,9.222,False,False,0.4263,13.4287,50.0055,-0.0055,-2.7426,-3.144,50.3566,10.6861,50.0,0.0,-2.8355,-3.251,100.2761,7.8506,50.0055,-0.0055,-2.929,-3.3579,150.1957,4.9216,,,57.5,0.97
549,00h 09m 09s,9.289,False,False,0.4278,13.4768,50.0059,-0.0059,-2.7043,-3.1,50.3606,10.7725,50.0,0.0,-2.8351,-3.2506,100.2801,7.9374,50.0058,-0.0058,-2.9666,-3.4011,150.1979,4.9708,,,56.8,0.97
550,00h 09m 10s,9.357,False,False,0.4309,13.5252,50.0059,-0.0059,-2.6662,-3.0563,50.3657,10.859,50.0,0.0,-2.8349,-3.2503,100.2853,8.0242,50.0058,-0.0058,-3.0042,-3.4442,150.2008,5.02,,,55.0,0.97
551,00h 09m 11s,9.381,False,False,0.4337,13.5738,50.0058,-0.0058,-2.7148,-3.1121,50.3657,10.859,50.0,0.0,-2.8347,-3.2501,100.2853,8.0243,50.0066,-0.0066,-2.9553,-3.388,150.2045,5.069,,,55.0,0.97
552,00h 09m 12s,9.406,False,False,0.4357,13.6217,50.0064,-0.0064,-2.7629,-3.1673,50.3657,10.8587,50.0,0.0,-2.8343,-3.2496,100.2853,8.0245,50.0078,-0.0078,-2.9064,-3.3319,150.2085,5.1181,,,55.0,0.97
553,00h 09m 13s,9.43,False,False,0.4387,13.6702,50.0061,-0.0061,-2.8115,-3.2231,50.3657,10.8586,50.0,0.0,-2.8341,-3.2494,100.2853,8.0246,50.0084,-0.0084,-2.8575,-3.2756,150.212,5.1671,,,55.0,0.97
554,00h 09m 14s,9.455,False,False,0.4422,13.7188,50.0053,-0.0053,-2.8602,-3.279,50.3657,10.8586,50.0,0.0,-2.8339,-3.2492,100.2853,8.0246,50.0088,-0.0088,-2.8085,-3.2194,150.2152,5.2162,,,55.0,0.97
555,00h 09m 15s,9.479,False,False,0.4444,13.7675,50.006,-0.006,-2.909,-3.3349,50.3657,10.8585,50.0,0.0,-2.8338,-3.2491,100.2853,8.0247,50.0088,-0.0088,-2.7595,-3.1632,150.2179,5.2652,,,55.0,0.97
556,00h 09m 16s,9.547,False,False,0.4471,13.8156,50.0073,-0.0073,-2.8708,-3.291,50.3719,10.9449,50.0,0.0,-2.8335,-3.2487,100.2915,8.1113,50.0073,-0.0073,-2.7972,-3.2065,150.2206,5.3142,,,52.1,1.18
557,00h 09m 17s,9.614,False,False,0.4488,13.8638,50.0079,-0.0079,-2.8326,-3.2471,50.3764,11.0312,50.0,0.0,-2.8332,-3.2484,100.2961,8.198,50.0079,-0.0079,-2.8348,-3.2496,150.2236,5.3632,,,51.0,1.18
558,00h 09m 18s,9.682,False,False,0.452,13.912,50.0077,-0.0077,-2.7942,-3.2031,50.3816,11.1177,50.0,0.0,-2.8329,-3.2479,100.3013,8.2849,50.0077,-0.0077,-2.8723,-3.2928,150.2264,5.4125,,,49.1,1.18
559,00h 09m 19s,9.749,False,False,0.4545,13.9599,50.0078,-0.0078,-2.7557,-3.159,50.3864,11.2041,50.0,0.0,-2.8324,-3.2475,100.3061,8.3717,50.0078,-0.0078,-2.91,-3.336,150.2291,5.4617,,,47.6,1.18
560,00h 09m 20s,9.817,False,False,0.4576,14.0078,50.0075,-0.0075,-2.7172,-3.1147,50.3912,11.2906,50.0,0.0,-2.832,-3.247,100.311,8.4586,50.0075,-0.0075,-2.9476,-3.3792,150.2315,5.5109,,,46.1,1.18
561,00h 09m 21s,9.885,False,False,0.4594,14.0563,50.0076,-0.0076,-2.6793,-3.0713,50.3952,11.377,50.0,0.0,-2.8318,-3.2467,100.315,8.5452,50.0075,-0.0075,-2.9851,-3.4222,150.2333,5.5601,,,45.4,1.18
562,00h 09m 22s,9.909,False,False,0.4626,14.1044,50.0071,-0.0071,-2.7276,-3.1267,50.3952,11.3768,50.0,0.0,-2.8314,-3.2463,100.315,8.5454,50.0081,-0.0081,-2.9361,-3.3659,150.2368,5.6093,,,45.4,1.18
563,00h 09m 23s,9.933,False,False,0.4648,14.1529,50.0075,-0.0075,-2.7762,-3.1825,50.3952,11.3767,50.0,0.0,-2.8312,-3.246,100.315,8.5455,50.0077,-0.0077,-2.887,-3.3095,150.2393,5.6585,,,45.4,1.18
564,00h 09m 24s,9.958,False,False,0.4674,14.201,50.0076,-0.0076,-2.8246,-3.2379,50.3952,11.3765,50.0,0.0,-2.8308,-3.2455,100.315,8.5457,50.0066,-0.0066,-2.8378,-3.2531,150.241,5.7079,,,45.4,1.18
565,00h 09m 25s,9.982,False,False,0.4699,14.2488,50.0078,-0.0078,-2.8726,-3.293,50.3952,11.3762,50.0,0.0,-2.8303,-3.245,100.315,8.5459,50.0072,-0.0072,-2.7889,-3.197,150.2443,5.757,,,45.4,1.18
566,00h 09m 26s,10.006,False,False,0.4726,14.2975,50.008,-0.008,-2.9214,-3.349,50.3952,11.3761,50.0,0.0,-2.8301,-3.2448,100.315,8.546,50.0077,-0.0077,-2.7397,-3.1406,150.2476,5.8063,,,45.4,1.18
567,00h 09m 27s,10.074,False,False,0.476,14.3462,50.0075,-0.0075,-2.8837,-3.3058,50.4003,11.4625,50.0,0.0,-2.83,-3.2446,100.3201,8.6325,50.0075,-0.0075,-2.7771,-3.1835,150.2505,5.8554,,,43.6,0.94
568,00h 09m 28s,10.142,False,False,0.4782,14.3947,50.0076,-0.0076,-2.8459,-3.2625,50.4048,11.5488,50.0,0.0,-2.8297,-3.2444,100.3246,8.7191,50.0076,-0.0076,-2.8144,-3.2263,150.253,5.9047,,,42.5,0.94
569,00h 09m 29s,10.209,False,False,0.4811,14.4428,50.0074,-0.0074,-2.8077,-3.2186,50.4097,11.635,50.0,0.0,-2.8294,-3.2439,100.3295,8.8057,50.0074,-0.0074,-2.8518,-3.2692,150.2556,5.9539,,,40.9,0.94
570,00h 09m 30s,10.253,False,False,0.4811,14.4428,50.0076,-0.0076,-2.7209,-3.119,50.4146,11.7219,50.0,0.0,-2.8294,-3.2439,100.3345,8.8925,50.0075,-0.0075,-2.9386,-3.3689,150.2556,5.9539,,,39.3,0.94
571,00h 09m 31s,10.253,False,False,0.4811,14.4428,50.0076,-0.0076,-2.7209,-3.119,50.4146,11.7219,50.0,0.0,-2.8294,-3.2439,100.3345,8.8925,50.0075,-0.0075,-2.9386,-3.3689,150.2556,5.9539,,,39.3,0.94
572,00h 09m 32s,10.253,False,False,0.4811,14.4428,50.0076,-0.0076,-2.7209,-3.119,50.4146,11.7219,50.0,0.0,-2.8294,-3.2439,100.3345,8.8925,50.0075,-0.0075,-2.9386,-3.3689,150.2556,5.9539,,,39.3,0.94
573,00h 09m 33s,10.253,False,False,0.4811,14.4428,50.0076,-0.0076,-2.7209,-3.119,50.4146,11.7219,50.0,0.0,-2.8294,-3.2439,100.3345,8.8925,50.0075,-0.0075,-2.9386,-3.3689,150.2556,5.9539,,,39.3,0.94
574,00h 09m 34s,10.253,False,False,0.4811,14.4428,50.0076,-0.0076,-2.7209,-3.119,50.4146,11.7219,50.0,0.0,-2.8294,-3.2439,100.3345,8.8925,50.0075,-0.0075,-2.9386,-3.3689,150.2556,5.9539,,,39.3,0.94
575,00h 09m 35s,10.253,False,False,0.4811,14.4428,50.0076,-0.0076,-2.7209,-3.119,50.4146,11.7219,50.0,0.0,-2.8294,-3.2439,100.3345,8.8925,50.0075,-0.0075,-2.9386,-3.3689,150.2556,5.9539,,,39.3,0.94
576,00h 09m 36s,10.253,False,False,0.4811,14.4428,50.0076,-0.0076,-2.7209,-3.119,50.4146,11.7219,50.0,0.0,-2.8294,-3.2439,100.3345,8.8925,50.0075,-0.0075,-2.9386,-3.3689,150.2556,5.9539,,,39.3,0.94
577,00h 09m 37s,10.253,False,False,0.4811,14.4428,50.0076,-0.0076,-2.7209,-3.119,50.4146,11.7219,50.0,0.0,-2.8294,-3.2439,100.3345,8.8925,50.0075,-0.0075,-2.9386,-3.3689,150.2556,5.9539,,,39.3,0.94
578,00h 09m 38s,10.253,False,False,0.4811,14.4428,50.0076,-0.0076,-2.7209,-3.119,50.4146,11.7219,50.0,0.0,-2.8294,-3.2439,100.3345,8.8925,50.0075,-0.0075,-2.9386,-3.3689,150.2556,5.9539,,,39.3,0.94
579,00h 09m 39s,10.253,False,False,0.4811,14.4428,50.0076,-0.0076,-2.7209,-3.119,50.4146,11.7219,50.0,0.0,-2.8294,-3.2439,100.3345,8.8925,50.0075,-0.0075,-2.9386,-3.3689,150.2556,5.9539,,,39.3,0.94
580,00h 09m 40s,10.253,False,False,0.4811,14.4428,50.0076,-0.0076,-2.7209,-3.119,50.4146,11.7219,50.0,0.0,-2.8294,-3.2439,100.3345,8.8925,50.0075,-0.0075,-2.9386,-3.3689,150.2556,5.9539,,,39.3,0.94
581,00h 09m 41s,10.253,False,False,0.4811,14.4428,50.0076,-0.0076,-2.7209,-3.119,50.4146,11.7219,50.0,0.0,-2.8294,-3.2439,100.3345,8.8925,50.0075,-0.0075,-2.9386,-3.3689,150.2556,5.9539,,,39.3,0.94
582,00h 09m 42s,10.253,False,False,0.4811,14.4428,50.0076,-0.0076,-2.7209,-3.119,50.4146,11.7219,50.0,0.0,-2.8294,-3.2439,100.3345,8.8925,50.0075,-0.0075,-2.9386,-3.3689,150.2556,5.9539,,,39.3,0.94
583,00h 09m 43s,10.253,False,False,0.4811,14.4428,50.0076,-0.0076,-2.7209,-3.119,50.4146,11.7219,50.0,0.0,-2.8294,-3.2439,100.3345,8.8925,50.0075,-0.0075,-2.9386,-3.3689,150.2556,5.9539,,,39.3,0.94
584,00h 09m 44s,10.253,False,False,0.4811,14.4428,50.0076,-0.0076,-2.7209,-3.119,50.4146,11.7219,50.0,0.0,-2.8294,-3.2439,100.3345,8.8925,50.0075,-0.0075,-2.9386,-3.3689,150.2556,5.9539,,,39.3,0.94
585,00h 09m 45s,10.253,False,False,0.4811,14.4428,50.0076,-0.0076,-2.7209,-3.119,50.4146,11.7219,50.0,0.0,-2.8294,-3.2439,100.3345,8.8925,50.0075,-0.0075,-2.9386,-3.3689,150.2556,5.9539,,,39.3,0.94
586,00h 09m 46s,10.253,False,False,0.4811,14.4428,50.0076,-0.0076,-2.7209,-3.119,50.4146,11.7219,50.0,0.0,-2.8294,-3.2439,100.3345,8.8925,50.0075,-0.0075,-2.9386,-3.3689,150.2556,5.9539,,,39.3,0.94
587,00h 09m 47s,10.253,False,False,0.4811,14.4428,50.0076,-0.0076,-2.7209,-3.119,50.4146,11.7219,50.0,0.0,-2.8294,-3.2439,100.3345,8.8925,50.0075,-0.0075,-2.9386,-3.3689,150.2556,5.9539,,,39.3,0.94
588,00h 09m 48s,10.253,False,False,0.4811,14.4428,50.0076,-0.0076,-2.7209,-3.119,50.4146,11.7219,50.0,0.0,-2.8294,-3.2439,100.3345,8.8925,50.0075,-0.0075,-2.9386,-3.3689,150.2556,5.9539,,,39.3,0.94
589,00h 09m 49s,10.253,False,False,0.4811,14.4428,50.0076,-0.0076,-2.7209,-3.119,50.4146,11.7219,50.0,0.0,-2.8294,-3.2439,100.3345,8.8925,50.0075,-0.0075,-2.9386,-3.3689,150.2556,5.9539,,,39.3,0.94
590,00h 09m 50s,10.253,False,False,0.4811,14.4428,50.0076,-0.0076,-2.7209,-3.119,50.4146,11.7219,50.0,0.0,-2.8294,-3.2439,100.3345,8.8925,50.0075,-0.0075,-2.9386,-3.3689,150.2556,5.9539,,,39.3,0.94
591,00h 09m 51s,10.253,False,False,0.4811,14.4428,50.0076,-0.0076,-2.7209,-3.119,50.4146,11.7219,50.0,0.0,-2.8294,-3.2439,100.3345,8.8925,50.0075,-0.0075,-2.9386,-3.3689,150.2556,5.9539,,,39.3,0.94
592,00h 09m 52s,10.253,False,False,0.4811,14.4428,50.0076,-0.0076,-2.7209,-3.119,50.4146,11.7219,50.0,0.0,-2.8294,-3.2439,100.3345,8.8925,50.0075,-0.0075,-2.9386,-3.3689,150.2556,5.9539,,,39.3,0.94
593,00h 09m 53s,10.253,False,False,0.4811,14.4428,50.0076,-0.0076,-2.7209,-3.119,50.4146,11.7219,50.0,0.0,-2.8294,-3.2439,100.3345,8.8925,50.0075,-0.0075,-2.9386,-3.3689,150.2556,5.9539,,,39.3,0.94
594,00h 09m 54s,10.253,False,False,0.4811,14.4428,50.0076,-0.0076,-2.7209,-3.119,50.4146,11.7219,50.0,0.0,-2.8294,-3.2439,100.3345,8.8925,50.0075,-0.0075,-2.9386,-3.3689,150.2556,5.9539,,,39.3,0.94
595,00h 09m 55s,10.253,False,False,0.4811,14.4428,50.0076,-0.0076,-2.7209,-3.119,50.4146,11.7219,50.0,0.0,-2.8294,-3.2439,100.3345,8.8925,50.0075,-0.0075,-2.9386,-3.3689,150.2556,5.9539,,,39.3,0.94
596,00h 09m 56s,10.253,False,False,0.4811,14.4428,50.0076,-0.0076,-2.7209,-3.119,50.4146,11.7219,50.0,0.0,-2.8294,-3.2439,100.3345,8.8925,50.0075,-0.0075,-2.9386,-3.3689,150.2556,5.9539,,,39.3,0.94
597,00h 09m 57s,10.253,False,False,0.4811,14.4428,50.0076,-0.0076,-2.7209,-3.119,50.4146,11.7219,50.0,0.0,-2.8294,-3.2439,100.3345,8.8925,50.0075,-0.0075,-2.9386,-3.3689,150.2556,5.9539,,,39.3,0.94
598,00h 09m 58s,10.253,False,False,0.4811,14.4428,50.0076,-0.0076,-2.7209,-3.119,50.4146,11.7219,50.0,0.0,-2.8294,-3.2439,100.3345,8.8925,50.0075,-0.0075,-2.9386,-3.3689,150.2556,5.9539,,,39.3,0.94
599,00h 09m 59s,10.253,False,False,0.4811,14.4428,50.0076,-0.0076,-2.7209,-3.119,50.4146,11.7219,50.0,0.0,-2.8294,-3.2439,100.3345,8.8925,50.0075,-0.0075,-2.9386,-3.3689,150.2556,5.9539,,,39.3,0.94
600,00h 10m 00s,10.277,False,False,0.4842,14.491,50.0072,-0.0072,-2.7693,-3.1745,50.4146,11.7217,50.0,0.0,-2.829,-3.2435,100.3345,8.8927,50.008,-0.008,-2.8896,-3.3125,150.2589,6.0031,,,39.3,0.94
601,00h 10m 01s,10.302,False,False,0.4869,14.5395,50.0071,-0.0071,-2.818,-3.2304,50.4146,11.7215,50.0,0.0,-2.8287,-3.2432,100.3345,8.8928,50.0071,-0.0071,-2.8403,-3.256,150.2609,6.0526,,,39.3,0.94
602,00h 10m 02s,10.326,False,False,0.49,14.5879,50.0068,-0.0068,-2.8665,-3.2861,50.4146,11.7214,50.0,0.0,-2.8285,-3.2429,100.3345,8.893,50.0071,-0.0071,-2.7912,-3.1997,150.2636,6.1017,,,39.3,0.94
603,00h 10m 03s,10.35,False,False,0.4921,14.6359,50.0074,-0.0074,-2.9147,-3.3414,50.4146,11.7212,50.0,0.0,-2.8281,-3.2425,100.3345,8.8931,50.0067,-0.0067,-2.7423,-3.1436,150.266,6.1508,,,39.3,0.94
604,00h 10m 04s,10.418,False,False,0.4948,14.6839,50.0069,-0.0069,-2.8761,-3.2971,50.4189,11.8078,50.0,0.0,-2.8277,-3.242,100.3389,8.9801,50.007,-0.007,-2.7801,-3.1869,150.2685,6.2001,,,38.3,0.94
605,00h 10m 05s,10.486,False,False,0.4975,14.7319,50.0073,-0.0073,-2.8375,-3.2528,50.4243,11.8945,50.0,0.0,-2.8273,-3.2416,100.3443,9.0671,50.0073,-0.0073,-2.818,-3.2304,150.2721,6.2491,,,36.2,0.94
606,00h 10m 06s,10.553,False,False,0.5009,14.7802,50.0075,-0.0075,-2.7991,-3.2088,50.43,11.981,50.0,0.0,-2.827,-3.2413,100.3501,9.154,50.0075,-0.0075,-2.8558,-3.2738,150.276,6.2982,,,33.8,1.09
607,00h 10m 07s,10.621,False,False,0.5035,14.8286,50.0084,-0.0084,-2.7613,-3.1653,50.4356,12.0673,50.0,0.0,-2.8268,-3.241,100.3556,9.2405,50.0084,-0.0084,-2.8933,-3.3168,150.2803,6.3472,,,31.5,1.09
608,00h 10m 08s,10.689,False,False,0.5059,14.8772,50.0081,-0.0081,-2.7233,-3.1217,50.4399,12.1539,50.0,0.0,-2.8266,-3.2408,100.3599,9.3273,50.0081,-0.0081,-2.9309,-3.36,150.282,6.3964,,,30.6,1.09
609,00h 10m 09s,10.756,False,False,0.5096,14.925,50.0078,-0.0078,-2.6846,-3.0773,50.4453,12.2404,50.0,0.0,-2.8262,-3.2403,100.3654,9.4142,50.0078,-0.0078,-2.9687,-3.4034,150.285,6.4455,,,28.5,1.09
610,00h 10m 10s,10.824,False,False,0.5111,14.9738,50.009,-0.009,-2.647,-3.0341,50.4499,12.3269,50.0,0.0,-2.826,-3.2401,100.37,9.5009,50.0089,-0.0089,-3.006,-3.4461,150.2885,6.4948,,,27.2,1.09
611,00h 10m 11s,10.849,False,False,0.515,15.0224,50.0076,-0.0076,-2.6956,-3.09,50.4499,12.3268,50.0,0.0,-2.8258,-3.2399,100.37,9.501,50.009,-0.009,-2.957,-3.3898,150.2915,6.544,,,27.2,1.09
612,00h 10m 12s,10.873,False,False,0.5169,15.071,50.0084,-0.0084,-2.7443,-3.1458,50.4499,12.3267,50.0,0.0,-2.8256,-3.2397,100.37,9.501,50.0086,-0.0086,-2.9079,-3.3336,150.294,6.5931,,,27.2,1.09
613,00h 10m 13s,10.897,False,False,0.5185,15.1193,50.0095,-0.0095,-2.7928,-3.2013,50.4499,12.3265,50.0,0.0,-2.8253,-3.2393,100.37,9.5012,50.0083,-0.0083,-2.8588,-3.2772,150.2966,6.6424,,,27.2,1.09
614,00h 10m 14s,10.922,False,False,0.5208,15.1671,50.0099,-0.0099,-2.8408,-3.2565,50.4499,12.3263,50.0,0.0,-2.8249,-3.2388,100.3701,9.5014,50.0079,-0.0079,-2.8099,-3.221,150.2989,6.6916,,,27.2,1.09
615,00h 10m 15s,10.946,False,False,0.5236,15.2152,50.0098,-0.0098,-2.8891,-3.3119,50.4499,12.3261,50.0,0.0,-2.8245,-3.2384,100.3701,9.5016,50.0084,-0.0084,-2.7609,-3.1648,150.3022,6.7407,,,27.2,1.09
616,00h 10m 16s,11.014,False,False,0.5265,15.2638,50.009,-0.009,-2.8512,-3.2684,50.4541,12.4126,50.0,0.0,-2.8243,-3.2381,100.3743,9.5884,50.009,-0.009,-2.7983,-3.2078,150.3049,6.79,,,26.3,1.09
617,00h 10m 17s,11.082,False,False,0.5286,15.3125,50.0097,-0.0097,-2.8131,-3.2246,50.4591,12.4994,50.0,0.0,-2.8241,-3.2379,100.3793,9.6753,50.0097,-0.0097,-2.8363,-3.2512,150.3086,6.839,,,24.6,1.01
618,00h 10m 18s,11.149,False,False,0.5311,15.3603,50.0098,-0.0098,-2.7743,-3.1801,50.4639,12.586,50.0,0.0,-2.8237,-3.2374,100.3841,9.7623,50.0098,-0.0098,-2.8742,-3.2947,150.3112,6.8882,,,23.2,1.01
619,00h 10m 19s,11.217,False,False,0.5345,15.4088,50.0095,-0.0095,-2.7362,-3.1364,50.469,12.6727,50.0,0.0,-2.8234,-3.2371,100.3893,9.8493,50.0094,-0.0094,-2.9117,-3.3379,150.3139,6.9375,,,21.4,1.01
620,00h 10m 20s,11.285,False,False,0.5372,15.457,50.0096,-0.0096,-2.6978,-3.0924,50.474,12.7592,50.0,0.0,-2.8231,-3.2367,100.3942,9.9362,50.0096,-0.0096,-2.9494,-3.3811,150.3167,6.9868,,,19.8,1.01
621,00h 10m 21s,11.353,False,False,0.5406,15.5058,50.0097,-0.0097,-2.66,-3.049,50.4795,12.8457,50.0,0.0,-2.823,-3.2366,100.3997,10.0228,50.0096,-0.0096,-2.9869,-3.4242,150.32,7.0358,,,17.6,1.01
622,00h 10m 22s,11.377,False,False,0.543,15.5542,50.0098,-0.0098,-2.7086,-3.1047,50.4795,12.8456,50.0,0.0,-2.8227,-3.2363,100.3997,10.0229,50.0094,-0.0094,-2.9379,-3.3679,150.3228,7.0849,,,17.6,1.01
623,00h 10m 23s,11.401,False,False,0.5457,15.6025,50.0098,-0.0098,-2.7571,-3.1604,50.4795,12.8454,50.0,0.0,-2.8224,-3.236,100.3997,10.023,50.0096,-0.0096,-2.8888,-3.3115,150.3259,7.1342,,,17.6,1.01
624,00h 10m 24s,11.426,False,False,0.5483,15.6505,50.0099,-0.0099,-2.8053,-3.2157,50.4794,12.8452,50.0,0.0,-2.822,-3.2355,100.3997,10.0232,50.0093,-0.0093,-2.8398,-3.2553,150.3283,7.1835,,,17.6,1.01
625,00h 10m 25s,11.45,False,False,0.551,15.6993,50.01,-0.01,-2.8541,-3.2717,50.4794,12.8452,50.0,0.0,-2.8219,-3.2353,100.3997,10.0233,50.0085,-0.0085,-2.7907,-3.199,150.3304,7.2326,,,17.6,1.01
626,00h 10m 26s,11.475,False,False,0.5537,15.7478,50.01,-0.01,-2.9027,-3.3275,50.4794,12.845,50.0,0.0,-2.8216,-3.235,100.3998,10.0234,50.0087,-0.0087,-2.7415,-3.1426,150.3332,7.2819,,,17.6,1.01
627,00h 10m 27s,11.542,False,False,0.5566,15.7959,50.0097,-0.0097,-2.8645,-3.2836,50.4841,12.9315,50.0,0.0,-2.8213,-3.2347,100.4045,10.1101,50.0097,-0.0097,-2.7793,-3.1859,150.3369,7.3308,,,16.2,1.01
628,00h 10m 28s,11.61,False,False,0.5599,15.8443,50.0091,-0.0091,-2.8261,-3.2396,50.4891,13.0182,50.0,0.0,-2.8211,-3.2345,100.4095,10.1971,50.0091,-0.0091,-2.8172,-3.2294,150.3392,7.3799,,,14.5,1.11
629,00h 10m 29s,11.678,False,False,0.5629,15.8927,50.0088,-0.0088,-2.788,-3.1959,50.494,13.1047,50.0,0.0,-2.8208,-3.2341,100.4143,10.2839,50.0088,-0.0088,-2.8547,-3.2724,150.3416,7.4292,,,13.0,1.11
630,00h 10m 30s,11.721,False,False,0.5629,15.8927,50.009,-0.009,-2.7015,-3.0967,50.4989,13.1912,50.0,0.0,-2.8208,-3.2341,100.4192,10.3704,50.0089,-0.0089,-2.9411,-3.3716,150.3416,7.4292,,,11.4,1.11
631,00h 10m 31s,11.721,False,False,0.5629,15.8927,50.009,-0.009,-2.7015,-3.0967,50.4989,13.1912,50.0,0.0,-2.8208,-3.2341,100.4192,10.3704,50.0089,-0.0089,-2.9411,-3.3716,150.3416,7.4292,,,11.4,1.11
632,00h 10m 32s,11.721,False,False,0.5629,15.8927,50.009,-0.009,-2.7015,-3.0967,50.4989,13.1912,50.0,0.0,-2.8208,-3.2341,100.4192,10.3704,50.0089,-0.0089,-2.9411,-3.3716,150.3416,7.4292,,,11.4,1.11
633,00h 10m 33s,11.721,False,False,0.5629,15.8927,50.009,-0.009,-2.7015,-3.0967,50.4989,13.1912,50.0,0.0,-2.8208,-3.2341,100.4192,10.3704,50.0089,-0.0089,-2.9411,-3.3716,150.3416,7.4292,,,11.4,1.11
634,00h 10m 34s,11.721,False,False,0.5629,15.8927,50.009,-0.009,-2.7015,-3.0967,50.4989,13.1912,50.0,0.0,-2.8208,-3.2341,100.4192,10.3704,50.0089,-0.0089,-2.9411,-3.3716,150.3416,7.4292,,,11.4,1.11
635,00h 10m 35s,11.721,False,False,0.5629,15.8927,50.009,-0.009,-2.7015,-3.0967,50.4989,13.1912,50.0,0.0,-2.8208,-3.2341,100.4192,10.3704,50.0089,-0.0089,-2.9411,-3.3716,150.3416,7.4292,,,11.4,1.11
636,00h 10m 36s,11.721,False,False,0.5629,15.8927,50.009,-0.009,-2.7015,-3.0967,50.4989,13.1912,50.0,0.0,-2.8208,-3.2341,100.4192,10.3704,50.0089,-0.0089,-2.9411,-3.3716,150.3416,7.4292,,,11.4,1.11
637,00h 10m 37s,11.721,False,False,0.5629,15.8927,50.009,-0.009,-2.7015,-3.0967,50.4989,13.1912,50.0,0.0,-2.8208,-3.2341,100.4192,10.3704,50.0089,-0.0089,-2.9411,-3.3716,150.3416,7.4292,,,11.4,1.11
638,00h 10m 38s,11.721,False,False,0.5629,15.8927,50.009,-0.009,-2.7015,-3.0967,50.4989,13.1912,50.0,0.0,-2.8208,-3.2341,100.4192,10.3704,50.0089,-0.0089,-2.9411,-3.3716,150.3416,7.4292,,,11.4,1.11
639,00h 10m 39s,11.721,False,False,0.5629,15.8927,50.009,-0.009,-2.7015,-3.0967,50.4989,13.1912,50.0,0.0,-2.8208,-3.2341,100.4192,10.3704,50.0089,-0.0089,-2.9411,-3.3716,150.3416,7.4292,,,11.4,1.11
640,00h 10m 40s,11.721,False,False,0.5629,15.8927,50.009,-0.009,-2.7015,-3.0967,50.4989,13.1912,50.0,0.0,-2.8208,-3.2341,100.4192,10.3704,50.0089,-0.0089,-2.9411,-3.3716,150.3416,7.4292,,,11.4,1.11
641,00h 10m 41s,11.721,False,False,0.5629,15.8927,50.009,-0.009,-2.7015,-3.0967,50.4989,13.1912,50.0,0.0,-2.8208,-3.2341,100.4192,10.3704,50.0089,-0.0089,-2.9411,-3.3716,150.3416,7.4292,,,11.4,1.11
642,00h 10m 42s,11.721,False,False,0.5629,15.8927,50.009,-0.009,-2.7015,-3.0967,50.4989,13.1912,50.0,0.0,-2.8208,-3.2341,100.4192,10.3704,50.0089,-0.0089,-2.9411,-3.3716,150.3416,7.4292,,,11.4,1.11
643,00h 10m 43s,11.721,False,False,0.5629,15.8927,50.009,-0.009,-2.7015,-3.0967,50.4989,13.1912,50.0,0.0,-2.8208,-3.2341,100.4192,10.3704,50.0089,-0.0089,-2.9411,-3.3716,150.3416,7.4292,,,11.4,1.11
644,00h 10m 44s,11.721,False,False,0.5629,15.8927,50.009,-0.009,-2.7015,-3.0967,50.4989,13.1912,50.0,0.0,-2.8208,-3.2341,100.4192,10.3704,50.0089,-0.0089,-2.9411,-3.3716,150.3416,7.4292,,,11.4,1.11
645,00h 10m 45s,11.721,False,False,0.5629,15.8927,50.009,-0.009,-2.7015,-3.0967,50.4989,13.1912,50.0,0.0,-2.8208,-3.2341,100.4192,10.3704,50.0089,-0.0089,-2.9411,-3.3716,150.3416,7.4292,,,11.4,1.11
646,00h 10m 46s,11.721,False,False,0.5629,15.8927,50.009,-0.009,-2.7015,-3.0967,50.4989,13.1912,50.0,0.0,-2.8208,-3.2341,100.4192,10.3704,50.0089,-0.0089,-2.9411,-3.3716,150.3416,7.4292,,,11.4,1.11
647,00h 10m 47s,11.721,False,False,0.5629,15.8927,50.009,-0.009,-2.7015,-3.0967,50.4989,13.1912,50.0,0.0,-2.8208,-3.2341,100.4192,10.3704,50.0089,-0.0089,-2.9411,-3.3716,150.3416,7.4292,,,11.4,1.11
648,00h 10m 48s,11.721,False,False,0.5629,15.8927,50.009,-0.009,-2.7015,-3.0967,50.4989,13.1912,50.0,0.0,-2.8208,-3.2341,100.4192,10.3704,50.0089,-0.0089,-2.9411,-3.3716,150.3416,7.4292,,,11.4,1.11
649,00h 10m 49s,11.721,False,False,0.5629,15.8927,50.009,-0.009,-2.7015,-3.0967,50.4989,13.1912,50.0,0.0,-2.8208,-3.2341,100.4192,10.3704,50.0089,-0.0089,-2.9411,-3.3716,150.3416,7.4292,,,11.4,1.11
650,00h 10m 50s,11.721,False,False,0.5629,15.8927,50.009,-0.009,-2.7015,-3.0967,50.4989,13.1912,50.0,0.0,-2.8208,-3.2341,100.4192,10.3704,50.0089,-0.0089,-2.9411,-3.3716,150.3416,7.4292,,,11.4,1.11
651,00h 10m 51s,11.721,False,False,0.5629,15.8927,50.009,-0.009,-2.7015,-3.0967,50.4989,13.1912,50.0,0.0,-2.8208,-3.2341,100.4192,10.3704,50.0089,-0.0089,-2.9411,-3.3716,150.3416,7.4292,,,11.4,1.11
652,00h 10m 52s,11.721,False,False,0.5629,15.8927,50.009,-0.009,-2.7015,-3.0967,50.4989,13.1912,50.0,0.0,-2.8208,-3.2341,100.4192,10.3704,50.0089,-0.0089,-2.9411,-3.3716,150.3416,7.4292,,,11.4,1.11
653,00h 10m 53s,11.721,False,False,0.5629,15.8927,50.009,-0.009,-2.7015,-3.0967,50.4989,13.1912,50.0,0.0,-2.8208,-3.2341,100.4192,10.3704,50.0089,-0.0089,-2.9411,-3.3716,150.3416,7.4292,,,11.4,1.11
654,00h 10m 54s,11.721,False,False,0.5629,15.8927,50.009,-0.009,-2.7015,-3.0967,50.4989,13.1912,50.0,0.0,-2.8208,-3.2341,100.4192,10.3704,50.0089,-0.0089,-2.9411,-3.3716,150.3416,7.4292,,,11.4,1.11
655,00h 10m 55s,11.721,False,False,0.5629,15.8927,50.009,-0.009,-2.7015,-3.0967,50.4989,13.1912,50.0,0.0,-2.8208,-3.2341,100.4192,10.3704,50.0089,-0.0089,-2.9411,-3.3716,150.3416,7.4292,,,11.4,1.11
656,00h 10m 56s,11.721,False,False,0.5629,15.8927,50.009,-0.009,-2.7015,-3.0967,50.4989,13.1912,50.0,0.0,-2.8208,-3.2341,100.4192,10.3704,50.0089,-0.0089,-2.9411,-3.3716,150.3416,7.4292,,,11.4,1.11
657,00h 10m 57s,11.721,False,False,0.5629,15.8927,50.009,-0.009,-2.7015,-3.0967,50.4989,13.1912,50.0,0.0,-2.8208,-3.2341,100.4192,10.3704,50.0089,-0.0089,-2.9411,-3.3716,150.3416,7.4292,,,11.4,1.11
658,00h 10m 58s,11.721,False,False,0.5629,15.8927,50.009,-0.009,-2.7015,-3.0967,50.4989,13.1912,50.0,0.0,-2.8208,-3.2341,100.4192,10.3704,50.0089,-0.0089,-2.9411,-3.3716,150.3416,7.4292,,,11.4,1.11
659,00h 10m 59s,11.721,False,False,0.5629,15.8927,50.009,-0.009,-2.7015,-3.0967,50.4989,13.1912,50.0,0.0,-2.8208,-3.2341,100.4192,10.3704,50.0089,-0.0089,-2.9411,-3.3716,150.3416,7.4292,,,11.4,1.11
660,00h 11m 00s,11.745,False,False,0.5655,15.9414,50.009,-0.009,-2.7503,-3.1526,50.4989,13.1911,50.0,0.0,-2.8207,-3.234,100.4192,10.3704,50.008,-0.008,-2.892,-3.3153,150.3436,7.4785,,,11.4,1.11
661,00h 11m 01s,11.77,False,False,0.5677,15.9899,50.0096,-0.0096,-2.7989,-3.2084,50.4989,13.191,50.0,0.0,-2.8204,-3.2336,100.4193,10.3706,50.0077,-0.0077,-2.8428,-3.2589,150.3461,7.5278,,,11.4,1.11
662,00h 11m 02s,11.794,False,False,0.5706,16.0385,50.0094,-0.0094,-2.8477,-3.2643,50.4989,13.1909,50.0,0.0,-2.8202,-3.2334,100.4193,10.3707,50.0076,-0.0076,-2.7937,-3.2026,150.3487,7.5769,,,11.5,1.11
663,00h 11m 03s,11.819,False,False,0.5731,16.0863,50.0096,-0.0096,-2.8957,-3.3195,50.4988,13.1906,50.0,0.0,-2.8197,-3.2328,100.4193,10.3709,50.0074,-0.0074,-2.7446,-3.1462,150.3513,7.6263,,,11.5,1.11
664,00h 11m 04s,11.886,False,False,0.5759,16.1346,50.0082,-0.0082,-2.8573,-3.2755,50.5024,13.2773,50.0,0.0,-2.8193,-3.2324,100.4228,10.4579,50.0082,-0.0082,-2.7823,-3.1894,150.3536,7.6756,,,11.2,1.11
665,00h 11m 05s,11.954,False,False,0.5785,16.1827,50.0082,-0.0082,-2.8189,-3.2315,50.5072,13.3637,50.0,0.0,-2.8189,-3.2319,100.4277,10.5448,50.0082,-0.0082,-2.8198,-3.2324,150.3563,7.725,,,9.7,1.11
666,00h 11m 06s,12.022,False,False,0.5824,16.2305,50.0076,-0.0076,-2.7803,-3.1872,50.5127,13.4502,50.0,0.0,-2.8184,-3.2314,100.4332,10.6317,50.0076,-0.0076,-2.8574,-3.2757,150.3591,7.7743,,,7.6,1.11
667,00h 11m 07s,12.09,False,False,0.585,16.2789,50.0077,-0.0077,-2.7421,-3.1433,50.5174,13.5369,50.0,0.0,-2.8181,-3.2311,100.438,10.7187,50.0076,-0.0076,-2.8951,-3.3189,150.3617,7.8236,,,6.2,0.92
668,00h 11m 08s,12.157,False,False,0.5878,16.3268,50.0078,-0.0078,-2.7035,-3.099,50.5225,13.6233,50.0,0.0,-2.8177,-3.2305,100.443,10.8057,50.0077,-0.0077,-2.9327,-3.362,150.3647,7.873,,,4.5,0.92
669,00h 11m 09s,12.225,False,False,0.5902,16.3747,50.0076,-0.0076,-2.6648,-3.0546,50.5268,13.7099,50.0,0.0,-2.8172,-3.23,100.4473,10.8926,50.0075,-0.0075,-2.9705,-3.4054,150.3666,7.9221,,,3.5,0.92
670,00h 11m 10s,12.249,False,False,0.5931,16.4231,50.0073,-0.0073,-2.7134,-3.1104,50.5268,13.7097,50.0,0.0,-2.8169,-3.2297,100.4474,10.8928,50.0073,-0.0073,-2.9213,-3.349,150.3693,7.9715,,,3.5,0.92
671,00h 11m 11s,12.274,False,False,0.5963,16.4718,50.0068,-0.0068,-2.7622,-3.1664,50.5268,13.7096,50.0,0.0,-2.8167,-3.2294,100.4474,10.8929,50.0069,-0.0069,-2.872,-3.2925,150.3717,8.0209,,,3.5,0.92
672,00h 11m 12s,12.298,False,False,0.5995,16.5196,50.0062,-0.0062,-2.8102,-3.2215,50.5268,13.7094,50.0,0.0,-2.8163,-3.229,100.4474,10.8931,50.0064,-0.0064,-2.8232,-3.2364,150.374,8.0699,,,3.5,0.92
673,00h 11m 13s,12.322,False,False,0.601,16.568,50.0075,-0.0075,-2.8587,-3.2771,50.5267,13.7093,50.0,0.0,-2.8161,-3.2287,100.4474,10.8932,50.0068,-0.0068,-2.7743,-3.1803,150.3771,8.119,,,3.5,0.92
674,00h 11m 14s,12.347,False,False,0.6045,16.616,50.0068,-0.0068,-2.9069,-3.3325,50.5267,13.7091,50.0,0.0,-2.8157,-3.2283,100.4474,10.8934,50.0062,-0.0062,-2.7253,-3.1241,150.3793,8.1682,,,3.5,0.92
675,00h 11m 15s,12.414,False,False,0.6076,16.6643,50.0063,-0.0063,-2.8686,-3.2886,50.5315,13.7956,50.0,0.0,-2.8154,-3.2279,100.4522,10.9802,50.0063,-0.0063,-2.7629,-3.1673,150.3821,8.2174,,,2.0,0.92
676,00h 11m 16s,12.482,False,False,0.6103,16.7122,50.0065,-0.0065,-2.8304,-3.2447,50.5366,13.8819,50.0,0.0,-2.815,-3.2275,100.4573,11.0669,50.0065,-0.0065,-2.8004,-3.2103,150.3853,8.2664,,,0.2,0.92
677,00h 11m 17s,12.55,False,False,0.6125,16.7602,50.0067,-0.0067,-2.7917,-3.2003,50.5412,13.9685,50.0,0.0,-2.8146,-3.227,100.4619,11.1539,50.0067,-0.0067,-2.8382,-3.2537,150.388,8.3156,,,1.0,0.92
678,00h 11m 18s,12.617,False,False,0.6156,16.8085,50.007,-0.007,-2.7536,-3.1565,50.5467,14.0549,50.0,0.0,-2.8143,-3.2266,100.4675,11.2407,50.0069,-0.0069,-2.8758,-3.2967,150.3917,8.3649,,,3.2,1.04
679,00h 11m 19s,12.685,False,False,0.6192,16.8567,50.0067,-0.0067,-2.7152,-3.1125,50.5521,14.1415,50.0,0.0,-2.8139,-3.2263,100.4729,11.3275,50.0067,-0.0067,-2.9135,-3.34,150.3946,8.4141,,,5.3,1.04
680,00h 11m 20s,12.753,False,False,0.6216,16.9049,50.0068,-0.0068,-2.6768,-3.0685,50.5567,14.2281,50.0,0.0,-2.8137,-3.2259,100.4775,11.4144,50.0067,-0.0067,-2.9513,-3.3834,150.3971,8.4632,,,6.6,1.04
681,00h 11m 21s,12.82,False,False,0.6246,16.9531,50.0069,-0.0069,-2.6386,-3.0246,50.5618,14.3145,50.0,0.0,-2.8133,-3.2255,100.4826,11.5012,50.0069,-0.0069,-2.9888,-3.4265,150.4001,8.5124,,,8.4,1.04
682,00h 11m 22s,12.844,False,False,0.6275,17.0008,50.0065,-0.0065,-2.6865,-3.0796,50.5618,14.3143,50.0,0.0,-2.8129,-3.2251,100.4826,11.5014,50.0066,-0.0066,-2.94,-3.3705,150.4028,8.5614,,,8.4,1.04
683,00h 11m 23s,12.869,False,False,0.6298,17.0496,50.0069,-0.0069,-2.7354,-3.1356,50.5618,14.3142,50.0,0.0,-2.8128,-3.2249,100.4826,11.5014,50.0064,-0.0064,-2.8909,-3.3142,150.4054,8.6105,,,8.4,1.04
684,00h 11m 24s,12.893,False,False,0.6323,17.0983,50.0071,-0.0071,-2.7842,-3.1917,50.5618,14.3141,50.0,0.0,-2.8126,-3.2246,100.4827,11.5015,50.0068,-0.0068,-2.8417,-3.2576,150.4086,8.6599,,,8.4,1.04
685,00h 11m 25s,12.918,False,False,0.6348,17.1461,50.0073,-0.0073,-2.8322,-3.2467,50.5618,14.3139,50.0,0.0,-2.8122,-3.2242,100.4827,11.5017,50.007,-0.007,-2.7929,-3.2017,150.4116,8.7088,,,8.4,1.04
686,00h 11m 26s,12.942,False,False,0.6379,17.1945,50.0069,-0.0069,-2.8807,-3.3024,50.5618,14.3138,50.0,0.0,-2.8119,-3.2239,100.4827,11.5019,50.0073,-0.0073,-2.7439,-3.1454,150.4147,8.758,,,8.4,1.04
687,00h 11m 27s,13.01,False,False,0.64,17.2425,50.0073,-0.0073,-2.8421,-3.2581,50.5665,14.4004,50.0,0.0,-2.8115,-3.2235,100.4874,11.5889,50.0073,-0.0073,-2.7817,-3.1888,150.4172,8.8072,,,9.7,1.04
688,00h 11m 28s,13.077,False,False,0.6426,17.2907,50.0073,-0.0073,-2.8038,-3.2141,50.5712,14.4869,50.0,0.0,-2.8111,-3.223,100.4922,11.6758,50.0073,-0.0073,-2.8192,-3.2318,150.42,8.8566,,,11.2,1.04
689,00h 11m 29s,13.145,False,False,0.645,17.3391,50.0077,-0.0077,-2.7658,-3.1705,50.5761,14.5733,50.0,0.0,-2.8108,-3.2226,100.4971,11.7625,50.0076,-0.0076,-2.8566,-3.2747,150.423,8.9059,,,12.7,1.05
690,00h 11m 30s,13.188,False,False,0.645,17.3391,50.0078,-0.0078,-2.6794,-3.0714,50.581,14.6597,50.0,0.0,-2.8108,-3.2226,100.5019,11.8489,50.0078,-0.0078,-2.943,-3.3738,150.423,8.9059,,,14.3,1.05
691,00h 11m 31s,13.188,False,False,0.645,17.3391,50.0078,-0.0078,-2.6794,-3.0714,50.581,14.6597,50.0,0.0,-2.8108,-3.2226,100.5019,11.8489,50.0078,-0.0078,-2.943,-3.3738,150.423,8.9059,,,14.3,1.05
692,00h 11m 32s,13.188,False,False,0.645,17.3391,50.0078,-0.0078,-2.6794,-3.0714,50.581,14.6597,50.0,0.0,-2.8108,-3.2226,100.5019,11.8489,50.0078,-0.0078,-2.943,-3.3738,150.423,8.9059,,,14.3,1.05
693,00h 11m 33s,13.188,False,False,0.645,17.3391,50.0078,-0.0078,-2.6794,-3.0714,50.581,14.6597,50.0,0.0,-2.8108,-3.2226,100.5019,11.8489,50.0078,-0.0078,-2.943,-3.3738,150.423,8.9059,,,14.3,1.05
694,00h 11m 34s,13.188,False,False,0.645,17.3391,50.0078,-0.0078,-2.6794,-3.0714,50.581,14.6597,50.0,0.0,-2.8108,-3.2226,100.5019,11.8489,50.0078,-0.0078,-2.943,-3.3738,150.423,8.9059,,,14.3,1.05
695,00h 11m 35s,13.188,False,False,0.645,17.3391,50.0078,-0.0078,-2.6794,-3.0714,50.581,14.6597,50.0,0.0,-2.8108,-3.2226,100.5019,11.8489,50.0078,-0.0078,-2.943,-3.3738,150.423,8.9059,,,14.3,1.05
696,00h 11m 36s,13.188,False,False,0.645,17.3391,50.0078,-0.0078,-2.6794,-3.0714,50.581,14.6597,50.0,0.0,-2.8108,-3.2226,100.5019,11.8489,50.0078,-0.0078,-2.943,-3.3738,150.423,8.9059,,,14.3,1.05
697,00h 11m 37s,13.188,False,False,0.645,17.3391,50.0078,-0.0078,-2.6794,-3.0714,50.581,14.6597,50.0,0.0,-2.8108,-3.2226,100.5019,11.8489,50.0078,-0.0078,-2.943,-3.3738,150.423,8.9059,,,14.3,1.05
698,00h 11m 38s,13.188,False,False,0.645,17.3391,50.0078,-0.0078,-2.6794,-3.0714,50.581,14.6597,50.0,0.0,-2.8108,-3.2226,100.5019,11.8489,50.0078,-0.0078,-2.943,-3.3738,150.423,8.9059,,,14.3,1.05
699,00h 11m 39s,13.188,False,False,0.645,17.3391,50.0078,-0.0078,-2.6794,-3.0714,50.581,14.6597,50.0,0.0,-2.8108,-3.2226,100.5019,11.8489,50.0078,-0.0078,-2.943,-3.3738,150.423,8.9059,,,14.3,1.05
700,00h 11m 40s,13.188,False,False,0.645,17.3391,50.0078,-0.0078,-2.6794,-3.0714,50.581,14.6597,50.0,0.0,-2.8108,-3.2226,100.5019,11.8489,50.0078,-0.0078,-2.943,-3.3738,150.423,8.9059,,,14.3,1.05
701,00h 11m 41s,13.188,False,False,0.645,17.3391,50.0078,-0.0078,-2.6794,-3.0714,50.581,14.6597,50.0,0.0,-2.8108,-3.2226,100.5019,11.8489,50.0078,-0.0078,-2.943,-3.3738,150.423,8.9059,,,14.3,1.05
702,00h 11m 42s,13.188,False,False,0.645,17.3391,50.0078,-0.0078,-2.6794,-3.0714,50.581,14.6597,50.0,0.0,-2.8108,-3.2226,100.5019,11.8489,50.0078,-0.0078,-2.943,-3.3738,150.423,8.9059,,,14.3,1.05
703,00h 11m 43s,13.188,False,False,0.645,17.3391,50.0078,-0.0078,-2.6794,-3.0714,50.581,14.6597,50.0,0.0,-2.8108,-3.2226,100.5019,11.8489,50.0078,-0.0078,-2.943,-3.3738,150.423,8.9059,,,14.3,1.05
704,00h 11m 44s,13.188,False,False,0.645,17.3391,50.0078,-0.0078,-2.6794,-3.0714,50.581,14.6597,50.0,0.0,-2.8108,-3.2226,100.5019,11.8489,50.0078,-0.0078,-2.943,-3.3738,150.423,8.9059,,,14.3,1.05
705,00h 11m 45s,13.188,False,False,0.645,17.3391,50.0078,-0.0078,-2.6794,-3.0714,50.581,14.6597,50.0,0.0,-2.8108,-3.2226,100.5019,11.8489,50.0078,-0.0078,-2.943,-3.3738,150.423,8.9059,,,14.3,1.05
706,00h 11m 46s,13.188,False,False,0.645,17.3391,50.0078,-0.0078,-2.6794,-3.0714,50.581,14.6597,50.0,0.0,-2.8108,-3.2226,100.5019,11.8489,50.0078,-0.0078,-2.943,-3.3738,150.423,8.9059,,,14.3,1.05
707,00h 11m 47s,13.188,False,False,0.645,17.3391,50.0078,-0.0078,-2.6794,-3.0714,50.581,14.6597,50.0,0.0,-2.8108,-3.2226,100.5019,11.8489,50.0078,-0.0078,-2.943,-3.3738,150.423,8.9059,,,14.3,1.05
708,00h 11m 48s,13.188,False,False,0.645,17.3391,50.0078,-0.0078,-2.6794,-3.0714,50.581,14.6597,50.0,0.0,-2.8108,-3.2226,100.5019,11.8489,50.0078,-0.0078,-2.943,-3.3738,150.423,8.9059,,,14.3,1.05
709,00h 11m 49s,13.188,False,False,0.645,17.3391,50.0078,-0.0078,-2.6794,-3.0714,50.581,14.6597,50.0,0.0,-2.8108,-3.2226,100.5019,11.8489,50.0078,-0.0078,-2.943,-3.3738,150.423,8.9059,,,14.3,1.05
710,00h 11m 50s,13.188,False,False,0.645,17.3391,50.0078,-0.0078,-2.6794,-3.0714,50.581,14.6597,50.0,0.0,-2.8108,-3.2226,100.5019,11.8489,50.0078,-0.0078,-2.943,-3.3738,150.423,8.9059,,,14.3,1.05
711,00h 11m 51s,13.188,False,False,0.645,17.3391,50.0078,-0.0078,-2.6794,-3.0714,50.581,14.6597,50.0,0.0,-2.8108,-3.2226,100.5019,11.8489,50.0078,-0.0078,-2.943,-3.3738,150.423,8.9059,,,14.3,1.05
712,00h 11m 52s,13.188,False,False,0.645,17.3391,50.0078,-0.0078,-2.6794,-3.0714,50.581,14.6597,50.0,0.0,-2.8108,-3.2226,100.5019,11.8489,50.0078,-0.0078,-2.943,-3.3738,150.423,8.9059,,,14.3,1.05
713,00h 11m 53s,13.188,False,False,0.645,17.3391,50.0078,-0.0078,-2.6794,-3.0714,50.581,14.6597,50.0,0.0,-2.8108,-3.2226,100.5019,11.8489,50.0078,-0.0078,-2.943,-3.3738,150.423,8.9059,,,14.3,1.05
714,00h 11m 54s,13.188,False,False,0.645,17.3391,50.0078,-0.0078,-2.6794,-3.0714,50.581,14.6597,50.0,0.0,-2.8108,-3.2226,100.5019,11.8489,50.0078,-0.0078,-2.943,-3.3738,150.423,8.9059,,,14.3,1.05
715,00h 11m 55s,13.188,False,False,0.645,17.3391,50.0078,-0.0078,-2.6794,-3.0714,50.581,14.6597,50.0,0.0,-2.8108,-3.2226,100.5019,11.8489,50.0078,-0.0078,-2.943,-3.3738,150.423,8.9059,,,14.3,1.05
716,00h 11m 56s,13.188,False,False,0.645,17.3391,50.0078,-0.0078,-2.6794,-3.0714,50.581,14.6597,50.0,0.0,-2.8108,-3.2226,100.5019,11.8489,50.0078,-0.0078,-2.943,-3.3738,150.423,8.9059,,,14.3,1.05
717,00h 11m 57s,13.188,False,False,0.645,17.3391,50.0078,-0.0078,-2.6794,-3.0714,50.581,14.6597,50.0,0.0,-2.8108,-3.2226,100.5019,11.8489,50.0078,-0.0078,-2.943,-3.3738,150.423,8.9059,,,14.3,1.05
718,00h 11m 58s,13.188,False,False,0.645,17.3391,50.0078,-0.0078,-2.6794,-3.0714,50.581,14.6597,50.0,0.0,-2.8108,-3.2226,100.5019,11.8489,50.0078,-0.0078,-2.943,-3.3738,150.423,8.9059,,,14.3,1.05
719,00h 11m 59s,13.188,False,False,0.645,17.3391,50.0078,-0.0078,-2.6794,-3.0714,50.581,14.6597,50.0,0.0,-2.8108,-3.2226,100.5019,11.8489,50.0078,-0.0078,-2.943,-3.3738,150.423,8.9059,,,14.3,1.05
720,00h 12m 00s,13.213,False,False,0.6477,17.3871,50.0077,-0.0077,-2.7277,-3.1268,50.581,14.6594,50.0,0.0,-2.8104,-3.2221,100.502,11.8491,50.0068,-0.0068,-2.8938,-3.3175,150.425,8.9552,,,14.3,1.05
721,00h 12m 01s,13.237,False,False,0.6508,17.4352,50.0073,-0.0073,-2.7759,-3.1822,50.581,14.6592,50.0,0.0,-2.8099,-3.2216,100.502,11.8493,50.006,-0.006,-2.8446,-3.2611,150.427,9.0047,,,14.3,1.05
722,00h 12m 02s,13.262,False,False,0.6536,17.4838,50.0072,-0.0072,-2.8247,-3.2381,50.581,14.6591,50.0,0.0,-2.8097,-3.2213,100.502,11.8494,50.0056,-0.0056,-2.7954,-3.2046,150.4294,9.0541,,,14.3,1.05
723,00h 12m 03s,13.286,False,False,0.6567,17.5319,50.0069,-0.0069,-2.873,-3.2935,50.581,14.6589,50.0,0.0,-2.8094,-3.221,100.502,11.8496,50.0053,-0.0053,-2.7464,-3.1484,150.4318,9.1032,,,14.3,1.05
724,00h 12m 04s,13.353,False,False,0.6593,17.5799,50.0056,-0.0056,-2.8346,-3.2496,50.5845,14.7453,50.0,0.0,-2.809,-3.2206,100.5056,11.9363,50.0056,-0.0056,-2.7841,-3.1916,150.4337,9.1522,,,14.5,1.05
725,00h 12m 05s,13.421,False,False,0.6618,17.628,50.0058,-0.0058,-2.7965,-3.2058,50.5893,14.8315,50.0,0.0,-2.8086,-3.2202,100.5104,12.0229,50.0058,-0.0058,-2.8215,-3.2345,150.4365,9.2014,,,16.0,1.05
726,00h 12m 06s,13.489,False,False,0.6639,17.6764,50.0059,-0.0059,-2.7582,-3.1619,50.5937,14.9182,50.0,0.0,-2.8083,-3.2198,100.5148,12.1099,50.0059,-0.0059,-2.8591,-3.2777,150.4389,9.2508,,,17.0,1.05
727,00h 12m 07s,13.556,False,False,0.6662,17.7243,50.0061,-0.0061,-2.7199,-3.1179,50.5983,15.0044,50.0,0.0,-2.8078,-3.2192,100.5194,12.1966,50.006,-0.006,-2.8965,-3.3206,150.4415,9.3001,,,18.3,1.05
728,00h 12m 08s,13.624,False,False,0.6687,17.7721,50.0066,-0.0066,-2.6814,-3.0737,50.6034,15.0907,50.0,0.0,-2.8073,-3.2186,100.5245,12.2834,50.0066,-0.0066,-2.9339,-3.3635,150.445,9.3494,,,20.1,0.82
729,00h 12m 09s,13.692,False,False,0.671,17.8199,50.0065,-0.0065,-2.6426,-3.0293,50.6076,15.1772,50.0,0.0,-2.8068,-3.2181,100.5288,12.3704,50.0064,-0.0064,-2.9717,-3.4068,150.4468,9.3988,,,21.0,0.82
730,00h 12m 10s,13.716,False,False,0.6745,17.8681,50.0056,-0.0056,-2.691,-3.0848,50.6076,15.1771,50.0,0.0,-2.8064,-3.2176,100.5288,12.3706,50.0072,-0.0072,-2.9226,-3.3504,150.4505,9.4481,,,21.0,0.82
731,00h 12m 11s,13.74,False,False,0.6772,17.9169,50.0055,-0.0055,-2.7398,-3.1409,50.6076,15.177,50.0,0.0,-2.8064,-3.2175,100.5288,12.3707,50.007,-0.007,-2.8736,-3.2942,150.4531,9.4971,,,21.0,0.82
732,00h 12m 12s,13.765,False,False,0.6801,17.965,50.0053,-0.0053,-2.7882,-3.1963,50.6076,15.1768,50.0,0.0,-2.806,-3.2171,100.5288,12.3709,50.0071,-0.0071,-2.8245,-3.2379,150.4561,9.5464,,,21.0,0.82
733,00h 12m 13s,13.789,False,False,0.6821,18.0136,50.006,-0.006,-2.8368,-3.2521,50.6076,15.1767,50.0,0.0,-2.8058,-3.2169,100.5288,12.3709,50.0076,-0.0076,-2.7756,-3.1817,150.4593,9.5954,,,21.0,0.82
734,00h 12m 14s,13.813,False,False,0.6862,18.0615,50.0047,-0.0047,-2.885,-3.3074,50.6076,15.1766,50.0,0.0,-2.8055,-3.2165,100.5288,12.3711,50.0073,-0.0073,-2.7266,-3.1256,150.4617,9.6445,,,21.0,0.82
735,00h 12m 15s,13.881,False,False,0.6889,18.1101,50.006,-0.006,-2.8472,-3.2641,50.6137,15.2629,50.0,0.0,-2.8053,-3.2163,100.5349,12.4576,50.006,-0.006,-2.764,-3.1685,150.4645,9.6936,,,23.8,0.82
736,00h 12m 16s,13.949,False,False,0.6916,18.1581,50.0057,-0.0057,-2.8087,-3.2199,50.6184,15.3494,50.0,0.0,-2.8049,-3.2158,100.5397,12.5445,50.0057,-0.0057,-2.8016,-3.2118,150.4668,9.7428,,,25.2,0.82
737,00h 12m 17s,14.016,False,False,0.6952,18.2065,50.0059,-0.0059,-2.7708,-3.1764,50.6243,15.4357,50.0,0.0,-2.8046,-3.2155,100.5455,12.6311,50.0059,-0.0059,-2.839,-3.2546,150.4707,9.7921,,,27.7,0.82
738,00h 12m 18s,14.084,False,False,0.6974,18.2545,50.0065,-0.0065,-2.7326,-3.1324,50.6292,15.522,50.0,0.0,-2.8042,-3.2151,100.5505,12.7178,50.0065,-0.0065,-2.8766,-3.2977,150.4742,9.8412,,,29.4,0.82
739,00h 12m 19s,14.152,False,False,0.7002,18.3033,50.0066,-0.0066,-2.6946,-3.0889,50.6342,15.6087,50.0,0.0,-2.8041,-3.2149,100.5555,12.8046,50.0065,-0.0065,-2.9143,-3.341,150.477,9.8904,,,31.0,1.2
740,00h 12m 20s,14.22,False,False,0.703,18.3516,50.0069,-0.0069,-2.6564,-3.0451,50.6393,15.6952,50.0,0.0,-2.8037,-3.2145,100.5606,12.8915,50.0068,-0.0068,-2.9517,-3.384,150.4802,9.9397,,,32.8,1.2
741,00h 12m 21s,14.287,False,False,0.7056,18.4001,50.0071,-0.0071,-2.6185,-3.0015,50.6441,15.7816,50.0,0.0,-2.8035,-3.2143,100.5654,12.9781,50.007,-0.007,-2.9893,-3.427,150.483,9.9888,,,34.3,1.2
742,00h 12m 22s,14.312,False,False,0.7074,18.4486,50.0079,-0.0079,-2.667,-3.0572,50.6441,15.7815,50.0,0.0,-2.8033,-3.214,100.5654,12.9782,50.0077,-0.0077,-2.9404,-3.3709,150.4866,10.0378,,,34.3,1.2
743,00h 12m 23s,14.336,False,False,0.7097,18.4967,50.0082,-0.0082,-2.7154,-3.1126,50.6441,15.7814,50.0,0.0,-2.803,-3.2137,100.5655,12.9784,50.0077,-0.0077,-2.8915,-3.3148,150.4895,10.0868,,,34.3,1.2
744,00h 12m 24s,14.36,False,False,0.7125,18.5454,50.008,-0.008,-2.7641,-3.1686,50.6441,15.7813,50.0,0.0,-2.8028,-3.2134,100.5655,12.9785,50.0082,-0.0082,-2.8424,-3.2583,150.4928,10.1361,,,34.3,1.2
745,00h 12m 25s,14.385,False,False,0.7145,18.5935,50.0087,-0.0087,-2.8124,-3.2239,50.6441,15.7811,50.0,0.0,-2.8024,-3.213,100.5655,12.9787,50.0079,-0.0079,-2.7933,-3.2021,150.4953,10.1853,,,34.3,1.2
746,00h 12m 26s,14.409,False,False,0.7177,18.6421,50.0083,-0.0083,-2.8612,-3.2799,50.6441,15.7809,50.0,0.0,-2.8022,-3.2127,100.5655,12.9788,50.0081,-0.0081,-2.7441,-3.1455,150.4983,10.2347,,,34.3,1.2
747,00h 12m 27s,14.477,False,False,0.7209,18.6899,50.0084,-0.0084,-2.8224,-3.2354,50.6496,15.8675,50.0,0.0,-2.8017,-3.2122,100.5711,13.0658,50.0085,-0.0085,-2.7819,-3.1889,150.5021,10.2839,,,36.5,1.2
748,00h 12m 28s,14.545,False,False,0.7232,18.7384,50.0087,-0.0087,-2.7843,-3.1917,50.6544,15.9541,50.0,0.0,-2.8015,-3.2119,100.5758,13.1526,50.0087,-0.0087,-2.8196,-3.2322,150.505,10.333,,,37.9,1.2
749,00h 12m 29s,14.612,False,False,0.7254,18.7866,50.0088,-0.0088,-2.746,-3.1477,50.6587,16.0406,50.0,0.0,-2.8011,-3.2115,100.5802,13.2395,50.0088,-0.0088,-2.8572,-3.2753,150.5073,10.3823,,,38.9,1.2
750,00h 12m 30s,14.656,False,False,0.7254,18.7866,50.009,-0.009,-2.6594,-3.0483,50.6636,16.1272,50.0,0.0,-2.8011,-3.2115,100.5851,13.3261,50.0089,-0.0089,-2.9438,-3.3747,150.5073,10.3823,,,40.5,1.05
751,00h 12m 31s,14.656,False,False,0.7254,18.7866,50.009,-0.009,-2.6594,-3.0483,50.6636,16.1272,50.0,0.0,-2.8011,-3.2115,100.5851,13.3261,50.0089,-0.0089,-2.9438,-3.3747,150.5073,10.3823,,,40.5,1.05
752,00h 12m 32s,14.656,False,False,0.7254,18.7866,50.009,-0.009,-2.6594,-3.0483,50.6636,16.1272,50.0,0.0,-2.8011,-3.2115,100.5851,13.3261,50.0089,-0.0089,-2.9438,-3.3747,150.5073,10.3823,,,40.5,1.05
753,00h 12m 33s,14.656,False,False,0.7254,18.7866,50.009,-0.009,-2.6594,-3.0483,50.6636,16.1272,50.0,0.0,-2.8011,-3.2115,100.5851,13.3261,50.0089,-0.0089,-2.9438,-3.3747,150.5073,10.3823,,,40.5,1.05
754,00h 12m 34s,14.656,False,False,0.7254,18.7866,50.009,-0.009,-2.6594,-3.0483,50.6636,16.1272,50.0,0.0,-2.8011,-3.2115,100.5851,13.3261,50.0089,-0.0089,-2.9438,-3.3747,150.5073,10.3823,,,40.5,1.05
755,00h 12m 35s,14.656,False,False,0.7254,18.7866,50.009,-0.009,-2.6594,-3.0483,50.6636,16.1272,50.0,0.0,-2.8011,-3.2115,100.5851,13.3261,50.0089,-0.0089,-2.9438,-3.3747,150.5073,10.3823,,,40.5,1.05
756,00h 12m 36s,14.656,False,False,0.7254,18.7866,50.009,-0.009,-2.6594,-3.0483,50.6636,16.1272,50.0,0.0,-2.8011,-3.2115,100.5851,13.3261,50.0089,-0.0089,-2.9438,-3.3747,150.5073,10.3823,,,40.5,1.05
757,00h 12m 37s,14.656,False,False,0.7254,18.7866,50.009,-0.009,-2.6594,-3.0483,50.6636,16.1272,50.0,0.0,-2.8011,-3.2115,100.5851,13.3261,50.0089,-0.0089,-2.9438,-3.3747,150.5073,10.3823,,,40.5,1.05
758,00h 12m 38s,14.656,False,False,0.7254,18.7866,50.009,-0.009,-2.6594,-3.0483,50.6636,16.1272,50.0,0.0,-2.8011,-3.2115,100.5851,13.3261,50.0089,-0.0089,-2.9438,-3.3747,150.5073,10.3823,,,40.5,1.05
759,00h 12m 39s,14.656,False,False,0.7254,18.7866,50.009,-0.009,-2.6594,-3.0483,50.6636,16.1272,50.0,0.0,-2.8011,-3.2115,100.5851,13.3261,50.0089,-0.0089,-2.9438,-3.3747,150.5073,10.3823,,,40.5,1.05
760,00h 12m 40s,14.656,False,False,0.7254,18.7866,50.009,-0.009,-2.6594,-3.0483,50.6636,16.1272,50.0,0.0,-2.8011,-3.2115,100.5851,13.3261,50.0089,-0.0089,-2.9438,-3.3747,150.5073,10.3823,,,40.5,1.05
761,00h 12m 41s,14.656,False,False,0.7254,18.7866,50.009,-0.009,-2.6594,-3.0483,50.6636,16.1272,50.0,0.0,-2.8011,-3.2115,100.5851,13.3261,50.0089,-0.0089,-2.9438,-3.3747,150.5073,10.3823,,,40.5,1.05
762,00h 12m 42s,14.656,False,False,0.7254,18.7866,50.009,-0.009,-2.6594,-3.0483,50.6636,16.1272,50.0,0.0,-2.8011,-3.2115,100.5851,13.3261,50.0089,-0.0089,-2.9438,-3.3747,150.5073,10.3823,,,40.5,1.05
763,00h 12m 43s,14.656,False,False,0.7254,18.7866,50.009,-0.009,-2.6594,-3.0483,50.6636,16.1272,50.0,0.0,-2.8011,-3.2115,100.5851,13.3261,50.0089,-0.0089,-2.9438,-3.3747,150.5073,10.3823,,,40.5,1.05
764,00h 12m 44s,14.656,False,False,0.7254,18.7866,50.009,-0.009,-2.6594,-3.0483,50.6636,16.1272,50.0,0.0,-2.8011,-3.2115,100.5851,13.3261,50.0089,-0.0089,-2.9438,-3.3747,150.5073,10.3823,,,40.5,1.05
765,00h 12m 45s,14.656,False,False,0.7254,18.7866,50.009,-0.009,-2.6594,-3.0483,50.6636,16.1272,50.0,0.0,-2.8011,-3.2115,100.5851,13.3261,50.0089,-0.0089,-2.9438,-3.3747,150.5073,10.3823,,,40.5,1.05
766,00h 12m 46s,14.656,False,False,0.7254,18.7866,50.009,-0.009,-2.6594,-3.0483,50.6636,16.1272,50.0,0.0,-2.8011,-3.2115,100.5851,13.3261,50.0089,-0.0089,-2.9438,-3.3747,150.5073,10.3823,,,40.5,1.05
767,00h 12m 47s,14.656,False,False,0.7254,18.7866,50.009,-0.009,-2.6594,-3.0483,50.6636,16.1272,50.0,0.0,-2.8011,-3.2115,100.5851,13.3261,50.0089,-0.0089,-2.9438,-3.3747,150.5073,10.3823,,,40.5,1.05
768,00h 12m 48s,14.656,False,False,0.7254,18.7866,50.009,-0.009,-2.6594,-3.0483,50.6636,16.1272,50.0,0.0,-2.8011,-3.2115,100.5851,13.3261,50.0089,-0.0089,-2.9438,-3.3747,150.5073,10.3823,,,40.5,1.05
769,00h 12m 49s,14.656,False,False,0.7254,18.7866,50.009,-0.009,-2.6594,-3.0483,50.6636,16.1272,50.0,0.0,-2.8011,-3.2115,100.5851,13.3261,50.0089,-0.0089,-2.9438,-3.3747,150.5073,10.3823,,,40.5,1.05
770,00h 12m 50s,14.656,False,False,0.7254,18.7866,50.009,-0.009,-2.6594,-3.0483,50.6636,16.1272,50.0,0.0,-2.8011,-3.2115,100.5851,13.3261,50.0089,-0.0089,-2.9438,-3.3747,150.5073,10.3823,,,40.5,1.05
771,00h 12m 51s,14.656,False,False,0.7254,18.7866,50.009,-0.009,-2.6594,-3.0483,50.6636,16.1272,50.0,0.0,-2.8011,-3.2115,100.5851,13.3261,50.0089,-0.0089,-2.9438,-3.3747,150.5073,10.3823,,,40.5,1.05
772,00h 12m 52s,14.656,False,False,0.7254,18.7866,50.009,-0.009,-2.6594,-3.0483,50.6636,16.1272,50.0,0.0,-2.8011,-3.2115,100.5851,13.3261,50.0089,-0.0089,-2.9438,-3.3747,150.5073,10.3823,,,40.5,1.05
773,00h 12m 53s,14.656,False,False,0.7254,18.7866,50.009,-0.009,-2.6594,-3.0483,50.6636,16.1272,50.0,0.0,-2.8011,-3.2115,100.5851,13.3261,50.0089,-0.0089,-2.9438,-3.3747,150.5073,10.3823,,,40.5,1.05
774,00h 12m 54s,14.656,False,False,0.7254,18.7866,50.009,-0.009,-2.6594,-3.0483,50.6636,16.1272,50.0,0.0,-2.8011,-3.2115,100.5851,13.3261,50.0089,-0.0089,-2.9438,-3.3747,150.5073,10.3823,,,40.5,1.05
775,00h 12m 55s,14.656,False,False,0.7254,18.7866,50.009,-0.009,-2.6594,-3.0483,50.6636,16.1272,50.0,0.0,-2.8011,-3.2115,100.5851,13.3261,50.0089,-0.0089,-2.9438,-3.3747,150.5073,10.3823,,,40.5,1.05
776,00h 12m 56s,14.656,False,False,0.7254,18.7866,50.009,-0.009,-2.6594,-3.0483,50.6636,16.1272,50.0,0.0,-2.8011,-3.2115,100.5851,13.3261,50.0089,-0.0089,-2.9438,-3.3747,150.5073,10.3823,,,40.5,1.05
777,00h 12m 57s,14.656,False,False,0.7254,18.7866,50.009,-0.009,-2.6594,-3.0483,50.6636,16.1272,50.0,0.0,-2.8011,-3.2115,100.5851,13.3261,50.0089,-0.0089,-2.9438,-3.3747,150.5073,10.3823,,,40.5,1.05
778,00h 12m 58s,14.656,False,False,0.7254,18.7866,50.009,-0.009,-2.6594,-3.0483,50.6636,16.1272,50.0,0.0,-2.8011,-3.2115,100.5851,13.3261,50.0089,-0.0089,-2.9438,-3.3747,150.5073,10.3823,,,40.5,1.05
779,00h 12m 59s,14.656,False,False,0.7254,18.7866,50.009,-0.009,-2.6594,-3.0483,50.6636,16.1272,50.0,0.0,-2.8011,-3.2115,100.5851,13.3261,50.0089,-0.0089,-2.9438,-3.3747,150.5073,10.3823,,,40.5,1.05
780,00h 13m 00s,14.68,False,False,0.7288,18.8353,50.0082,-0.0082,-2.7082,-3.1043,50.6636,16.1271,50.0,0.0,-2.8009,-3.2113,100.5851,13.3262,50.0088,-0.0088,-2.8947,-3.3183,150.5101,10.4315,,,40.5,1.05
781,00h 13m 01s,14.704,False,False,0.7323,18.8832,50.0073,-0.0073,-2.7563,-3.1596,50.6636,16.127,50.0,0.0,-2.8006,-3.2109,100.5851,13.3264,50.0084,-0.0084,-2.8458,-3.2622,150.5124,10.4806,,,40.5,1.05
782,00h 13m 02s,14.729,False,False,0.7352,18.932,50.0071,-0.0071,-2.8051,-3.2156,50.6636,16.1269,50.0,0.0,-2.8004,-3.2108,100.5851,13.3264,50.0082,-0.0082,-2.7967,-3.2059,150.5151,10.5298,,,40.5,1.05
783,00h 13m 03s,14.753,False,False,0.7369,18.9802,50.0082,-0.0082,-2.8535,-3.2711,50.6636,16.1267,50.0,0.0,-2.8001,-3.2103,100.5851,13.3266,50.0089,-0.0089,-2.7476,-3.1496,150.5184,10.579,,,40.5,1.05
784,00h 13m 04s,14.821,False,False,0.739,19.0281,50.009,-0.009,-2.8151,-3.227,50.6687,16.213,50.0,0.0,-2.7997,-3.2099,100.5902,13.4134,50.009,-0.009,-2.7852,-3.1927,150.5216,10.6281,,,42.3,1.05
785,00h 13m 05s,14.888,False,False,0.7419,19.0763,50.0092,-0.0092,-2.7769,-3.1831,50.6739,16.2994,50.0,0.0,-2.7993,-3.2094,100.5955,13.5001,50.0092,-0.0092,-2.8227,-3.2357,150.5249,10.6775,,,44.2,1.05
786,00h 13m 06s,14.956,False,False,0.7442,19.1243,50.0095,-0.0095,-2.7384,-3.1389,50.6786,16.3859,50.0,0.0,-2.7988,-3.2089,100.6002,13.5871,50.0095,-0.0095,-2.8604,-3.2789,150.5278,10.7267,,,45.6,1.05
787,00h 13m 07s,15.024,False,False,0.7471,19.1722,50.009,-0.009,-2.7,-3.0949,50.6832,16.4723,50.0,0.0,-2.7983,-3.2083,100.6048,13.6739,50.009,-0.009,-2.8977,-3.3218,150.5297,10.7762,,,46.8,1.05
788,00h 13m 08s,15.091,False,False,0.75,19.2201,50.0089,-0.0089,-2.6615,-3.0508,50.688,16.5586,50.0,0.0,-2.798,-3.2079,100.6096,13.7606,50.0088,-0.0088,-2.9354,-3.365,150.5322,10.8252,,,48.3,1.05
789,00h 13m 09s,15.159,False,False,0.7524,19.2687,50.009,-0.009,-2.6237,-3.0074,50.6926,16.645,50.0,0.0,-2.7978,-3.2077,100.6142,13.8471,50.0089,-0.0089,-2.9729,-3.4081,150.5347,10.8743,,,49.6,1.0
790,00h 13m 10s,15.183,False,False,0.7549,19.3169,50.0091,-0.0091,-2.6721,-3.0629,50.6926,16.6448,50.0,0.0,-2.7975,-3.2074,100.6142,13.8473,50.0088,-0.0088,-2.9239,-3.3518,150.5375,10.9234,,,49.6,1.0
791,00h 13m 11s,15.208,False,False,0.757,19.3654,50.0096,-0.0096,-2.7207,-3.1187,50.6926,16.6447,50.0,0.0,-2.7972,-3.2071,100.6143,13.8474,50.0089,-0.0089,-2.8748,-3.2955,150.5404,10.9726,,,49.6,1.0
792,00h 13m 12s,15.232,False,False,0.76,19.4137,50.0092,-0.0092,-2.7692,-3.1743,50.6926,16.6445,50.0,0.0,-2.797,-3.2067,100.6143,13.8476,50.0094,-0.0094,-2.8258,-3.2392,150.5438,11.0218,,,49.6,1.0
793,00h 13m 13s,15.256,False,False,0.7627,19.4622,50.0093,-0.0093,-2.8178,-3.2301,50.6925,16.6444,50.0,0.0,-2.7967,-3.2064,100.6143,13.8477,50.0099,-0.0099,-2.7767,-3.1828,150.5471,11.071,,,49.6,1.0
794,00h 13m 14s,15.281,False,False,0.7656,19.511,50.0092,-0.0092,-2.8667,-3.2862,50.6925,16.6443,50.0,0.0,-2.7965,-3.2062,100.6143,13.8478,50.0098,-0.0098,-2.7274,-3.1263,150.5497,11.1204,,,49.6,1.0
795,00h 13m 15s,15.349,False,False,0.7681,19.5589,50.0095,-0.0095,-2.828,-3.2417,50.6976,16.731,50.0,0.0,-2.7961,-3.2058,100.6194,13.9348,50.0095,-0.0095,-2.7654,-3.1699,150.5524,11.1694,,,51.3,1.0
796,00h 13m 16s,15.416,False,False,0.771,19.6067,50.0093,-0.0093,-2.7894,-3.1975,50.7025,16.8173,50.0,0.0,-2.7958,-3.2054,100.6242,14.0216,50.0093,-0.0093,-2.8031,-3.2133,150.5549,11.2184,,,52.8,1.0
797,00h 13m 17s,15.484,False,False,0.7738,19.6553,50.0096,-0.0096,-2.7515,-3.154,50.7076,16.9038,50.0,0.0,-2.7956,-3.2052,100.6294,14.1082,50.0096,-0.0096,-2.8408,-3.2565,150.5583,11.2674,,,54.7,1.0
798,00h 13m 18s,15.551,False,False,0.7751,19.7036,50.0104,-0.0104,-2.7133,-3.1101,50.7118,16.9903,50.0,0.0,-2.7952,-3.2048,100.6336,14.1951,50.0104,-0.0104,-2.8784,-3.2995,150.5611,11.3167,,,55.6,1.0
799,00h 13m 19s,15.619,False,False,0.7773,19.7523,50.0107,-0.0107,-2.6755,-3.0667,50.7163,17.0768,50.0,0.0,-2.795,-3.2045,100.6382,14.2818,50.0106,-0.0106,-2.9157,-3.3423,150.5637,11.3661,,,56.8,1.0
800,00h 13m 20s,15.687,False,False,0.7796,19.801,50.011,-0.011,-2.6378,-3.0234,50.721,17.1633,50.0,0.0,-2.7949,-3.2044,100.6428,14.3684,50.0109,-0.0109,-2.9532,-3.3853,150.5665,11.4152,,,58.1,0.94
801,00h 13m 21s,15.711,False,False,0.782,19.8493,50.0112,-0.0112,-2.6862,-3.0789,50.721,17.1631,50.0,0.0,-2.7946,-3.204,100.6428,14.3686,50.0113,-0.0113,-2.9042,-3.3291,150.5697,11.4643,,,58.1,0.94
802,00h 13m 22s,15.736,False,False,0.7849,19.8977,50.0109,-0.0109,-2.7347,-3.1346,50.721,17.163,50.0,0.0,-2.7944,-3.2038,100.6428,14.3686,50.0101,-0.0101,-2.8553,-3.273,150.5714,11.5134,,,58.1,0.94
803,00h 13m 23s,15.76,False,False,0.7869,19.9461,50.0116,-0.0116,-2.7832,-3.1902,50.721,17.1629,50.0,0.0,-2.7941,-3.2035,100.6428,14.3688,50.0097,-0.0097,-2.8062,-3.2167,150.5738,11.5626,,,58.1,0.94
804,00h 13m 24s,15.784,False,False,0.7902,19.9941,50.0109,-0.0109,-2.8314,-3.2456,50.721,17.1627,50.0,0.0,-2.7937,-3.203,100.6429,14.369,50.01,-0.01,-2.7572,-3.1604,150.5768,11.6118,,,58.1,0.94
805,00h 13m 25s,15.809,False,False,0.7922,20.0426,50.0118,-0.0118,-2.88,-3.3013,50.721,17.1626,50.0,0.0,-2.7935,-3.2028,100.6429,14.3691,50.0093,-0.0093,-2.7082,-3.1043,150.5787,11.6609,,,58.1,0.94
806,00h 13m 26s,15.877,False,False,0.796,20.0911,50.01,-0.01,-2.8421,-3.2579,50.7251,17.249,50.0,0.0,-2.7933,-3.2025,100.647,14.4557,50.01,-0.01,-2.7455,-3.1471,150.5816,11.7102,,,58.9,0.94
807,00h 13m 27s,15.944,False,False,0.7997,20.1391,50.0088,-0.0088,-2.8036,-3.2138,50.7299,17.3355,50.0,0.0,-2.7929,-3.2021,100.6518,14.5426,50.0088,-0.0088,-2.7831,-3.1903,150.5832,11.7595,,,60.4,0.94
808,00h 13m 28s,16.012,False,False,0.8034,20.1875,50.0079,-0.0079,-2.7655,-3.1702,50.7347,17.422,50.0,0.0,-2.7926,-3.2018,100.6567,14.6294,50.0079,-0.0079,-2.8206,-3.2334,150.5849,11.8088,,,61.9,0.94
809,00h 13m 29s,16.08,False,False,0.8055,20.2363,50.0085,-0.0085,-2.7278,-3.1268,50.7395,17.5085,50.0,0.0,-2.7925,-3.2017,100.6614,14.716,50.0084,-0.0084,-2.8583,-3.2766,150.5881,11.8578,,,63.3,0.94
810,00h 13m 30s,16.123,False,False,0.8055,20.2363,50.0087,-0.0087,-2.6409,-3.0272,50.7444,17.5954,50.0,0.0,-2.7925,-3.2017,100.6663,14.8028,50.0086,-0.0086,-2.9451,-3.3762,150.5881,11.8578,,,64.9,0.94
811,00h 13m 31s,16.123,False,False,0.8055,20.2363,50.0087,-0.0087,-2.6409,-3.0272,50.7444,17.5954,50.0,0.0,-2.7925,-3.2017,100.6663,14.8028,50.0086,-0.0086,-2.9451,-3.3762,150.5881,11.8578,,,64.9,0.94
812,00h 13m 32s,16.123,False,False,0.8055,20.2363,50.0087,-0.0087,-2.6409,-3.0272,50.7444,17.5954,50.0,0.0,-2.7925,-3.2017,100.6663,14.8028,50.0086,-0.0086,-2.9451,-3.3762,150.5881,11.8578,,,64.9,0.94
813,00h 13m 33s,16.123,False,False,0.8055,20.2363,50.0087,-0.0087,-2.6409,-3.0272,50.7444,17.5954,50.0,0.0,-2.7925,-3.2017,100.6663,14.8028,50.0086,-0.0086,-2.9451,-3.3762,150.5881,11.8578,,,64.9,0.94
814,00h 13m 34s,16.123,False,False,0.8055,20.2363,50.0087,-0.0087,-2.6409,-3.0272,50.7444,17.5954,50.0,0.0,-2.7925,-3.2017,100.6663,14.8028,50.0086,-0.0086,-2.9451,-3.3762,150.5881,11.8578,,,64.9,0.94
815,00h 13m 35s,16.123,False,False,0.8055,20.2363,50.0087,-0.0087,-2.6409,-3.0272,50.7444,17.5954,50.0,0.0,-2.7925,-3.2017,100.6663,14.8028,50.0086,-0.0086,-2.9451,-3.3762,150.5881,11.8578,,,64.9,0.94
816,00h 13m 36s,16.123,False,False,0.8055,20.2363,50.0087,-0.0087,-2.6409,-3.0272,50.7444,17.5954,50.0,0.0,-2.7925,-3.2017,100.6663,14.8028,50.0086,-0.0086,-2.9451,-3.3762,150.5881,11.8578,,,64.9,0.94
817,00h 13m 37s,16.123,False,False,0.8055,20.2363,50.0087,-0.0087,-2.6409,-3.0272,50.7444,17.5954,50.0,0.0,-2.7925,-3.2017,100.6663,14.8028,50.0086,-0.0086,-2.9451,-3.3762,150.5881,11.8578,,,64.9,0.94
818,00h 13m 38s,16.123,False,False,0.8055,20.2363,50.0087,-0.0087,-2.6409,-3.0272,50.7444,17.5954,50.0,0.0,-2.7925,-3.2017,100.6663,14.8028,50.0086,-0.0086,-2.9451,-3.3762,150.5881,11.8578,,,64.9,0.94
819,00h 13m 39s,16.123,False,False,0.8055,20.2363,50.0087,-0.0087,-2.6409,-3.0272,50.7444,17.5954,50.0,0.0,-2.7925,-3.2017,100.6663,14.8028,50.0086,-0.0086,-2.9451,-3.3762,150.5881,11.8578,,,64.9,0.94
820,00h 13m 40s,16.123,False,False,0.8055,20.2363,50.0087,-0.0087,-2.6409,-3.0272,50.7444,17.5954,50.0,0.0,-2.7925,-3.2017,100.6663,14.8028,50.0086,-0.0086,-2.9451,-3.3762,150.5881,11.8578,,,64.9,0.94
821,00h 13m 41s,16.123,False,False,0.8055,20.2363,50.0087,-0.0087,-2.6409,-3.0272,50.7444,17.5954,50.0,0.0,-2.7925,-3.2017,100.6663,14.8028,50.0086,-0.0086,-2.9451,-3.3762,150.5881,11.8578,,,64.9,0.94
822,00h 13m 42s,16.123,False,False,0.8055,20.2363,50.0087,-0.0087,-2.6409,-3.0272,50.7444,17.5954,50.0,0.0,-2.7925,-3.2017,100.6663,14.8028,50.0086,-0.0086,-2.9451,-3.3762,150.5881,11.8578,,,64.9,0.94
823,00h 13m 43s,16.123,False,False,0.8055,20.2363,50.0087,-0.0087,-2.6409,-3.0272,50.7444,17.5954,50.0,0.0,-2.7925,-3.2017,100.6663,14.8028,50.0086,-0.0086,-2.9451,-3.3762,150.5881,11.8578,,,64.9,0.94
824,00h 13m 44s,16.123,False,False,0.8055,20.2363,50.0087,-0.0087,-2.6409,-3.0272,50.7444,17.5954,50.0,0.0,-2.7925,-3.2017,100.6663,14.8028,50.0086,-0.0086,-2.9451,-3.3762,150.5881,11.8578,,,64.9,0.94
825,00h 13m 45s,16.123,False,False,0.8055,20.2363,50.0087,-0.0087,-2.6409,-3.0272,50.7444,17.5954,50.0,0.0,-2.7925,-3.2017,100.6663,14.8028,50.0086,-0.0086,-2.9451,-3.3762,150.5881,11.8578,,,64.9,0.94
826,00h 13m 46s,16.123,False,False,0.8055,20.2363,50.0087,-0.0087,-2.6409,-3.0272,50.7444,17.5954,50.0,0.0,-2.7925,-3.2017,100.6663,14.8028,50.0086,-0.0086,-2.9451,-3.3762,150.5881,11.8578,,,64.9,0.94
827,00h 13m 47s,16.123,False,False,0.8055,20.2363,50.0087,-0.0087,-2.6409,-3.0272,50.7444,17.5954,50.0,0.0,-2.7925,-3.2017,100.6663,14.8028,50.0086,-0.0086,-2.9451,-3.3762,150.5881,11.8578,,,64.9,0.94
828,00h 13m 48s,16.123,False,False,0.8055,20.2363,50.0087,-0.0087,-2.6409,-3.0272,50.7444,17.5954,50.0,0.0,-2.7925,-3.2017,100.6663,14.8028,50.0086,-0.0086,-2.9451,-3.3762,150.5881,11.8578,,,64.9,0.94
829,00h 13m 49s,16.123,False,False,0.8055,20.2363,50.0087,-0.0087,-2.6409,-3.0272,50.7444,17.5954,50.0,0.0,-2.7925,-3.2017,100.6663,14.8028,50.0086,-0.0086,-2.9451,-3.3762,150.5881,11.8578,,,64.9,0.94
830,00h 13m 50s,16.123,False,False,0.8055,20.2363,50.0087,-0.0087,-2.6409,-3.0272,50.7444,17.5954,50.0,0.0,-2.7925,-3.2017,100.6663,14.8028,50.0086,-0.0086,-2.9451,-3.3762,150.5881,11.8578,,,64.9,0.94
831,00h 13m 51s,16.123,False,False,0.8055,20.2363,50.0087,-0.0087,-2.6409,-3.0272,50.7444,17.5954,50.0,0.0,-2.7925,-3.2017,100.6663,14.8028,50.0086,-0.0086,-2.9451,-3.3762,150.5881,11.8578,,,64.9,0.94
832,00h 13m 52s,16.123,False,False,0.8055,20.2363,50.0087,-0.0087,-2.6409,-3.0272,50.7444,17.5954,50.0,0.0,-2.7925,-3.2017,100.6663,14.8028,50.0086,-0.0086,-2.9451,-3.3762,150.5881,11.8578,,,64.9,0.94
833,00h 13m 53s,16.123,False,False,0.8055,20.2363,50.0087,-0.0087,-2.6409,-3.0272,50.7444,17.5954,50.0,0.0,-2.7925,-3.2017,100.6663,14.8028,50.0086,-0.0086,-2.9451,-3.3762,150.5881,11.8578,,,64.9,0.94
834,00h 13m 54s,16.123,False,False,0.8055,20.2363,50.0087,-0.0087,-2.6409,-3.0272,50.7444,17.5954,50.0,0.0,-2.7925,-3.2017,100.6663,14.8028,50.0086,-0.0086,-2.9451,-3.3762,150.5881,11.8578,,,64.9,0.94
835,00h 13m 55s,16.123,False,False,0.8055,20.2363,50.0087,-0.0087,-2.6409,-3.0272,50.7444,17.5954,50.0,0.0,-2.7925,-3.2017,100.6663,14.8028,50.0086,-0.0086,-2.9451,-3.3762,150.5881,11.8578,,,64.9,0.94
836,00h 13m 56s,16.123,False,False,0.8055,20.2363,50.0087,-0.0087,-2.6409,-3.0272,50.7444,17.5954,50.0,0.0,-2.7925,-3.2017,100.6663,14.8028,50.0086,-0.0086,-2.9451,-3.3762,150.5881,11.8578,,,64.9,0.94
837,00h 13m 57s,16.123,False,False,0.8055,20.2363,50.0087,-0.0087,-2.6409,-3.0272,50.7444,17.5954,50.0,0.0,-2.7925,-3.2017,100.6663,14.8028,50.0086,-0.0086,-2.9451,-3.3762,150.5881,11.8578,,,64.9,0.94
838,00h 13m 58s,16.123,False,False,0.8055,20.2363,50.0087,-0.0087,-2.6409,-3.0272,50.7444,17.5954,50.0,0.0,-2.7925,-3.2017,100.6663,14.8028,50.0086,-0.0086,-2.9451,-3.3762,150.5881,11.8578,,,64.9,0.94
839,00h 13m 59s,16.123,False,False,0.8055,20.2363,50.0087,-0.0087,-2.6409,-3.0272,50.7444,17.5954,50.0,0.0,-2.7925,-3.2017,100.6663,14.8028,50.0086,-0.0086,-2.9451,-3.3762,150.5881,11.8578,,,64.9,0.94
840,00h 14m 00s,16.147,False,False,0.8088,20.2842,50.0079,-0.0079,-2.689,-3.0824,50.7444,17.5952,50.0,0.0,-2.7921,-3.2012,100.6663,14.803,50.0085,-0.0085,-2.8962,-3.3201,150.5909,11.9068,,,64.9,0.94
841,00h 14m 01s,16.172,False,False,0.8119,20.3322,50.0074,-0.0074,-2.7372,-3.1378,50.7443,17.595,50.0,0.0,-2.7918,-3.2008,100.6663,14.8032,50.0092,-0.0092,-2.8472,-3.2638,150.5945,11.956,,,64.9,0.94
842,00h 14m 02s,16.196,False,False,0.8149,20.3805,50.0071,-0.0071,-2.7857,-3.1933,50.7443,17.5949,50.0,0.0,-2.7915,-3.2005,100.6663,14.8034,50.009,-0.009,-2.7983,-3.2077,150.597,12.0051,,,64.9,0.94
843,00h 14m 03s,16.22,False,False,0.8173,20.4291,50.0074,-0.0074,-2.8343,-3.2491,50.7443,17.5948,50.0,0.0,-2.7913,-3.2003,100.6664,14.8035,50.0096,-0.0096,-2.7493,-3.1514,150.6003,12.0542,,,64.9,0.94
844,00h 14m 04s,16.245,False,False,0.8192,20.4771,50.0083,-0.0083,-2.8825,-3.3044,50.7443,17.5946,50.0,0.0,-2.7909,-3.1998,100.6664,14.8037,50.0103,-0.0103,-2.7003,-3.0952,150.6037,12.1034,,,64.9,0.94
845,00h 14m 05s,16.312,False,False,0.8222,20.5253,50.0094,-0.0094,-2.8444,-3.2606,50.7506,17.6809,50.0,0.0,-2.7906,-3.1994,100.6727,14.8903,50.0094,-0.0094,-2.7378,-3.1382,150.6071,12.1525,,,67.8,1.08
846,00h 14m 06s,16.38,False,False,0.8255,20.5733,50.0093,-0.0093,-2.806,-3.2165,50.756,17.7673,50.0,0.0,-2.7902,-3.199,100.6781,14.9771,50.0093,-0.0093,-2.7755,-3.1815,150.6103,12.2016,,,69.9,1.08
847,00h 14m 07s,16.448,False,False,0.8282,20.6218,50.0097,-0.0097,-2.7682,-3.1731,50.7612,17.8537,50.0,0.0,-2.7899,-3.1987,100.6833,15.0638,50.0097,-0.0097,-2.8128,-3.2243,150.6138,12.251,,,71.8,1.08
848,00h 14m 08s,16.515,False,False,0.8308,20.6706,50.0098,-0.0098,-2.7306,-3.13,50.766,17.94,50.0,0.0,-2.7898,-3.1986,100.6881,15.1502,50.0097,-0.0097,-2.8502,-3.2672,150.6166,12.3,,,73.3,1.08
849,00h 14m 09s,16.583,False,False,0.833,20.7187,50.01,-0.01,-2.6923,-3.086,50.7705,18.0264,50.0,0.0,-2.7895,-3.1982,100.6926,15.2369,50.01,-0.01,-2.8878,-3.3104,150.6192,12.349,,,74.4,1.08
850,00h 14m 10s,16.65,True,False,0.8358,20.7667,50.0105,-0.0105,-2.6538,-3.0418,50.7758,18.1129,50.0,0.0,-2.7891,-3.1977,100.698,15.3239,50.0104,-0.0104,-2.9255,-3.3536,150.6228,12.3984,,,76.5,1.08
851,00h 14m 11s,16.718,False,False,0.8393,20.8149,50.0101,-0.0101,-2.6153,-2.9977,50.781,18.1996,50.0,0.0,-2.7888,-3.1974,100.7031,15.4108,50.01,-0.01,-2.9634,-3.3971,150.6253,12.4474,,,78.3,1.15
852,00h 14m 12s,16.742,True,False,0.8416,20.8628,50.0104,-0.0104,-2.6635,-3.0529,50.781,18.1994,50.0,0.0,-2.7883,-3.1969,100.7031,15.411,50.0096,-0.0096,-2.9143,-3.3408,150.6277,12.4967,,,78.3,1.15
853,00h 14m 13s,16.767,False,False,0.8444,20.9114,50.0102,-0.0102,-2.7121,-3.1088,50.7809,18.1992,50.0,0.0,-2.7881,-3.1966,100.7031,15.4111,50.0092,-0.0092,-2.8651,-3.2844,150.6302,12.546,,,78.3,1.15
854,00h 14m 14s,16.791,False,False,0.847,20.9593,50.0102,-0.0102,-2.7603,-3.164,50.7809,18.199,50.0,0.0,-2.7876,-3.196,100.7032,15.4114,50.0084,-0.0084,-2.816,-3.2281,150.6323,12.5953,,,78.2,1.15
855,00h 14m 15s,16.816,False,False,0.8494,21.0079,50.0105,-0.0105,-2.809,-3.2199,50.7809,18.1989,50.0,0.0,-2.7875,-3.1959,100.7032,15.4115,50.0089,-0.0089,-2.767,-3.1719,150.6354,12.6444,,,78.2,1.15
856,00h 14m 16s,16.84,False,False,0.8514,21.0559,50.0112,-0.0112,-2.8572,-3.2751,50.7809,18.1987,50.0,0.0,-2.787,-3.1954,100.7032,15.4117,50.0089,-0.0089,-2.7181,-3.1156,150.6382,12.6936,,,78.2,1.15
857,00h 14m 17s,16.908,False,False,0.8536,21.1047,50.0103,-0.0103,-2.8192,-3.2316,50.7844,18.2855,50.0,0.0,-2.7869,-3.1952,100.7067,15.4986,50.0103,-0.0103,-2.7558,-3.1588,150.641,12.7429,,,78.4,1.15
858,00h 14m 18s,16.976,False,False,0.8565,21.1534,50.01,-0.01,-2.7815,-3.1884,50.789,18.3719,50.0,0.0,-2.7867,-3.1949,100.7113,15.5852,50.01,-0.01,-2.7929,-3.2015,150.6433,12.7923,,,79.7,1.15
859,00h 14m 19s,17.043,False,False,0.8584,21.2015,50.0103,-0.0103,-2.7431,-3.1443,50.7934,18.4584,50.0,0.0,-2.7864,-3.1946,100.7157,15.6721,50.0103,-0.0103,-2.8308,-3.2449,150.6458,12.8413,,,80.8,1.15
860,00h 14m 20s,17.111,False,False,0.8605,21.2501,50.0107,-0.0107,-2.7051,-3.1007,50.7979,18.5449,50.0,0.0,-2.7861,-3.1943,100.7202,15.7588,50.0106,-0.0106,-2.8683,-3.288,150.6485,12.8905,,,82.0,1.15
861,00h 14m 21s,17.179,False,False,0.8629,21.2989,50.011,-0.011,-2.6672,-3.0572,50.8028,18.6317,50.0,0.0,-2.786,-3.1942,100.7251,15.8456,50.0109,-0.0109,-2.906,-3.3312,150.6515,12.9396,,,83.5,1.15
862,00h 14m 22s,17.247,False,False,0.8658,21.3476,50.0108,-0.0108,-2.6293,-3.0137,50.8075,18.7183,50.0,0.0,-2.7859,-3.194,100.7298,15.9325,50.0107,-0.0107,-2.9436,-3.3743,150.6538,12.9889,,,84.8,0.73
863,00h 14m 23s,17.271,True,False,0.8684,21.3964,50.0108,-0.0108,-2.6781,-3.0697,50.8075,18.7183,50.0,0.0,-2.7857,-3.1939,100.7298,15.9325,50.0104,-0.0104,-2.8945,-3.3181,150.6564,13.038,,,84.8,0.73
864,00h 14m 24s,17.284,True,False,0.8684,21.3964,50.0108,-0.0108,-2.6863,-3.0791,50.807,18.7101,50.0,0.0,-2.7693,-3.175,100.7303,15.9407,50.0102,-0.0102,-2.8535,-3.271,150.6589,13.0873,,,84.7,0.73
865,00h 14m 25s,17.296,True,False,0.8684,21.3964,50.0108,-0.0108,-2.6946,-3.0886,50.8066,18.7018,50.0,0.0,-2.7529,-3.1561,100.7307,15.949,50.0096,-0.0096,-2.8123,-3.2237,150.6612,13.1367,,,84.6,0.73
866,00h 14m 26s,17.308,True,False,0.8684,21.3964,50.0108,-0.0108,-2.7028,-3.098,50.8061,18.6936,50.0,0.0,-2.7364,-3.1373,100.7312,15.9572,50.0088,-0.0088,-2.7711,-3.1765,150.6632,13.1861,,,84.4,0.73
867,00h 14m 27s,17.321,True,False,0.8684,21.3964,50.0108,-0.0108,-2.711,-3.1074,50.8057,18.6854,50.0,0.0,-2.72,-3.1184,100.7316,15.9654,50.0083,-0.0083,-2.73,-3.1293,150.6654,13.2355,,,84.3,0.73
868,00h 14m 28s,17.333,True,False,0.8684,21.3964,50.0108,-0.0108,-2.7192,-3.1169,50.8052,18.6772,50.0,0.0,-2.7035,-3.0995,100.7321,15.9736,50.0078,-0.0078,-2.6889,-3.0822,150.6675,13.2848,,,84.2,0.73
869,00h 14m 29s,17.345,True,False,0.8684,21.3964,50.0108,-0.0108,-2.7274,-3.1263,50.8048,18.669,50.0,0.0,-2.6872,-3.0807,100.7325,15.9818,50.0076,-0.0076,-2.6479,-3.0352,150.67,13.3339,,,84.0,0.73
870,00h 14m 30s,17.345,False,False,0.8684,21.3964,50.0108,-0.0108,-2.7274,-3.1263,50.8048,18.669,50.0,0.0,-2.6872,-3.0807,100.7325,15.9818,50.0076,-0.0076,-2.6479,-3.0352,150.67,13.3339,,,84.0,0.73
871,00h 14m 31s,17.345,False,False,0.8684,21.3964,50.0108,-0.0108,-2.7274,-3.1263,50.8048,18.669,50.0,0.0,-2.6872,-3.0807,100.7325,15.9818,50.0076,-0.0076,-2.6479,-3.0352,150.67,13.3339,,,84.0,0.73
872,00h 14m 32s,17.345,False,False,0.8684,21.3964,50.0108,-0.0108,-2.7274,-3.1263,50.8048,18.669,50.0,0.0,-2.6872,-3.0807,100.7325,15.9818,50.0076,-0.0076,-2.6479,-3.0352,150.67,13.3339,,,84.0,0.73
873,00h 14m 33s,17.345,False,False,0.8684,21.3964,50.0108,-0.0108,-2.7274,-3.1263,50.8048,18.669,50.0,0.0,-2.6872,-3.0807,100.7325,15.9818,50.0076,-0.0076,-2.6479,-3.0352,150.67,13.3339,,,84.0,0.73
874,00h 14m 34s,17.345,False,False,0.8684,21.3964,50.0108,-0.0108,-2.7274,-3.1263,50.8048,18.669,50.0,0.0,-2.6872,-3.0807,100.7325,15.9818,50.0076,-0.0076,-2.6479,-3.0352,150.67,13.3339,,,84.0,0.73
875,00h 14m 35s,17.345,False,False,0.8684,21.3964,50.0108,-0.0108,-2.7274,-3.1263,50.8048,18.669,50.0,0.0,-2.6872,-3.0807,100.7325,15.9818,50.0076,-0.0076,-2.6479,-3.0352,150.67,13.3339,,,84.0,0.73
876,00h 14m 36s,17.345,False,False,0.8684,21.3964,50.0108,-0.0108,-2.7274,-3.1263,50.8048,18.669,50.0,0.0,-2.6872,-3.0807,100.7325,15.9818,50.0076,-0.0076,-2.6479,-3.0352,150.67,13.3339,,,84.0,0.73
877,00h 14m 37s,17.345,False,False,0.8684,21.3964,50.0108,-0.0108,-2.7274,-3.1263,50.8048,18.669,50.0,0.0,-2.6872,-3.0807,100.7325,15.9818,50.0076,-0.0076,-2.6479,-3.0352,150.67,13.3339,,,84.0,0.73
878,00h 14m 38s,17.345,False,False,0.8684,21.3964,50.0108,-0.0108,-2.7274,-3.1263,50.8048,18.669,50.0,0.0,-2.6872,-3.0807,100.7325,15.9818,50.0076,-0.0076,-2.6479,-3.0352,150.67,13.3339,,,84.0,0.73
879,00h 14m 39s,17.345,False,False,0.8684,21.3964,50.0108,-0.0108,-2.7274,-3.1263,50.8048,18.669,50.0,0.0,-2.6872,-3.0807,100.7325,15.9818,50.0076,-0.0076,-2.6479,-3.0352,150.67,13.3339,,,84.0,0.73
880,00h 14m 40s,17.345,False,False,0.8684,21.3964,50.0108,-0.0108,-2.7274,-3.1263,50.8048,18.669,50.0,0.0,-2.6872,-3.0807,100.7325,15.9818,50.0076,-0.0076,-2.6479,-3.0352,150.67,13.3339,,,84.0,0.73
881,00h 14m 41s,17.345,False,False,0.8684,21.3964,50.0108,-0.0108,-2.7274,-3.1263,50.8048,18.669,50.0,0.0,-2.6872,-3.0807,100.7325,15.9818,50.0076,-0.0076,-2.6479,-3.0352,150.67,13.3339,,,84.0,0.73
882,00h 14m 42s,17.345,False,False,0.8684,21.3964,50.0108,-0.0108,-2.7274,-3.1263,50.8048,18.669,50.0,0.0,-2.6872,-3.0807,100.7325,15.9818,50.0076,-0.0076,-2.6479,-3.0352,150.67,13.3339,,,84.0,0.73
883,00h 14m 43s,17.345,False,False,0.8684,21.3964,50.0108,-0.0108,-2.7274,-3.1263,50.8048,18.669,50.0,0.0,-2.6872,-3.0807,100.7325,15.9818,50.0076,-0.0076,-2.6479,-3.0352,150.67,13.3339,,,84.0,0.73
884,00h 14m 44s,17.345,False,False,0.8684,21.3964,50.0108,-0.0108,-2.7274,-3.1263,50.8048,18.669,50.0,0.0,-2.6872,-3.0807,100.7325,15.9818,50.0076,-0.0076,-2.6479,-3.0352,150.67,13.3339,,,84.0,0.73
885,00h 14m 45s,17.345,False,False,0.8684,21.3964,50.0108,-0.0108,-2.7274,-3.1263,50.8048,18.669,50.0,0.0,-2.6872,-3.0807,100.7325,15.9818,50.0076,-0.0076,-2.6479,-3.0352,150.67,13.3339,,,84.0,0.73
886,00h 14m 46s,17.345,False,False,0.8684,21.3964,50.0108,-0.0108,-2.7274,-3.1263,50.8048,18.669,50.0,0.0,-2.6872,-3.0807,100.7325,15.9818,50.0076,-0.0076,-2.6479,-3.0352,150.67,13.3339,,,84.0,0.73
887,00h 14m 47s,17.345,False,False,0.8684,21.3964,50.0108,-0.0108,-2.7274,-3.1263,50.8048,18.669,50.0,0.0,-2.6872,-3.0807,100.7325,15.9818,50.0076,-0.0076,-2.6479,-3.0352,150.67,13.3339,,,84.0,0.73
888,00h 14m 48s,17.345,False,False,0.8684,21.3964,50.0108,-0.0108,-2.7274,-3.1263,50.8048,18.669,50.0,0.0,-2.6872,-3.0807,100.7325,15.9818,50.0076,-0.0076,-2.6479,-3.0352,150.67,13.3339,,,84.0,0.73
889,00h 14m 49s,17.345,False,False,0.8684,21.3964,50.0108,-0.0108,-2.7274,-3.1263,50.8048,18.669,50.0,0.0,-2.6872,-3.0807,100.7325,15.9818,50.0076,-0.0076,-2.6479,-3.0352,150.67,13.3339,,,84.0,0.73
890,00h 14m 50s,17.345,False,False,0.8684,21.3964,50.0108,-0.0108,-2.7274,-3.1263,50.8048,18.669,50.0,0.0,-2.6872,-3.0807,100.7325,15.9818,50.0076,-0.0076,-2.6479,-3.0352,150.67,13.3339,,,84.0,0.73
891,00h 14m 51s,17.345,False,False,0.8684,21.3964,50.0108,-0.0108,-2.7274,-3.1263,50.8048,18.669,50.0,0.0,-2.6872,-3.0807,100.7325,15.9818,50.0076,-0.0076,-2.6479,-3.0352,150.67,13.3339,,,84.0,0.73
892,00h 14m 52s,17.345,False,False,0.8684,21.3964,50.0108,-0.0108,-2.7274,-3.1263,50.8048,18.669,50.0,0.0,-2.6872,-3.0807,100.7325,15.9818,50.0076,-0.0076,-2.6479,-3.0352,150.67,13.3339,,,84.0,0.73
893,00h 14m 53s,17.345,False,False,0.8684,21.3964,50.0108,-0.0108,-2.7274,-3.1263,50.8048,18.669,50.0,0.0,-2.6872,-3.0807,100.7325,15.9818,50.0076,-0.0076,-2.6479,-3.0352,150.67,13.3339,,,84.0,0.73
894,00h 14m 54s,17.345,False,False,0.8684,21.3964,50.0108,-0.0108,-2.7274,-3.1263,50.8048,18.669,50.0,0.0,-2.6872,-3.0807,100.7325,15.9818,50.0076,-0.0076,-2.6479,-3.0352,150.67,13.3339,,,84.0,0.73
895,00h 14m 55s,17.345,False,False,0.8684,21.3964,50.0108,-0.0108,-2.7274,-3.1263,50.8048,18.669,50.0,0.0,-2.6872,-3.0807,100.7325,15.9818,50.0076,-0.0076,-2.6479,-3.0352,150.67,13.3339,,,84.0,0.73
896,00h 14m 56s,17.345,False,False,0.8684,21.3964,50.0108,-0.0108,-2.7274,-3.1263,50.8048,18.669,50.0,0.0,-2.6872,-3.0807,100.7325,15.9818,50.0076,-0.0076,-2.6479,-3.0352,150.67,13.3339,,,84.0,0.73
897,00h 14m 57s,17.345,False,False,0.8684,21.3964,50.0108,-0.0108,-2.7274,-3.1263,50.8048,18.669,50.0,0.0,-2.6872,-3.0807,100.7325,15.9818,50.0076,-0.0076,-2.6479,-3.0352,150.67,13.3339,,,84.0,0.73
898,00h 14m 58s,17.345,False,False,0.8684,21.3964,50.0108,-0.0108,-2.7274,-3.1263,50.8048,18.669,50.0,0.0,-2.6872,-3.0807,100.7325,15.9818,50.0076,-0.0076,-2.6479,-3.0352,150.67,13.3339,,,84.0,0.73
899,00h 14m 59s,17.345,False,False,0.8684,21.3964,50.0108,-0.0108,-2.7274,-3.1263,50.8048,18.669,50.0,0.0,-2.6872,-3.0807,100.7325,15.9818,50.0076,-0.0076,-2.6479,-3.0352,150.67,13.3339,,,84.0,0.73
900,00h 15m 00s,17.37,False,False,0.8705,21.4452,50.0114,-0.0114,-2.7763,-3.1823,50.8048,18.6689,50.0,0.0,-2.6869,-3.0805,100.7325,15.9819,50.007,-0.007,-2.5986,-2.9786,150.672,13.3834,,,84.0,0.73
901,00h 15m 01s,17.438,False,False,0.8736,21.4929,50.0089,-0.0089,-2.7374,-3.1378,50.8075,18.7555,50.0,0.0,-2.6865,-3.08,100.7353,16.069,50.0089,-0.0089,-2.6365,-3.0221,150.6747,13.4325,,,83.5,0.73
902,00h 15m 02s,17.505,False,False,0.8766,21.5416,50.0087,-0.0087,-2.6998,-3.0947,50.8123,18.8418,50.0,0.0,-2.6862,-3.0797,100.7401,16.1556,50.0087,-0.0087,-2.6736,-3.0646,150.6773,13.482,,,85.0,0.73
903,00h 15m 03s,17.573,True,False,0.8777,21.5898,50.0095,-0.0095,-2.6616,-3.0508,50.8163,18.9282,50.0,0.0,-2.686,-3.0794,100.7441,16.2423,50.0095,-0.0095,-2.7113,-3.1079,150.68,13.5309,,,85.6,0.73
904,00h 15m 04s,17.641,True,False,0.8811,21.6381,50.0097,-0.0097,-2.6233,-3.0069,50.822,19.0148,50.0,0.0,-2.6857,-3.079,100.7498,16.3291,50.0097,-0.0097,-2.7491,-3.1512,150.6838,13.5801,,,88.0,0.73
905,00h 15m 05s,17.708,True,False,0.8835,21.6868,50.0098,-0.0098,-2.5852,-2.9631,50.8264,19.1016,50.0,0.0,-2.6855,-3.0788,100.7542,16.4161,50.0097,-0.0097,-2.7868,-3.1945,150.6863,13.6293,,,89.0,0.73
906,00h 15m 06s,17.776,False,False,0.886,21.7351,50.01,-0.01,-2.5471,-2.9195,50.8311,19.188,50.0,0.0,-2.6852,-3.0785,100.759,16.5027,50.01,-0.01,-2.8244,-3.2376,150.6891,13.6783,,,90.4,0.73
907,00h 15m 07s,17.844,True,False,0.8888,21.7838,50.01,-0.01,-2.5095,-2.8763,50.8358,19.2743,50.0,0.0,-2.6851,-3.0784,100.7636,16.5892,50.0099,-0.0099,-2.8618,-3.2805,150.6916,13.7274,,,91.8,0.72
908,00h 15m 08s,17.868,False,False,0.8916,21.8325,50.0096,-0.0096,-2.5583,-2.9323,50.8358,19.2742,50.0,0.0,-2.6849,-3.0782,100.7636,16.5893,50.0092,-0.0092,-2.8126,-3.2241,150.6937,13.7767,,,91.8,0.72
909,00h 15m 09s,17.88,True,False,0.8916,21.8325,50.0096,-0.0096,-2.5665,-2.9417,50.8353,19.266,50.0,0.0,-2.6685,-3.0594,100.7641,16.5975,50.0092,-0.0092,-2.7716,-3.1771,150.6964,13.8258,,,91.7,0.72
910,00h 15m 10s,17.893,True,False,0.8916,21.8325,50.0096,-0.0096,-2.5747,-2.9511,50.8349,19.2578,50.0,0.0,-2.6521,-3.0405,100.7645,16.6057,50.0094,-0.0094,-2.7306,-3.13,150.6993,13.8751,,,91.6,0.72
911,00h 15m 11s,17.905,True,False,0.8916,21.8325,50.0096,-0.0096,-2.5829,-2.9605,50.8345,19.2496,50.0,0.0,-2.6357,-3.0217,100.765,16.6139,50.0089,-0.0089,-2.6895,-3.0829,150.7015,13.9244,,,91.4,0.72
912,00h 15m 12s,17.917,True,False,0.8916,21.8325,50.0096,-0.0096,-2.5911,-2.97,50.834,19.2414,50.0,0.0,-2.6193,-3.0028,100.7654,16.6221,50.009,-0.009,-2.6484,-3.0357,150.7042,13.9737,,,91.3,0.72
913,00h 15m 13s,17.93,True,False,0.8916,21.8325,50.0096,-0.0096,-2.5993,-2.9793,50.8336,19.2332,50.0,0.0,-2.6029,-2.9841,100.7658,16.6303,50.0081,-0.0081,-2.6075,-2.9888,150.7059,14.0228,,,91.2,0.72
914,00h 15m 14s,17.942,True,False,0.8916,21.8325,50.0096,-0.0096,-2.6075,-2.9887,50.8332,19.225,50.0,0.0,-2.5866,-2.9653,100.7662,16.6384,50.0075,-0.0075,-2.5666,-2.9419,150.7079,14.0718,,,91.1,0.72
915,00h 15m 15s,17.954,True,False,0.8916,21.8325,50.0096,-0.0096,-2.6156,-2.9981,50.8328,19.2168,50.0,0.0,-2.5702,-2.9465,100.7667,16.6466,50.0073,-0.0073,-2.5256,-2.895,150.7102,14.121,,,91.0,0.72
916,00h 15m 16s,17.967,True,False,0.8916,21.8325,50.0096,-0.0096,-2.6238,-3.0075,50.8323,19.2086,50.0,0.0,-2.5538,-2.9277,100.7671,16.6548,50.0084,-0.0084,-2.4847,-2.8479,150.7137,14.1701,,,90.9,0.72
917,00h 15m 17s,18.003,True,False,0.8916,21.8325,50.0132,-0.0132,-2.5829,-2.9604,50.8381,19.2495,50.0,0.0,-2.5374,-2.9089,100.7737,16.7122,50.0037,-0.0037,-2.4927,-2.8574,150.7152,14.2195,,,95.0,0.72
918,00h 15m 18s,18.052,True,False,0.8941,21.8811,50.0151,-0.0151,-2.5824,-2.9596,50.8425,19.2987,50.0,0.0,-2.5372,-2.9087,100.778,16.7615,50.0019,-0.0019,-2.4929,-2.8577,150.7177,14.2686,,,97.5,0.72
919,00h 15m 19s,18.102,True,False,0.8966,21.9295,50.0156,-0.0156,-2.5816,-2.9587,50.8456,19.3479,50.0,0.0,-2.537,-2.9084,100.7812,16.8109,50.0006,-0.0006,-2.4931,-2.8581,150.7196,14.3178,,,98.8,0.72
920,00h 15m 20s,18.15,True,False,0.8998,21.9772,50.0153,-0.0153,-2.5802,-2.9571,50.8485,19.3971,50.0,0.0,-2.5366,-2.9079,100.7841,16.8605,50.0005,-0.0005,-2.4937,-2.8588,150.7224,14.3668,,,99.8,0.72
921,00h 15m 21s,18.199,True,False,0.9023,22.0251,50.0155,-0.0155,-2.5789,-2.9556,50.8513,19.4463,50.0,0.0,-2.5361,-2.9074,100.7869,16.9101,50.0003,-0.0003,-2.4942,-2.8593,150.7249,14.416,,,100.7,0.72
922,00h 15m 22s,18.248,True,False,0.9048,22.0738,50.016,-0.016,-2.5782,-2.9548,50.8543,19.4955,50.0,0.0,-2.536,-2.9073,100.79,16.9596,50.0006,-0.0006,-2.4946,-2.8597,150.7283,14.465,,,101.8,0.72
923,00h 15m 23s,18.298,True,False,0.9065,22.1225,50.0171,-0.0171,-2.5779,-2.9544,50.8572,19.5446,50.0,0.0,-2.5358,-2.907,100.7928,17.0089,50.0004,-0.0004,-2.4945,-2.8596,150.731,14.5144,,,102.8,0.72
924,00h 15m 24s,18.347,True,False,0.9093,22.1709,50.0165,-0.0165,-2.577,-2.9533,50.8594,19.5939,50.0,0.0,-2.5355,-2.9067,100.795,17.0584,49.9997,0.0003,-2.4949,-2.8601,150.7324,14.5635,,,103.1,0.72
925,00h 15m 25s,18.396,True,False,0.912,22.2192,50.0165,-0.0165,-2.5762,-2.9524,50.8621,19.643,50.0,0.0,-2.5353,-2.9064,100.7978,17.1078,50.0003,-0.0003,-2.4952,-2.8604,150.7357,14.6126,,,103.9,0.72
926,00h 15m 26s,18.445,True,False,0.9132,22.2679,50.0181,-0.0181,-2.5756,-2.9516,50.8649,19.6924,50.0,0.0,-2.535,-2.9062,100.8006,17.1573,50.0003,-0.0003,-2.4954,-2.8607,150.7387,14.6619,,,104.9,0.72
927,00h 15m 27s,18.494,True,False,0.9159,22.316,50.0184,-0.0184,-2.5748,-2.9507,50.868,19.7412,50.0,0.0,-2.5346,-2.9057,100.8037,17.2066,50.0006,-0.0006,-2.4954,-2.8606,150.742,14.7112,,,106.1,0.72
928,00h 15m 28s,18.543,True,False,0.9196,22.3645,50.0178,-0.0178,-2.5744,-2.9503,50.8711,19.7901,50.0,0.0,-2.5343,-2.9054,100.8068,17.2558,50.0006,-0.0006,-2.4952,-2.8605,150.7451,14.7606,,,107.2,1.71
929,00h 15m 29s,18.592,True,False,0.9222,22.4132,50.0171,-0.0171,-2.574,-2.9499,50.873,19.8392,50.0,0.0,-2.5341,-2.9052,100.8088,17.305,49.9995,0.0005,-2.4951,-2.8604,150.746,14.8099,,,107.3,1.71
930,00h 15m 30s,18.628,True,False,0.9247,22.4611,50.0168,-0.0168,-2.5647,-2.9392,50.8757,19.8964,50.0,0.0,-2.5501,-2.9235,100.8106,17.3463,49.9997,0.0003,-2.5364,-2.9077,150.746,14.8099,,,107.8,1.71
931,00h 15m 31s,18.665,True,False,0.9273,22.5099,50.0166,-0.0166,-2.5563,-2.9297,50.8785,19.9535,50.0,0.0,-2.5664,-2.9421,100.8126,17.3872,49.9998,0.0002,-2.5772,-2.9546,150.746,14.8099,,,108.4,1.71
932,00h 15m 32s,18.702,True,False,0.9302,22.5584,50.0162,-0.0162,-2.5478,-2.9198,50.8814,20.0106,50.0,0.0,-2.5825,-2.9607,100.8147,17.4281,49.9999,0.0001,-2.6181,-3.0015,150.746,14.8099,,,109.1,1.71
933,00h 15m 33s,18.738,True,False,0.9318,22.6063,50.0171,-0.0171,-2.5387,-2.9094,50.8844,20.0677,50.0,0.0,-2.5985,-2.979,100.8168,17.4691,49.9999,0.0001,-2.6592,-3.0487,150.746,14.8099,,,109.9,1.71
934,00h 15m 34s,18.775,True,False,0.9339,22.6543,50.0176,-0.0176,-2.5297,-2.899,50.8874,20.1247,50.0,0.0,-2.6145,-2.9974,100.819,17.5102,49.9999,0.0001,-2.7002,-3.0957,150.746,14.8099,,,110.8,1.71
935,00h 15m 35s,18.812,True,False,0.9354,22.7026,50.0186,-0.0186,-2.5205,-2.8885,50.8905,20.1821,50.0,0.0,-2.6306,-3.0158,100.8213,17.5515,49.9999,0.0001,-2.7416,-3.1432,150.746,14.8099,,,111.7,1.71
936,00h 15m 36s,18.848,True,False,0.9377,22.7512,50.0191,-0.0191,-2.5119,-2.8785,50.8937,20.2393,50.0,0.0,-2.6467,-3.0344,100.8236,17.5925,49.9999,0.0001,-2.7826,-3.1903,150.746,14.8099,,,112.6,1.71
937,00h 15m 37s,18.86,True,False,0.94,22.7994,50.0192,-0.0192,-2.5521,-2.9247,50.8941,20.2473,50.0,0.0,-2.6628,-3.0528,100.8231,17.5845,49.9999,0.0001,-2.7745,-3.181,150.746,14.8099,,,112.7,1.71
938,00h 15m 38s,18.86,True,False,0.94,22.7994,50.0192,-0.0192,-2.5521,-2.9247,50.8941,20.2473,50.0,0.0,-2.6628,-3.0528,100.8231,17.5845,49.9999,0.0001,-2.7745,-3.181,150.746,14.8099,,,112.7,1.71
939,00h 15m 39s,18.86,True,False,0.94,22.7994,50.0192,-0.0192,-2.5521,-2.9247,50.8941,20.2473,50.0,0.0,-2.6628,-3.0528,100.8231,17.5845,49.9999,0.0001,-2.7745,-3.181,150.746,14.8099,,,112.7,1.71
940,00h 15m 40s,18.86,True,False,0.94,22.7994,50.0192,-0.0192,-2.5521,-2.9247,50.8941,20.2473,50.0,0.0,-2.6628,-3.0528,100.8231,17.5845,49.9999,0.0001,-2.7745,-3.181,150.746,14.8099,,,112.7,1.71
941,00h 15m 41s,18.86,True,False,0.94,22.7994,50.0192,-0.0192,-2.5521,-2.9247,50.8941,20.2473,50.0,0.0,-2.6628,-3.0528,100.8231,17.5845,49.9999,0.0001,-2.7745,-3.181,150.746,14.8099,,,112.7,1.71
942,00h 15m 42s,18.86,True,False,0.94,22.7994,50.0192,-0.0192,-2.5521,-2.9247,50.8941,20.2473,50.0,0.0,-2.6628,-3.0528,100.8231,17.5845,49.9999,0.0001,-2.7745,-3.181,150.746,14.8099,,,112.7,1.71
943,00h 15m 43s,18.86,True,False,0.94,22.7994,50.0192,-0.0192,-2.5521,-2.9247,50.8941,20.2473,50.0,0.0,-2.6628,-3.0528,100.8231,17.5845,49.9999,0.0001,-2.7745,-3.181,150.746,14.8099,,,112.7,1.71
944,00h 15m 44s,18.86,True,False,0.94,22.7994,50.0192,-0.0192,-2.5521,-2.9247,50.8941,20.2473,50.0,0.0,-2.6628,-3.0528,100.8231,17.5845,49.9999,0.0001,-2.7745,-3.181,150.746,14.8099,,,112.7,1.71
945,00h 15m 45s,18.86,True,False,0.94,22.7994,50.0192,-0.0192,-2.5521,-2.9247,50.8941,20.2473,50.0,0.0,-2.6628,-3.0528,100.8231,17.5845,49.9999,0.0001,-2.7745,-3.181,150.746,14.8099,,,112.7,1.71
946,00h 15m 46s,18.86,True,False,0.94,22.7994,50.0192,-0.0192,-2.5521,-2.9247,50.8941,20.2473,50.0,0.0,-2.6628,-3.0528,100.8231,17.5845,49.9999,0.0001,-2.7745,-3.181,150.746,14.8099,,,112.7,1.71
947,00h 15m 47s,18.86,True,False,0.94,22.7994,50.0192,-0.0192,-2.5521,-2.9247,50.8941,20.2473,50.0,0.0,-2.6628,-3.0528,100.8231,17.5845,49.9999,0.0001,-2.7745,-3.181,150.746,14.8099,,,112.7,1.71
948,00h 15m 48s,18.86,True,False,0.94,22.7994,50.0192,-0.0192,-2.5521,-2.9247,50.8941,20.2473,50.0,0.0,-2.6628,-3.0528,100.8231,17.5845,49.9999,0.0001,-2.7745,-3.181,150.746,14.8099,,,112.7,1.71
949,00h 15m 49s,18.86,True,False,0.94,22.7994,50.0192,-0.0192,-2.5521,-2.9247,50.8941,20.2473,50.0,0.0,-2.6628,-3.0528,100.8231,17.5845,49.9999,0.0001,-2.7745,-3.181,150.746,14.8099,,,112.7,1.71
950,00h 15m 50s,18.86,True,False,0.94,22.7994,50.0192,-0.0192,-2.5521,-2.9247,50.8941,20.2473,50.0,0.0,-2.6628,-3.0528,100.8231,17.5845,49.9999,0.0001,-2.7745,-3.181,150.746,14.8099,,,112.7,1.71
951,00h 15m 51s,18.86,True,False,0.94,22.7994,50.0192,-0.0192,-2.5521,-2.9247,50.8941,20.2473,50.0,0.0,-2.6628,-3.0528,100.8231,17.5845,49.9999,0.0001,-2.7745,-3.181,150.746,14.8099,,,112.7,1.71
952,00h 15m 52s,18.86,True,False,0.94,22.7994,50.0192,-0.0192,-2.5521,-2.9247,50.8941,20.2473,50.0,0.0,-2.6628,-3.0528,100.8231,17.5845,49.9999,0.0001,-2.7745,-3.181,150.746,14.8099,,,112.7,1.71
953,00h 15m 53s,18.86,True,False,0.94,22.7994,50.0192,-0.0192,-2.5521,-2.9247,50.8941,20.2473,50.0,0.0,-2.6628,-3.0528,100.8231,17.5845,49.9999,0.0001,-2.7745,-3.181,150.746,14.8099,,,112.7,1.71
954,00h 15m 54s,18.86,True,False,0.94,22.7994,50.0192,-0.0192,-2.5521,-2.9247,50.8941,20.2473,50.0,0.0,-2.6628,-3.0528,100.8231,17.5845,49.9999,0.0001,-2.7745,-3.181,150.746,14.8099,,,112.7,1.71
955,00h 15m 55s,18.86,True,False,0.94,22.7994,50.0192,-0.0192,-2.5521,-2.9247,50.8941,20.2473,50.0,0.0,-2.6628,-3.0528,100.8231,17.5845,49.9999,0.0001,-2.7745,-3.181,150.746,14.8099,,,112.7,1.71
956,00h 15m 56s,18.86,True,False,0.94,22.7994,50.0192,-0.0192,-2.5521,-2.9247,50.8941,20.2473,50.0,0.0,-2.6628,-3.0528,100.8231,17.5845,49.9999,0.0001,-2.7745,-3.181,150.746,14.8099,,,112.7,1.71
957,00h 15m 57s,18.86,True,False,0.94,22.7994,50.0192,-0.0192,-2.5521,-2.9247,50.8941,20.2473,50.0,0.0,-2.6628,-3.0528,100.8231,17.5845,49.9999,0.0001,-2.7745,-3.181,150.746,14.8099,,,112.7,1.71
958,00h 15m 58s,18.86,True,False,0.94,22.7994,50.0192,-0.0192,-2.5521,-2.9247,50.8941,20.2473,50.0,0.0,-2.6628,-3.0528,100.8231,17.5845,49.9999,0.0001,-2.7745,-3.181,150.746,14.8099,,,112.7,1.71
959,00h 15m 59s,18.86,True,False,0.94,22.7994,50.0192,-0.0192,-2.5521,-2.9247,50.8941,20.2473,50.0,0.0,-2.6628,-3.0528,100.8231,17.5845,49.9999,0.0001,-2.7745,-3.181,150.746,14.8099,,,112.7,1.71
960,00h 16m 00s,18.873,True,False,0.94,22.7994,50.0192,-0.0192,-2.5603,-2.934,50.8937,20.2391,50.0,0.0,-2.6465,-3.0341,100.8236,17.5926,49.9995,0.0005,-2.7337,-3.1341,150.7483,14.859,,,112.6,1.71
961,00h 16m 01s,18.885,True,False,0.94,22.7994,50.0192,-0.0192,-2.5685,-2.9434,50.8932,20.231,50.0,0.0,-2.6301,-3.0153,100.824,17.6008,49.9994,0.0006,-2.6928,-3.0872,150.7508,14.9081,,,112.5,1.71
962,00h 16m 02s,18.897,True,False,0.94,22.7994,50.0192,-0.0192,-2.5767,-2.9528,50.8928,20.2228,50.0,0.0,-2.6137,-2.9965,100.8244,17.609,49.999,0.001,-2.6518,-3.0402,150.753,14.9573,,,112.4,1.71
963,00h 16m 03s,18.909,True,False,0.94,22.7994,50.0192,-0.0192,-2.5849,-2.9622,50.8924,20.2146,50.0,0.0,-2.5974,-2.9777,100.8249,17.6172,50.0003,-0.0003,-2.6109,-2.9932,150.757,15.0063,,,112.3,1.71
964,00h 16m 04s,18.922,True,False,0.94,22.7994,50.0192,-0.0192,-2.5931,-2.9716,50.8919,20.2064,50.0,0.0,-2.581,-2.9589,100.8253,17.6254,50.0004,-0.0004,-2.5699,-2.9462,150.7596,15.0555,,,112.1,1.71
965,00h 16m 05s,18.934,True,False,0.94,22.7994,50.0192,-0.0192,-2.6013,-2.981,50.8915,20.1982,50.0,0.0,-2.5646,-2.9401,100.8257,17.6336,50.0005,-0.0005,-2.5289,-2.8991,150.7622,15.1047,,,112.0,1.71
966,00h 16m 06s,18.946,True,False,0.94,22.7994,50.0192,-0.0192,-2.6095,-2.9904,50.8911,20.19,50.0,0.0,-2.5482,-2.9212,100.8261,17.6418,50.0012,-0.0012,-2.4879,-2.852,150.7654,15.1539,,,111.9,1.71
967,00h 16m 07s,18.959,True,False,0.94,22.7994,50.0192,-0.0192,-2.6177,-2.9999,50.8907,20.1817,50.0,0.0,-2.5317,-2.9024,100.8265,17.65,50.0019,-0.0019,-2.4468,-2.8048,150.7686,15.2032,,,111.8,1.71
968,00h 16m 08s,19.015,True,False,0.94,22.7994,50.0105,-0.0105,-2.5387,-2.9097,50.886,20.2608,50.0,0.0,-2.5153,-2.8835,100.8227,17.7455,50.0105,-0.0105,-2.493,-2.8573,150.7711,15.2525,,,104.2,1.71
969,00h 16m 09s,19.082,True,False,0.942,22.8473,50.0109,-0.0109,-2.5,-2.8654,50.8905,20.3473,50.0,0.0,-2.5148,-2.8829,100.8272,17.8325,50.0109,-0.0109,-2.5306,-2.9005,150.774,15.3019,,,105.3,-0.2
970,00h 16m 10s,19.15,False,False,0.9433,22.8956,50.0117,-0.0117,-2.4618,-2.8215,50.8943,20.4338,50.0,0.0,-2.5144,-2.8825,100.8311,17.9195,50.0117,-0.0117,-2.5682,-2.9435,150.7768,15.3513,,,105.8,-0.2
971,00h 16m 11s,19.218,False,False,0.9464,22.9437,50.0107,-0.0107,-2.4234,-2.7775,50.8983,20.5203,50.0,0.0,-2.5141,-2.8821,100.8351,18.0063,50.0107,-0.0107,-2.6058,-2.9867,150.7778,15.4005,,,106.5,-0.2
972,00h 16m 12s,19.285,False,False,0.948,22.9918,50.0105,-0.0105,-2.3849,-2.7334,50.9017,20.6068,50.0,0.0,-2.5137,-2.8817,100.8385,18.0931,50.0105,-0.0105,-2.6435,-3.03,150.779,15.4496,,,106.5,-0.2
973,00h 16m 13s,19.353,False,False,0.9502,23.0396,50.011,-0.011,-2.3462,-2.689,50.9061,20.6934,50.0,0.0,-2.5133,-2.8812,100.8429,18.1801,50.0109,-0.0109,-2.6814,-3.0735,150.7819,15.4986,,,107.6,-0.2
974,00h 16m 14s,19.377,False,False,0.9525,23.0878,50.011,-0.011,-2.3946,-2.7445,50.9061,20.6932,50.0,0.0,-2.513,-2.8809,100.8429,18.1802,50.0104,-0.0104,-2.6325,-3.0174,150.784,15.5477,,,107.6,-0.2
975,00h 16m 15s,19.402,False,False,0.9551,23.1361,50.0107,-0.0107,-2.443,-2.8,50.9061,20.693,50.0,0.0,-2.5126,-2.8805,100.8429,18.1804,50.0102,-0.0102,-2.5833,-2.961,150.7864,15.5971,,,107.6,-0.2
976,00h 16m 16s,19.426,False,False,0.9581,23.1844,50.0101,-0.0101,-2.4916,-2.8557,50.9061,20.6929,50.0,0.0,-2.5123,-2.8801,100.843,18.1805,50.0094,-0.0094,-2.5341,-2.9046,150.7881,15.6465,,,107.6,-0.2
977,00h 16m 17s,19.451,False,False,0.9612,23.2331,50.0095,-0.0095,-2.5403,-2.9116,50.9061,20.6928,50.0,0.0,-2.5122,-2.88,100.843,18.1806,50.0091,-0.0091,-2.4851,-2.8484,150.7903,15.6955,,,107.6,-0.2
978,00h 16m 18s,19.475,False,False,0.9634,23.2816,50.0098,-0.0098,-2.5889,-2.9674,50.9061,20.6927,50.0,0.0,-2.512,-2.8798,100.843,18.1807,50.0092,-0.0092,-2.4361,-2.7922,150.7928,15.7446,,,107.6,-0.2
979,00h 16m 19s,19.542,False,False,0.9659,23.3294,50.0092,-0.0092,-2.5503,-2.9232,50.9101,20.7791,50.0,0.0,-2.5116,-2.8793,100.847,18.2675,50.0093,-0.0093,-2.4738,-2.8354,150.795,15.7937,,,108.3,-0.2
980,00h 16m 20s,19.61,True,False,0.9689,23.3772,50.0084,-0.0084,-2.5115,-2.8787,50.9142,20.8656,50.0,0.0,-2.5111,-2.8788,100.8511,18.3545,50.0084,-0.0084,-2.5116,-2.8788,150.7964,15.8429,,,109.1,0.42
981,00h 16m 21s,19.678,True,False,0.9715,23.4249,50.008,-0.008,-2.4727,-2.8342,50.9184,20.9523,50.0,0.0,-2.5107,-2.8783,100.8553,18.4416,50.008,-0.008,-2.5496,-2.9224,150.7983,15.892,,,110.0,0.42
982,00h 16m 22s,19.745,True,False,0.9745,23.4729,50.0078,-0.0078,-2.4343,-2.7902,50.9231,21.0386,50.0,0.0,-2.5103,-2.8779,100.86,18.5283,50.0078,-0.0078,-2.5872,-2.9655,150.8009,15.9411,,,111.3,0.42
983,00h 16m 23s,19.813,True,False,0.9758,23.5218,50.0082,-0.0082,-2.3964,-2.7467,50.9266,21.1254,50.0,0.0,-2.5102,-2.8777,100.8635,18.6151,50.0082,-0.0082,-2.6249,-3.0088,150.8028,15.9902,,,111.5,0.42
984,00h 16m 24s,19.881,True,False,0.9787,23.5706,50.008,-0.008,-2.3588,-2.7036,50.9311,21.2117,50.0,0.0,-2.5101,-2.8775,100.868,18.7017,50.0079,-0.0079,-2.6621,-3.0515,150.805,16.0396,,,112.7,0.42
985,00h 16m 25s,19.905,True,False,0.9818,23.6184,50.0072,-0.0072,-2.4069,-2.7588,50.931,21.2115,50.0,0.0,-2.5097,-2.8771,100.868,18.7019,50.007,-0.007,-2.6132,-2.9954,150.8067,16.0887,,,112.7,0.42
986,00h 16m 26s,19.917,True,False,0.9818,23.6184,50.0071,-0.0071,-2.4151,-2.7682,50.9306,21.2033,50.0,0.0,-2.4933,-2.8582,100.8684,18.7101,50.0071,-0.0071,-2.5721,-2.9483,150.8094,16.138,,,112.6,0.42
987,00h 16m 27s,19.93,True,False,0.9818,23.6184,50.0071,-0.0071,-2.4233,-2.7776,50.9302,21.1951,50.0,0.0,-2.4769,-2.8395,100.8688,18.7183,50.0074,-0.0074,-2.5312,-2.9014,150.8121,16.1871,,,112.5,0.42
988,00h 16m 28s,19.942,True,False,0.9818,23.6184,50.0071,-0.0071,-2.4315,-2.787,50.9298,21.1869,50.0,0.0,-2.4605,-2.8206,100.8692,18.7265,50.007,-0.007,-2.4901,-2.8542,150.8143,16.2364,,,112.4,0.42
989,00h 16m 29s,19.954,True,False,0.9818,23.6184,50.0071,-0.0071,-2.4397,-2.7964,50.9294,21.1787,50.0,0.0,-2.4441,-2.8018,100.8696,18.7347,50.008,-0.008,-2.4492,-2.8072,150.8177,16.2855,,,112.3,0.42
990,00h 16m 30s,19.954,True,False,0.9818,23.6184,50.0071,-0.0071,-2.4397,-2.7964,50.9294,21.1787,50.0,0.0,-2.4441,-2.8018,100.8696,18.7347,50.008,-0.008,-2.4492,-2.8072,150.8177,16.2855,,,112.3,0.42
991,00h 16m 31s,19.954,True,False,0.9818,23.6184,50.0071,-0.0071,-2.4397,-2.7964,50.9294,21.1787,50.0,0.0,-2.4441,-2.8018,100.8696,18.7347,50.008,-0.008,-2.4492,-2.8072,150.8177,16.2855,,,112.3,0.42
992,00h 16m 32s,19.954,True,False,0.9818,23.6184,50.0071,-0.0071,-2.4397,-2.7964,50.9294,21.1787,50.0,0.0,-2.4441,-2.8018,100.8696,18.7347,50.008,-0.008,-2.4492,-2.8072,150.8177,16.2855,,,112.3,0.42
993,00h 16m 33s,19.954,True,False,0.9818,23.6184,50.0071,-0.0071,-2.4397,-2.7964,50.9294,21.1787,50.0,0.0,-2.4441,-2.8018,100.8696,18.7347,50.008,-0.008,-2.4492,-2.8072,150.8177,16.2855,,,112.3,0.42
994,00h 16m 34s,19.954,True,False,0.9818,23.6184,50.0071,-0.0071,-2.4397,-2.7964,50.9294,21.1787,50.0,0.0,-2.4441,-2.8018,100.8696,18.7347,50.008,-0.008,-2.4492,-2.8072,150.8177,16.2855,,,112.3,0.42
995,00h 16m 35s,19.954,True,False,0.9818,23.6184,50.0071,-0.0071,-2.4397,-2.7964,50.9294,21.1787,50.0,0.0,-2.4441,-2.8018,100.8696,18.7347,50.008,-0.008,-2.4492,-2.8072,150.8177,16.2855,,,112.3,0.42
996,00h 16m 36s,19.954,True,False,0.9818,23.6184,50.0071,-0.0071,-2.4397,-2.7964,50.9294,21.1787,50.0,0.0,-2.4441,-2.8018,100.8696,18.7347,50.008,-0.008,-2.4492,-2.8072,150.8177,16.2855,,,112.3,0.42
997,00h 16m 37s,19.954,True,False,0.9818,23.6184,50.0071,-0.0071,-2.4397,-2.7964,50.9294,21.1787,50.0,0.0,-2.4441,-2.8018,100.8696,18.7347,50.008,-0.008,-2.4492,-2.8072,150.8177,16.2855,,,112.3,0.42
998,00h 16m 38s,19.954,True,False,0.9818,23.6184,50.0071,-0.0071,-2.4397,-2.7964,50.9294,21.1787,50.0,0.0,-2.4441,-2.8018,100.8696,18.7347,50.008,-0.008,-2.4492,-2.8072,150.8177,16.2855,,,112.3,0.42
999,00h 16m 39s,19.954,True,False,0.9818,23.6184,50.0071,-0.0071,-2.4397,-2.7964,50.9294,21.1787,50.0,0.0,-2.4441,-2.8018,100.8696,18.7347,50.008,-0.008,-2.4492,-2.8072,150.8177,16.2855,,,112.3,0.42
1000,00h 16m 40s,19.954,True,False,0.9818,23.6184,50.0071,-0.0071,-2.4397,-2.7964,50.9294,21.1787,50.0,0.0,-2.4441,-2.8018,100.8696,18.7347,50.008,-0.008,-2.4492,-2.8072,150.8177,16.2855,,,112.3,0.42
1001,00h 16m 41s,19.954,True,False,0.9818,23.6184,50.0071,-0.0071,-2.4397,-2.7964,50.9294,21.1787,50.0,0.0,-2.4441,-2.8018,100.8696,18.7347,50.008,-0.008,-2.4492,-2.8072,150.8177,16.2855,,,112.3,0.42
1002,00h 16m 42s,19.954,True,False,0.9818,23.6184,50.0071,-0.0071,-2.4397,-2.7964,50.9294,21.1787,50.0,0.0,-2.4441,-2.8018,100.8696,18.7347,50.008,-0.008,-2.4492,-2.8072,150.8177,16.2855,,,112.3,0.42
1003,00h 16m 43s,19.954,True,False,0.9818,23.6184,50.0071,-0.0071,-2.4397,-2.7964,50.9294,21.1787,50.0,0.0,-2.4441,-2.8018,100.8696,18.7347,50.008,-0.008,-2.4492,-2.8072,150.8177,16.2855,,,112.3,0.42
1004,00h 16m 44s,19.954,True,False,0.9818,23.6184,50.0071,-0.0071,-2.4397,-2.7964,50.9294,21.1787,50.0,0.0,-2.4441,-2.8018,100.8696,18.7347,50.008,-0.008,-2.4492,-2.8072,150.8177,16.2855,,,112.3,0.42
1005,00h 16m 45s,19.954,True,False,0.9818,23.6184,50.0071,-0.0071,-2.4397,-2.7964,50.9294,21.1787,50.0,0.0,-2.4441,-2.8018,100.8696,18.7347,50.008,-0.008,-2.4492,-2.8072,150.8177,16.2855,,,112.3,0.42
1006,00h 16m 46s,19.954,True,False,0.9818,23.6184,50.0071,-0.0071,-2.4397,-2.7964,50.9294,21.1787,50.0,0.0,-2.4441,-2.8018,100.8696,18.7347,50.008,-0.008,-2.4492,-2.8072,150.8177,16.2855,,,112.3,0.42
1007,00h 16m 47s,19.954,True,False,0.9818,23.6184,50.0071,-0.0071,-2.4397,-2.7964,50.9294,21.1787,50.0,0.0,-2.4441,-2.8018,100.8696,18.7347,50.008,-0.008,-2.4492,-2.8072,150.8177,16.2855,,,112.3,0.42
1008,00h 16m 48s,19.954,True,False,0.9818,23.6184,50.0071,-0.0071,-2.4397,-2.7964,50.9294,21.1787,50.0,0.0,-2.4441,-2.8018,100.8696,18.7347,50.008,-0.008,-2.4492,-2.8072,150.8177,16.2855,,,112.3,0.42
1009,00h 16m 49s,19.954,True,False,0.9818,23.6184,50.0071,-0.0071,-2.4397,-2.7964,50.9294,21.1787,50.0,0.0,-2.4441,-2.8018,100.8696,18.7347,50.008,-0.008,-2.4492,-2.8072,150.8177,16.2855,,,112.3,0.42
1010,00h 16m 50s,19.954,True,False,0.9818,23.6184,50.0071,-0.0071,-2.4397,-2.7964,50.9294,21.1787,50.0,0.0,-2.4441,-2.8018,100.8696,18.7347,50.008,-0.008,-2.4492,-2.8072,150.8177,16.2855,,,112.3,0.42
1011,00h 16m 51s,19.954,True,False,0.9818,23.6184,50.0071,-0.0071,-2.4397,-2.7964,50.9294,21.1787,50.0,0.0,-2.4441,-2.8018,100.8696,18.7347,50.008,-0.008,-2.4492,-2.8072,150.8177,16.2855,,,112.3,0.42
1012,00h 16m 52s,19.954,True,False,0.9818,23.6184,50.0071,-0.0071,-2.4397,-2.7964,50.9294,21.1787,50.0,0.0,-2.4441,-2.8018,100.8696,18.7347,50.008,-0.008,-2.4492,-2.8072,150.8177,16.2855,,,112.3,0.42
1013,00h 16m 53s,19.954,True,False,0.9818,23.6184,50.0071,-0.0071,-2.4397,-2.7964,50.9294,21.1787,50.0,0.0,-2.4441,-2.8018,100.8696,18.7347,50.008,-0.008,-2.4492,-2.8072,150.8177,16.2855,,,112.3,0.42
1014,00h 16m 54s,19.954,True,False,0.9818,23.6184,50.0071,-0.0071,-2.4397,-2.7964,50.9294,21.1787,50.0,0.0,-2.4441,-2.8018,100.8696,18.7347,50.008,-0.008,-2.4492,-2.8072,150.8177,16.2855,,,112.3,0.42
1015,00h 16m 55s,19.954,True,False,0.9818,23.6184,50.0071,-0.0071,-2.4397,-2.7964,50.9294,21.1787,50.0,0.0,-2.4441,-2.8018,100.8696,18.7347,50.008,-0.008,-2.4492,-2.8072,150.8177,16.2855,,,112.3,0.42
1016,00h 16m 56s,19.954,True,False,0.9818,23.6184,50.0071,-0.0071,-2.4397,-2.7964,50.9294,21.1787,50.0,0.0,-2.4441,-2.8018,100.8696,18.7347,50.008,-0.008,-2.4492,-2.8072,150.8177,16.2855,,,112.3,0.42
1017,00h 16m 57s,19.954,True,False,0.9818,23.6184,50.0071,-0.0071,-2.4397,-2.7964,50.9294,21.1787,50.0,0.0,-2.4441,-2.8018,100.8696,18.7347,50.008,-0.008,-2.4492,-2.8072,150.8177,16.2855,,,112.3,0.42
1018,00h 16m 58s,19.954,True,False,0.9818,23.6184,50.0071,-0.0071,-2.4397,-2.7964,50.9294,21.1787,50.0,0.0,-2.4441,-2.8018,100.8696,18.7347,50.008,-0.008,-2.4492,-2.8072,150.8177,16.2855,,,112.3,0.42
1019,00h 16m 59s,19.954,True,False,0.9818,23.6184,50.0071,-0.0071,-2.4397,-2.7964,50.9294,21.1787,50.0,0.0,-2.4441,-2.8018,100.8696,18.7347,50.008,-0.008,-2.4492,-2.8072,150.8177,16.2855,,,112.3,0.42
1020,00h 17m 00s,19.967,True,False,0.9818,23.6184,50.0071,-0.0071,-2.4479,-2.8058,50.929,21.1705,50.0,0.0,-2.4276,-2.7829,100.8701,18.7429,50.0069,-0.0069,-2.4079,-2.76,150.8189,16.335,,,112.2,0.42
1021,00h 17m 01s,19.979,True,False,0.9818,23.6184,50.0071,-0.0071,-2.4561,-2.8153,50.9286,21.1623,50.0,0.0,-2.4112,-2.7641,100.8704,18.7511,50.0064,-0.0064,-2.3669,-2.7129,150.8208,16.3842,,,112.1,0.42
1022,00h 17m 02s,19.991,True,False,0.9818,23.6184,50.0071,-0.0071,-2.4643,-2.8246,50.9282,21.1541,50.0,0.0,-2.3948,-2.7453,100.8708,18.7593,50.0058,-0.0058,-2.326,-2.6661,150.8225,16.4333,,,112.0,0.42
1023,00h 17m 03s,20.028,True,False,0.9818,23.6184,50.0106,-0.0106,-2.4232,-2.7773,50.9337,21.1952,50.0,0.0,-2.3784,-2.7265,100.8771,18.8168,50.0035,-0.0035,-2.3343,-2.6756,150.826,16.4825,,,115.9,0.42
1024,00h 17m 04s,20.077,True,False,0.9855,23.6662,50.0111,-0.0111,-2.4222,-2.7762,50.9379,21.2439,50.0,0.0,-2.378,-2.726,100.8813,18.8659,50.0019,-0.0019,-2.3344,-2.6759,150.8287,16.5315,,,118.3,0.42
1025,00h 17m 05s,20.126,True,False,0.9876,23.7139,50.0116,-0.0116,-2.421,-2.7747,50.9406,21.293,50.0,0.0,-2.3776,-2.7256,100.8841,18.9153,50.0004,-0.0004,-2.3348,-2.6765,150.8299,16.5805,,,119.1,0.42
1026,00h 17m 06s,20.174,True,False,0.9898,23.7622,50.012,-0.012,-2.4203,-2.7739,50.9432,21.3418,50.0,0.0,-2.3774,-2.7253,100.8867,18.9645,50.0003,-0.0003,-2.335,-2.6767,150.8324,16.6295,,,119.8,0.42
1027,00h 17m 07s,20.224,True,False,0.9918,23.8106,50.0127,-0.0127,-2.4196,-2.773,50.946,21.3911,50.0,0.0,-2.3772,-2.7251,100.8894,19.0139,50.0004,-0.0004,-2.3354,-2.6771,150.8353,16.6785,,,120.7,1.26
1028,00h 17m 08s,20.272,True,False,0.9932,23.8584,50.0139,-0.0139,-2.4186,-2.7718,50.9485,21.4398,50.0,0.0,-2.3767,-2.7245,100.892,19.0631,50.0003,-0.0003,-2.3355,-2.6772,150.8377,16.7277,,,121.4,1.26
1029,00h 17m 09s,20.321,True,False,0.9955,23.9071,50.0143,-0.0143,-2.4182,-2.7713,50.9513,21.489,50.0,0.0,-2.3766,-2.7244,100.8948,19.1124,50.0005,-0.0005,-2.3357,-2.6775,150.8407,16.7766,,,122.3,1.26
1030,00h 17m 10s,20.37,True,False,0.998,23.9559,50.0143,-0.0143,-2.4177,-2.7708,50.9538,21.5382,50.0,0.0,-2.3765,-2.7243,100.8973,19.1617,50.0001,-0.0001,-2.336,-2.6778,150.8429,16.8257,,,122.9,1.26
1031,00h 17m 11s,20.419,True,False,1.0001,24.0038,50.0151,-0.0151,-2.4168,-2.7697,50.9567,21.587,50.0,0.0,-2.376,-2.7237,100.9002,19.211,50.0006,-0.0006,-2.336,-2.6778,150.8462,16.875,,,123.9,1.26
1032,00h 17m 12s,20.468,True,False,1.0033,24.0523,50.0147,-0.0147,-2.4163,-2.7692,50.9596,21.6359,50.0,0.0,-2.3758,-2.7235,100.9031,19.2602,50.0006,-0.0006,-2.3359,-2.6777,150.8491,16.9242,,,124.9,1.26
1033,00h 17m 13s,20.517,True,False,1.0052,24.1005,50.0152,-0.0152,-2.4154,-2.7681,50.962,21.6851,50.0,0.0,-2.3754,-2.7231,100.9056,19.3097,50.0001,-0.0001,-2.3362,-2.6781,150.8511,16.9734,,,125.5,1.26
1034,00h 17m 14s,20.566,True,False,1.0076,24.149,50.015,-0.015,-2.4146,-2.7671,50.9643,21.7345,50.0,0.0,-2.3753,-2.7229,100.9079,19.3592,49.9999,0.0001,-2.3367,-2.6786,150.8532,17.0225,,,125.8,1.26
1035,00h 17m 15s,20.615,True,False,1.0105,24.1976,50.0142,-0.0142,-2.4139,-2.7665,50.9664,21.7837,50.0,0.0,-2.3752,-2.7228,100.91,19.4085,49.9998,0.0002,-2.337,-2.679,150.8552,17.0715,,,126.1,1.26
1036,00h 17m 16s,20.664,True,False,1.0131,24.2455,50.0139,-0.0139,-2.4131,-2.7655,50.9688,21.8324,50.0,0.0,-2.3746,-2.7222,100.9124,19.4578,50.0001,-0.0001,-2.3369,-2.6789,150.8578,17.1209,,,126.6,1.26
1037,00h 17m 17s,20.713,True,False,1.0161,24.2937,50.0135,-0.0135,-2.4124,-2.7647,50.9714,21.8813,50.0,0.0,-2.3744,-2.7219,100.915,19.5069,50.0003,-0.0003,-2.337,-2.679,150.8607,17.1699,,,127.3,1.26
1038,00h 17m 18s,20.762,True,False,1.0201,24.3424,50.0119,-0.0119,-2.412,-2.7643,50.9737,21.9305,50.0,0.0,-2.3742,-2.7217,100.9173,19.5562,50.0,0.0,-2.337,-2.679,150.8627,17.2192,,,127.7,0.75
1039,00h 17m 19s,20.811,True,False,1.0229,24.3911,50.0117,-0.0117,-2.4114,-2.7637,50.9764,21.9797,50.0,0.0,-2.374,-2.7214,100.92,19.6057,50.0003,-0.0003,-2.3371,-2.6791,150.8657,17.2685,,,128.5,0.75
1040,00h 17m 20s,20.86,True,False,1.0251,24.4395,50.0119,-0.0119,-2.4109,-2.7631,50.9788,22.0286,50.0,0.0,-2.3737,-2.7211,100.9225,19.6549,50.0001,-0.0001,-2.3371,-2.6791,150.8679,17.3178,,,129.1,0.75
1041,00h 17m 21s,20.909,True,False,1.0286,24.4879,50.0106,-0.0106,-2.4103,-2.7625,50.9811,22.0776,50.0,0.0,-2.3735,-2.7209,100.9248,19.7041,50.0,0.0,-2.3372,-2.6793,150.8701,17.3668,,,129.5,0.75
1042,00h 17m 22s,20.958,True,False,1.0309,24.5364,50.0111,-0.0111,-2.4097,-2.7618,50.9839,22.1267,50.0,0.0,-2.3732,-2.7206,100.9276,19.7535,50.0005,-0.0005,-2.3373,-2.6793,150.8734,17.4161,,,130.4,0.75
1043,00h 17m 23s,21.007,True,False,1.0339,24.5849,50.0103,-0.0103,-2.4092,-2.7613,50.9862,22.1757,50.0,0.0,-2.373,-2.7203,100.9298,19.8027,49.9999,0.0001,-2.3373,-2.6793,150.8751,17.4654,,,130.8,0.75
1044,00h 17m 24s,21.056,True,False,1.0351,24.6329,50.0116,-0.0116,-2.4084,-2.7603,50.9886,22.2245,50.0,0.0,-2.3725,-2.7198,100.9323,19.8519,50.0001,-0.0001,-2.3372,-2.6793,150.8778,17.5147,,,131.3,0.75
1045,00h 17m 25s,21.105,True,False,1.0379,24.681,50.0109,-0.0109,-2.4074,-2.7591,50.9909,22.2737,50.0,0.0,-2.3722,-2.7194,100.9346,19.9015,49.9999,0.0001,-2.3376,-2.6796,150.8798,17.5639,,,131.7,0.75
1046,00h 17m 26s,21.154,True,False,1.0402,24.7295,50.0108,-0.0108,-2.4066,-2.7582,50.993,22.323,50.0,0.0,-2.3719,-2.719,100.9367,19.9511,49.9998,0.0002,-2.3378,-2.6799,150.8818,17.6133,,,131.9,0.75
1047,00h 17m 27s,21.203,True,False,1.0411,24.7779,50.0117,-0.0117,-2.4059,-2.7573,50.995,22.3721,50.0,0.0,-2.3716,-2.7187,100.9387,20.0004,49.9997,0.0003,-2.3379,-2.6801,150.8837,17.6625,,,132.0,0.75
1048,00h 17m 28s,21.252,True,False,1.0432,24.8267,50.012,-0.012,-2.4056,-2.757,50.9973,22.4211,50.0,0.0,-2.3715,-2.7185,100.941,20.0496,50.0,0.0,-2.3379,-2.68,150.8864,17.7117,,,132.5,0.75
1049,00h 17m 29s,21.301,True,False,1.045,24.8755,50.0126,-0.0126,-2.4055,-2.7569,50.9997,22.47,50.0,0.0,-2.3713,-2.7183,100.9435,20.0987,50.0001,-0.0001,-2.3377,-2.6797,150.8889,17.761,,,133.0,0.56
1050,00h 17m 30s,21.338,True,False,1.0462,24.924,50.0137,-0.0137,-2.3969,-2.747,51.0025,22.5271,50.0,0.0,-2.3875,-2.7369,100.9455,20.1396,50.0,0.0,-2.3786,-2.7267,150.8889,17.761,,,133.6,0.56
1051,00h 17m 31s,21.375,True,False,1.0494,24.9725,50.013,-0.013,-2.3881,-2.7368,51.0053,22.5844,50.0,0.0,-2.4036,-2.7554,100.9475,20.1808,50.0,0.0,-2.4198,-2.774,150.8889,17.761,,,134.2,0.56
1052,00h 17m 32s,21.411,True,False,1.0513,25.0209,50.0135,-0.0135,-2.3791,-2.7266,51.0081,22.6418,50.0,0.0,-2.4198,-2.7739,100.9495,20.222,50.0,0.0,-2.461,-2.8212,150.8889,17.761,,,134.8,0.56
1053,00h 17m 33s,21.448,True,False,1.0528,25.0692,50.0144,-0.0144,-2.3701,-2.7162,51.011,22.6991,50.0,0.0,-2.4358,-2.7924,100.9516,20.2633,49.9999,0.0001,-2.5022,-2.8686,150.8889,17.761,,,135.4,0.56
1054,00h 17m 34s,21.485,True,False,1.0546,25.1172,50.015,-0.015,-2.3607,-2.7054,51.0138,22.7565,50.0,0.0,-2.4518,-2.8107,100.9537,20.3047,49.9999,0.0001,-2.5436,-2.9161,150.8889,17.761,,,136.1,0.56
1055,00h 17m 35s,21.522,True,False,1.0571,25.1655,50.015,-0.015,-2.3517,-2.6951,51.0168,22.8137,50.0,0.0,-2.4679,-2.8292,100.9558,20.3458,49.9999,0.0001,-2.5848,-2.9633,150.8889,17.761,,,136.8,0.56
1056,00h 17m 36s,21.534,True,False,1.0587,25.2134,50.0157,-0.0157,-2.3917,-2.7409,51.0172,22.8217,50.0,0.0,-2.4839,-2.8475,100.9554,20.3378,49.9999,0.0001,-2.5768,-2.9541,150.8889,17.761,,,136.9,0.56
1057,00h 17m 37s,21.534,True,False,1.0587,25.2134,50.0157,-0.0157,-2.3917,-2.7409,51.0172,22.8217,50.0,0.0,-2.4839,-2.8475,100.9554,20.3378,49.9999,0.0001,-2.5768,-2.9541,150.8889,17.761,,,136.9,0.56
1058,00h 17m 38s,21.534,True,False,1.0587,25.2134,50.0157,-0.0157,-2.3917,-2.7409,51.0172,22.8217,50.0,0.0,-2.4839,-2.8475,100.9554,20.3378,49.9999,0.0001,-2.5768,-2.9541,150.8889,17.761,,,136.9,0.56
1059,00h 17m 39s,21.534,True,False,1.0587,25.2134,50.0157,-0.0157,-2.3917,-2.7409,51.0172,22.8217,50.0,0.0,-2.4839,-2.8475,100.9554,20.3378,49.9999,0.0001,-2.5768,-2.9541,150.8889,17.761,,,136.9,0.56
1060,00h 17m 40s,21.534,True,False,1.0587,25.2134,50.0157,-0.0157,-2.3917,-2.7409,51.0172,22.8217,50.0,0.0,-2.4839,-2.8475,100.9554,20.3378,49.9999,0.0001,-2.5768,-2.9541,150.8889,17.761,,,136.9,0.56
1061,00h 17m 41s,21.534,True,False,1.0587,25.2134,50.0157,-0.0157,-2.3917,-2.7409,51.0172,22.8217,50.0,0.0,-2.4839,-2.8475,100.9554,20.3378,49.9999,0.0001,-2.5768,-2.9541,150.8889,17.761,,,136.9,0.56
1062,00h 17m 42s,21.534,True,False,1.0587,25.2134,50.0157,-0.0157,-2.3917,-2.7409,51.0172,22.8217,50.0,0.0,-2.4839,-2.8475,100.9554,20.3378,49.9999,0.0001,-2.5768,-2.9541,150.8889,17.761,,,136.9,0.56
1063,00h 17m 43s,21.534,True,False,1.0587,25.2134,50.0157,-0.0157,-2.3917,-2.7409,51.0172,22.8217,50.0,0.0,-2.4839,-2.8475,100.9554,20.3378,49.9999,0.0001,-2.5768,-2.9541,150.8889,17.761,,,136.9,0.56
1064,00h 17m 44s,21.534,True,False,1.0587,25.2134,50.0157,-0.0157,-2.3917,-2.7409,51.0172,22.8217,50.0,0.0,-2.4839,-2.8475,100.9554,20.3378,49.9999,0.0001,-2.5768,-2.9541,150.8889,17.761,,,136.9,0.56
1065,00h 17m 45s,21.534,True,False,1.0587,25.2134,50.0157,-0.0157,-2.3917,-2.7409,51.0172,22.8217,50.0,0.0,-2.4839,-2.8475,100.9554,20.3378,49.9999,0.0001,-2.5768,-2.9541,150.8889,17.761,,,136.9,0.56
1066,00h 17m 46s,21.534,True,False,1.0587,25.2134,50.0157,-0.0157,-2.3917,-2.7409,51.0172,22.8217,50.0,0.0,-2.4839,-2.8475,100.9554,20.3378,49.9999,0.0001,-2.5768,-2.9541,150.8889,17.761,,,136.9,0.56
1067,00h 17m 47s,21.534,True,False,1.0587,25.2134,50.0157,-0.0157,-2.3917,-2.7409,51.0172,22.8217,50.0,0.0,-2.4839,-2.8475,100.9554,20.3378,49.9999,0.0001,-2.5768,-2.9541,150.8889,17.761,,,136.9,0.56
1068,00h 17m 48s,21.534,True,False,1.0587,25.2134,50.0157,-0.0157,-2.3917,-2.7409,51.0172,22.8217,50.0,0.0,-2.4839,-2.8475,100.9554,20.3378,49.9999,0.0001,-2.5768,-2.9541,150.8889,17.761,,,136.9,0.56
1069,00h 17m 49s,21.534,True,False,1.0587,25.2134,50.0157,-0.0157,-2.3917,-2.7409,51.0172,22.8217,50.0,0.0,-2.4839,-2.8475,100.9554,20.3378,49.9999,0.0001,-2.5768,-2.9541,150.8889,17.761,,,136.9,0.56
1070,00h 17m 50s,21.534,True,False,1.0587,25.2134,50.0157,-0.0157,-2.3917,-2.7409,51.0172,22.8217,50.0,0.0,-2.4839,-2.8475,100.9554,20.3378,49.9999,0.0001,-2.5768,-2.9541,150.8889,17.761,,,136.9,0.56
1071,00h 17m 51s,21.534,True,False,1.0587,25.2134,50.0157,-0.0157,-2.3917,-2.7409,51.0172,22.8217,50.0,0.0,-2.4839,-2.8475,100.9554,20.3378,49.9999,0.0001,-2.5768,-2.9541,150.8889,17.761,,,136.9,0.56
1072,00h 17m 52s,21.534,True,False,1.0587,25.2134,50.0157,-0.0157,-2.3917,-2.7409,51.0172,22.8217,50.0,0.0,-2.4839,-2.8475,100.9554,20.3378,49.9999,0.0001,-2.5768,-2.9541,150.8889,17.761,,,136.9,0.56
1073,00h 17m 53s,21.534,True,False,1.0587,25.2134,50.0157,-0.0157,-2.3917,-2.7409,51.0172,22.8217,50.0,0.0,-2.4839,-2.8475,100.9554,20.3378,49.9999,0.0001,-2.5768,-2.9541,150.8889,17.761,,,136.9,0.56
1074,00h 17m 54s,21.534,True,False,1.0587,25.2134,50.0157,-0.0157,-2.3917,-2.7409,51.0172,22.8217,50.0,0.0,-2.4839,-2.8475,100.9554,20.3378,49.9999,0.0001,-2.5768,-2.9541,150.8889,17.761,,,136.9,0.56
1075,00h 17m 55s,21.534,True,False,1.0587,25.2134,50.0157,-0.0157,-2.3917,-2.7409,51.0172,22.8217,50.0,0.0,-2.4839,-2.8475,100.9554,20.3378,49.9999,0.0001,-2.5768,-2.9541,150.8889,17.761,,,136.9,0.56
1076,00h 17m 56s,21.534,True,False,1.0587,25.2134,50.0157,-0.0157,-2.3917,-2.7409,51.0172,22.8217,50.0,0.0,-2.4839,-2.8475,100.9554,20.3378,49.9999,0.0001,-2.5768,-2.9541,150.8889,17.761,,,136.9,0.56
1077,00h 17m 57s,21.534,True,False,1.0587,25.2134,50.0157,-0.0157,-2.3917,-2.7409,51.0172,22.8217,50.0,0.0,-2.4839,-2.8475,100.9554,20.3378,49.9999,0.0001,-2.5768,-2.9541,150.8889,17.761,,,136.9,0.56
1078,00h 17m 58s,21.534,True,False,1.0587,25.2134,50.0157,-0.0157,-2.3917,-2.7409,51.0172,22.8217,50.0,0.0,-2.4839,-2.8475,100.9554,20.3378,49.9999,0.0001,-2.5768,-2.9541,150.8889,17.761,,,136.9,0.56
1079,00h 17m 59s,21.534,True,False,1.0587,25.2134,50.0157,-0.0157,-2.3917,-2.7409,51.0172,22.8217,50.0,0.0,-2.4839,-2.8475,100.9554,20.3378,49.9999,0.0001,-2.5768,-2.9541,150.8889,17.761,,,136.9,0.56
1080,00h 18m 00s,21.546,True,False,1.0587,25.2134,50.0157,-0.0157,-2.3999,-2.7503,51.0167,22.8136,50.0,0.0,-2.4675,-2.8287,100.9558,20.346,49.9993,0.0007,-2.5359,-2.9072,150.8907,17.8101,,,136.8,0.56
1081,00h 18m 01s,21.558,True,False,1.0587,25.2134,50.0157,-0.0157,-2.4081,-2.7597,51.0163,22.8053,50.0,0.0,-2.4511,-2.8099,100.9562,20.3542,49.9996,0.0004,-2.4948,-2.86,150.8935,17.8595,,,136.7,0.56
1082,00h 18m 02s,21.57,True,False,1.0587,25.2134,50.0157,-0.0157,-2.4163,-2.7691,51.0159,22.7971,50.0,0.0,-2.4347,-2.791,100.9566,20.3624,49.9997,0.0003,-2.4538,-2.8129,150.896,17.9087,,,136.6,0.56
1083,00h 18m 03s,21.583,True,False,1.0587,25.2134,50.0157,-0.0157,-2.4245,-2.7785,51.0155,22.789,50.0,0.0,-2.4183,-2.7723,100.957,20.3706,49.9992,0.0008,-2.4129,-2.7661,150.8979,17.9577,,,136.6,0.56
1084,00h 18m 04s,21.595,True,False,1.0587,25.2134,50.0157,-0.0157,-2.4327,-2.7879,51.0151,22.7808,50.0,0.0,-2.402,-2.7535,100.9574,20.3788,49.9995,0.0005,-2.372,-2.7192,150.9006,18.0068,,,136.5,0.56
1085,00h 18m 05s,21.607,True,False,1.0587,25.2134,50.0157,-0.0157,-2.4409,-2.7973,51.0148,22.7725,50.0,0.0,-2.3855,-2.7347,100.9578,20.387,50.0002,-0.0002,-2.3309,-2.672,150.9036,18.0561,,,136.4,0.56
1086,00h 18m 06s,21.62,True,False,1.0587,25.2134,50.0157,-0.0157,-2.4491,-2.8067,51.0144,22.7643,50.0,0.0,-2.3691,-2.7158,100.9582,20.3952,49.9987,0.0013,-2.2898,-2.6249,150.9044,18.1055,,,136.3,0.56
1087,00h 18m 07s,21.657,True,False,1.0587,25.2134,50.0148,-0.0148,-2.4081,-2.7597,51.0155,22.8053,50.0,0.0,-2.3526,-2.6969,100.9601,20.4527,49.9992,0.0008,-2.2978,-2.634,150.9065,18.1549,,,135.9,0.56
1088,00h 18m 08s,21.724,True,False,1.0605,25.2616,50.008,-0.008,-2.3695,-2.7159,51.0123,22.8921,50.0,0.0,-2.3522,-2.6964,100.957,20.5399,50.008,-0.008,-2.3356,-2.677,150.9104,18.2042,,,129.4,0.56
1089,00h 18m 09s,21.792,True,False,1.0619,25.3095,50.0082,-0.0082,-2.3311,-2.6718,51.0157,22.9784,50.0,0.0,-2.3517,-2.6958,100.9604,20.6267,50.0082,-0.0082,-2.373,-2.7199,150.9122,18.2537,,,129.5,-0.4
1090,00h 18m 10s,21.86,True,False,1.0643,25.3578,50.008,-0.008,-2.293,-2.6281,51.0197,23.0648,50.0,0.0,-2.3513,-2.6954,100.9644,20.7134,50.008,-0.008,-2.4104,-2.7627,150.9142,18.303,,,130.2,-0.4
1091,00h 18m 11s,21.927,True,False,1.0664,25.4058,50.0088,-0.0088,-2.2547,-2.5841,51.0243,23.1512,50.0,0.0,-2.3509,-2.6949,100.969,20.8002,50.0087,-0.0087,-2.448,-2.8058,150.9178,18.3523,,,131.4,-0.4
1092,00h 18m 12s,21.995,True,False,1.0691,25.4536,50.0089,-0.0089,-2.216,-2.5397,51.0289,23.2375,50.0,0.0,-2.3505,-2.6944,100.9737,20.8871,50.0089,-0.0089,-2.4858,-2.8491,150.9207,18.4013,,,132.7,-0.4
1093,00h 18m 13s,22.062,True,False,1.0731,25.5015,50.0082,-0.0082,-2.1778,-2.4959,51.0339,23.3237,50.0,0.0,-2.35,-2.6939,100.9786,20.9737,50.0081,-0.0081,-2.5231,-2.892,150.9231,18.4506,,,134.4,-0.4
1094,00h 18m 14s,22.087,True,False,1.0754,25.55,50.0081,-0.0081,-2.2264,-2.5517,51.0339,23.3236,50.0,0.0,-2.3497,-2.6936,100.9786,20.9739,50.0085,-0.0085,-2.4738,-2.8354,150.9259,18.5001,,,134.4,-0.4
1095,00h 18m 15s,22.099,True,False,1.0754,25.55,50.0081,-0.0081,-2.2346,-2.5611,51.0335,23.3154,50.0,0.0,-2.3334,-2.6748,100.979,20.982,50.0091,-0.0091,-2.4329,-2.7885,150.9289,18.5491,,,134.3,-0.4
1096,00h 18m 16s,22.111,True,False,1.0754,25.55,50.0081,-0.0081,-2.2428,-2.5705,51.0331,23.3072,50.0,0.0,-2.317,-2.656,100.9794,20.9902,50.0096,-0.0096,-2.3919,-2.7415,150.9318,18.5983,,,134.2,-0.4
1097,00h 18m 17s,22.124,True,False,1.0754,25.55,50.008,-0.008,-2.251,-2.58,51.0327,23.299,50.0,0.0,-2.3005,-2.6371,100.9798,20.9985,50.0108,-0.0108,-2.3508,-2.6942,150.9353,18.6477,,,134.2,-0.4
1098,00h 18m 18s,22.136,True,False,1.0754,25.55,50.008,-0.008,-2.2593,-2.5894,51.0324,23.2907,50.0,0.0,-2.284,-2.6182,100.9802,21.0067,50.0116,-0.0116,-2.3096,-2.647,150.9384,18.6971,,,134.1,-0.4
1099,00h 18m 19s,22.149,True,False,1.0754,25.55,50.008,-0.008,-2.2675,-2.5989,51.032,23.2825,50.0,0.0,-2.2675,-2.5993,100.9805,21.015,50.0107,-0.0107,-2.2684,-2.5997,150.9398,18.7466,,,134.1,-0.4
1100,00h 18m 20s,22.161,True,False,1.0754,25.55,50.008,-0.008,-2.2757,-2.6083,51.0316,23.2743,50.0,0.0,-2.2511,-2.5805,100.9809,21.0232,50.0108,-0.0108,-2.2273,-2.5526,150.9421,18.7958,,,134.0,-0.4
1101,00h 18m 21s,22.173,True,False,1.0754,25.55,50.008,-0.008,-2.2839,-2.6177,51.0313,23.2661,50.0,0.0,-2.2347,-2.5617,100.9813,21.0314,50.0109,-0.0109,-2.1864,-2.5056,150.9443,18.845,,,134.0,-0.4
1102,00h 18m 22s,22.185,True,False,1.0754,25.55,50.008,-0.008,-2.2921,-2.6271,51.0309,23.2579,50.0,0.0,-2.2183,-2.5428,100.9817,21.0396,50.0103,-0.0103,-2.1453,-2.4585,150.946,18.8943,,,133.9,-0.4
1103,00h 18m 23s,22.222,True,False,1.0754,25.55,50.013,-0.013,-2.2512,-2.5799,51.0377,23.2988,50.0,0.0,-2.2019,-2.524,100.9892,21.0969,50.005,-0.005,-2.1534,-2.4681,150.9478,18.9436,,,139.1,-0.4
1104,00h 18m 24s,22.271,True,False,1.0779,25.5982,50.0151,-0.0151,-2.2503,-2.5788,51.0424,23.3479,50.0,0.0,-2.2016,-2.5236,100.9939,21.1464,50.0026,-0.0026,-2.1536,-2.4684,150.9501,18.9928,,,142.0,-0.4
1105,00h 18m 25s,22.32,True,False,1.0803,25.6461,50.0166,-0.0166,-2.2491,-2.5772,51.0463,23.3971,50.0,0.0,-2.2011,-2.5231,100.9979,21.196,50.0018,-0.0018,-2.1539,-2.4689,150.9532,19.0421,,,144.0,-0.4
1106,00h 18m 26s,22.369,True,False,1.0835,25.6943,50.0159,-0.0159,-2.2483,-2.5764,51.0489,23.4459,50.0,0.0,-2.2007,-2.5227,101.0005,21.2452,50.0005,-0.0005,-2.1539,-2.4689,150.9545,19.0913,,,144.7,-0.4
1107,00h 18m 27s,22.418,True,False,1.0861,25.7422,50.016,-0.016,-2.2474,-2.5754,51.0516,23.4947,50.0,0.0,-2.2003,-2.5221,101.0032,21.2944,50.0006,-0.0006,-2.1538,-2.4688,150.9573,19.1406,,,145.5,1.78
1108,00h 18m 28s,22.467,True,False,1.0881,25.7908,50.0167,-0.0167,-2.2468,-2.5747,51.0543,23.544,50.0,0.0,-2.2001,-2.5219,101.0058,21.3439,50.0005,-0.0005,-2.1541,-2.4692,150.9599,19.1897,,,146.3,1.78
1109,00h 18m 29s,22.516,True,False,1.0896,25.8389,50.0175,-0.0175,-2.2458,-2.5735,51.0566,23.5931,50.0,0.0,-2.1997,-2.5215,101.0082,21.3935,50.0002,-0.0002,-2.1543,-2.4694,150.962,19.2391,,,146.7,1.78
1110,00h 18m 30s,22.553,True,False,1.0915,25.8868,50.0178,-0.0178,-2.2364,-2.5626,51.0592,23.6504,50.0,0.0,-2.2156,-2.5397,101.0101,21.4348,50.0001,-0.0001,-2.1957,-2.5168,150.962,19.2391,,,147.2,1.78
1111,00h 18m 31s,22.59,True,False,1.0929,25.9355,50.0186,-0.0186,-2.2278,-2.5527,51.0618,23.7077,50.0,0.0,-2.2319,-2.5584,101.012,21.4759,50.0,0.0,-2.2368,-2.564,150.962,19.2391,,,147.6,1.78
1112,00h 18m 32s,22.626,True,False,1.0952,25.984,50.0185,-0.0185,-2.2188,-2.5425,51.0645,23.7651,50.0,0.0,-2.248,-2.5769,101.0139,21.5171,50.0,0.0,-2.278,-2.6113,150.962,19.2391,,,148.0,1.78
1113,00h 18m 33s,22.663,True,False,1.0975,26.032,50.0184,-0.0184,-2.2095,-2.5318,51.0671,23.8225,50.0,0.0,-2.264,-2.5953,101.0158,21.5584,50.0,0.0,-2.3193,-2.6587,150.962,19.2391,,,148.4,1.78
1114,00h 18m 34s,22.7,True,False,1.0993,26.0805,50.0189,-0.0189,-2.2009,-2.5219,51.0698,23.8796,50.0,0.0,-2.2802,-2.6138,101.0178,21.5994,49.9999,0.0001,-2.3603,-2.7057,150.962,19.2391,,,148.9,1.78
1115,00h 18m 35s,22.736,True,False,1.1013,26.1289,50.0193,-0.0193,-2.1918,-2.5115,51.0725,23.9371,50.0,0.0,-2.2963,-2.6323,101.0197,21.6408,49.9999,0.0001,-2.4016,-2.7531,150.962,19.2391,,,149.4,1.78
1116,00h 18m 36s,22.773,True,False,1.1039,26.1775,50.019,-0.019,-2.1831,-2.5015,51.0753,23.9944,50.0,0.0,-2.3125,-2.6509,101.0218,21.6819,49.9999,0.0001,-2.4428,-2.8003,150.962,19.2391,,,150.0,0.51
1117,00h 18m 37s,22.785,True,False,1.1048,26.2264,50.0203,-0.0203,-2.2238,-2.5481,51.0756,24.0025,50.0,0.0,-2.3288,-2.6695,101.0214,21.6738,49.9999,0.0001,-2.4346,-2.791,150.962,19.2391,,,150.0,0.51
1118,00h 18m 38s,22.785,True,False,1.1048,26.2264,50.0203,-0.0203,-2.2238,-2.5481,51.0756,24.0025,50.0,0.0,-2.3288,-2.6695,101.0214,21.6738,49.9999,0.0001,-2.4346,-2.791,150.962,19.2391,,,150.0,0.51
1119,00h 18m 39s,22.785,True,False,1.1048,26.2264,50.0203,-0.0203,-2.2238,-2.5481,51.0756,24.0025,50.0,0.0,-2.3288,-2.6695,101.0214,21.6738,49.9999,0.0001,-2.4346,-2.791,150.962,19.2391,,,150.0,0.51
1120,00h 18m 40s,22.785,True,False,1.1048,26.2264,50.0203,-0.0203,-2.2238,-2.5481,51.0756,24.0025,50.0,0.0,-2.3288,-2.6695,101.0214,21.6738,49.9999,0.0001,-2.4346,-2.791,150.962,19.2391,,,150.0,0.51
1121,00h 18m 41s,22.785,True,False,1.1048,26.2264,50.0203,-0.0203,-2.2238,-2.5481,51.0756,24.0025,50.0,0.0,-2.3288,-2.6695,101.0214,21.6738,49.9999,0.0001,-2.4346,-2.791,150.962,19.2391,,,150.0,0.51
1122,00h 18m 42s,22.785,True,False,1.1048,26.2264,50.0203,-0.0203,-2.2238,-2.5481,51.0756,24.0025,50.0,0.0,-2.3288,-2.6695,101.0214,21.6738,49.9999,0.0001,-2.4346,-2.791,150.962,19.2391,,,150.0,0.51
1123,00h 18m 43s,22.785,True,False,1.1048,26.2264,50.0203,-0.0203,-2.2238,-2.5481,51.0756,24.0025,50.0,0.0,-2.3288,-2.6695,101.0214,21.6738,49.9999,0.0001,-2.4346,-2.791,150.962,19.2391,,,150.0,0.51
1124,00h 18m 44s,22.785,True,False,1.1048,26.2264,50.0203,-0.0203,-2.2238,-2.5481,51.0756,24.0025,50.0,0.0,-2.3288,-2.6695,101.0214,21.6738,49.9999,0.0001,-2.4346,-2.791,150.962,19.2391,,,150.0,0.51
1125,00h 18m 45s,22.785,True,False,1.1048,26.2264,50.0203,-0.0203,-2.2238,-2.5481,51.0756,24.0025,50.0,0.0,-2.3288,-2.6695,101.0214,21.6738,49.9999,0.0001,-2.4346,-2.791,150.962,19.2391,,,150.0,0.51
1126,00h 18m 46s,22.785,True,False,1.1048,26.2264,50.0203,-0.0203,-2.2238,-2.5481,51.0756,24.0025,50.0,0.0,-2.3288,-2.6695,101.0214,21.6738,49.9999,0.0001,-2.4346,-2.791,150.962,19.2391,,,150.0,0.51
1127,00h 18m 47s,22.785,True,False,1.1048,26.2264,50.0203,-0.0203,-2.2238,-2.5481,51.0756,24.0025,50.0,0.0,-2.3288,-2.6695,101.0214,21.6738,49.9999,0.0001,-2.4346,-2.791,150.962,19.2391,,,150.0,0.51
1128,00h 18m 48s,22.785,True,False,1.1048,26.2264,50.0203,-0.0203,-2.2238,-2.5481,51.0756,24.0025,50.0,0.0,-2.3288,-2.6695,101.0214,21.6738,49.9999,0.0001,-2.4346,-2.791,150.962,19.2391,,,150.0,0.51
1129,00h 18m 49s,22.785,True,False,1.1048,26.2264,50.0203,-0.0203,-2.2238,-2.5481,51.0756,24.0025,50.0,0.0,-2.3288,-2.6695,101.0214,21.6738,49.9999,0.0001,-2.4346,-2.791,150.962,19.2391,,,150.0,0.51
1130,00h 18m 50s,22.785,True,False,1.1048,26.2264,50.0203,-0.0203,-2.2238,-2.5481,51.0756,24.0025,50.0,0.0,-2.3288,-2.6695,101.0214,21.6738,49.9999,0.0001,-2.4346,-2.791,150.962,19.2391,,,150.0,0.51
1131,00h 18m 51s,22.785,True,False,1.1048,26.2264,50.0203,-0.0203,-2.2238,-2.5481,51.0756,24.0025,50.0,0.0,-2.3288,-2.6695,101.0214,21.6738,49.9999,0.0001,-2.4346,-2.791,150.962,19.2391,,,150.0,0.51
1132,00h 18m 52s,22.785,True,False,1.1048,26.2264,50.0203,-0.0203,-2.2238,-2.5481,51.0756,24.0025,50.0,0.0,-2.3288,-2.6695,101.0214,21.6738,49.9999,0.0001,-2.4346,-2.791,150.962,19.2391,,,150.0,0.51
1133,00h 18m 53s,22.785,True,False,1.1048,26.2264,50.0203,-0.0203,-2.2238,-2.5481,51.0756,24.0025,50.0,0.0,-2.3288,-2.6695,101.0214,21.6738,49.9999,0.0001,-2.4346,-2.791,150.962,19.2391,,,150.0,0.51
1134,00h 18m 54s,22.785,True,False,1.1048,26.2264,50.0203,-0.0203,-2.2238,-2.5481,51.0756,24.0025,50.0,0.0,-2.3288,-2.6695,101.0214,21.6738,49.9999,0.0001,-2.4346,-2.791,150.962,19.2391,,,150.0,0.51
1135,00h 18m 55s,22.785,True,False,1.1048,26.2264,50.0203,-0.0203,-2.2238,-2.5481,51.0756,24.0025,50.0,0.0,-2.3288,-2.6695,101.0214,21.6738,49.9999,0.0001,-2.4346,-2.791,150.962,19.2391,,,150.0,0.51
1136,00h 18m 56s,22.785,True,False,1.1048,26.2264,50.0203,-0.0203,-2.2238,-2.5481,51.0756,24.0025,50.0,0.0,-2.3288,-2.6695,101.0214,21.6738,49.9999,0.0001,-2.4346,-2.791,150.962,19.2391,,,150.0,0.51
1137,00h 18m 57s,22.785,True,False,1.1048,26.2264,50.0203,-0.0203,-2.2238,-2.5481,51.0756,24.0025,50.0,0.0,-2.3288,-2.6695,101.0214,21.6738,49.9999,0.0001,-2.4346,-2.791,150.962,19.2391,,,150.0,0.51
1138,00h 18m 58s,22.785,True,False,1.1048,26.2264,50.0203,-0.0203,-2.2238,-2.5481,51.0756,24.0025,50.0,0.0,-2.3288,-2.6695,101.0214,21.6738,49.9999,0.0001,-2.4346,-2.791,150.962,19.2391,,,150.0,0.51
1139,00h 18m 59s,22.785,True,False,1.1048,26.2264,50.0203,-0.0203,-2.2238,-2.5481,51.0756,24.0025,50.0,0.0,-2.3288,-2.6695,101.0214,21.6738,49.9999,0.0001,-2.4346,-2.791,150.962,19.2391,,,150.0,0.51
1140,00h 19m 00s,22.798,True,False,1.1048,26.2264,50.0203,-0.0203,-2.232,-2.5576,51.0753,23.9943,50.0,0.0,-2.3123,-2.6507,101.0218,21.682,49.9991,0.0009,-2.3935,-2.7438,150.9636,19.2885,,,150.0,0.51
1141,00h 19m 01s,22.81,True,False,1.1048,26.2264,50.0202,-0.0202,-2.2402,-2.567,51.0749,23.9861,50.0,0.0,-2.2959,-2.6319,101.0221,21.6902,49.9986,0.0014,-2.3525,-2.6968,150.9654,19.3377,,,149.9,0.51
1142,00h 19m 02s,22.822,True,False,1.1048,26.2264,50.0202,-0.0202,-2.2485,-2.5764,51.0745,23.9779,50.0,0.0,-2.2795,-2.613,101.0225,21.6984,49.9986,0.0014,-2.3114,-2.6497,150.9676,19.387,,,149.9,0.51
1143,00h 19m 03s,22.835,True,False,1.1048,26.2264,50.0202,-0.0202,-2.2566,-2.5858,51.0741,23.9697,50.0,0.0,-2.2631,-2.5943,101.0229,21.7066,49.9987,0.0013,-2.2705,-2.6028,150.97,19.4361,,,149.8,0.51
1144,00h 19m 04s,22.847,True,False,1.1048,26.2264,50.0202,-0.0202,-2.2648,-2.5952,51.0738,23.9615,50.0,0.0,-2.2467,-2.5755,101.0233,21.7148,49.9996,0.0004,-2.2295,-2.5557,150.9731,19.4852,,,149.7,0.51
1145,00h 19m 05s,22.859,True,False,1.1048,26.2264,50.0202,-0.0202,-2.273,-2.6045,51.0734,23.9533,50.0,0.0,-2.2304,-2.5567,101.0236,21.723,49.9992,0.0008,-2.1886,-2.5087,150.9749,19.5344,,,149.7,0.51
1146,00h 19m 06s,22.872,True,False,1.1048,26.2264,50.0202,-0.0202,-2.2812,-2.614,51.073,23.9451,50.0,0.0,-2.214,-2.5378,101.024,21.7312,49.9991,0.0009,-2.1475,-2.4617,150.977,19.5836,,,149.6,0.51
1147,00h 19m 07s,22.884,True,False,1.1048,26.2264,50.0203,-0.0203,-2.2895,-2.6234,51.0727,23.9369,50.0,0.0,-2.1975,-2.519,101.0243,21.7394,49.9989,0.0011,-2.1064,-2.4145,150.9789,19.633,,,149.6,0.51
1148,00h 19m 08s,22.94,True,False,1.1048,26.2264,50.0092,-0.0092,-2.2103,-2.5331,51.0652,24.0161,50.0,0.0,-2.1811,-2.5001,101.0176,21.835,50.0092,-0.0092,-2.1527,-2.4671,150.9804,19.6823,,,139.0,0.51
1149,00h 19m 09s,23.008,True,False,1.1067,26.2744,50.009,-0.009,-2.1716,-2.4888,51.0685,24.1028,50.0,0.0,-2.1807,-2.4997,101.021,21.9221,50.009,-0.009,-2.1906,-2.5106,150.982,19.7315,,,139.1,0.51
1150,00h 19m 10s,23.075,True,False,1.1089,26.3225,50.009,-0.009,-2.1332,-2.4448,51.0724,24.1892,50.0,0.0,-2.1803,-2.4993,101.0248,22.0089,50.009,-0.009,-2.2282,-2.5537,150.9842,19.7807,,,139.6,0.51
1151,00h 19m 11s,23.143,True,False,1.1111,26.3711,50.0094,-0.0094,-2.0954,-2.4014,51.0767,24.2757,50.0,0.0,-2.1802,-2.4991,101.0291,22.0955,50.0094,-0.0094,-2.2658,-2.5969,150.9871,19.8297,,,140.6,0.51
1152,00h 19m 12s,23.211,True,False,1.1135,26.4197,50.0092,-0.0092,-2.0572,-2.3576,51.0804,24.3625,50.0,0.0,-2.1801,-2.499,101.0329,22.1824,50.0092,-0.0092,-2.3038,-2.6404,150.9889,19.8787,,,141.0,0.51
1153,00h 19m 13s,23.279,True,False,1.116,26.468,50.0095,-0.0095,-2.0189,-2.3137,51.0847,24.4491,50.0,0.0,-2.1798,-2.4987,101.0372,22.2693,50.0094,-0.0094,-2.3415,-2.6837,150.9917,19.9277,,,142.0,0.51
1154,00h 19m 14s,23.303,True,False,1.1184,26.5161,50.0091,-0.0091,-2.0672,-2.3691,51.0847,24.4489,50.0,0.0,-2.1794,-2.4982,101.0372,22.2695,50.0095,-0.0095,-2.2924,-2.6274,150.9941,19.977,,,142.0,0.51
1155,00h 19m 15s,23.315,True,False,1.1184,26.5161,50.0091,-0.0091,-2.0754,-2.3785,51.0843,24.4407,50.0,0.0,-2.163,-2.4793,101.0375,22.2777,50.0097,-0.0097,-2.2513,-2.5802,150.9966,20.0264,,,141.9,0.51
1156,00h 19m 16s,23.328,True,False,1.1184,26.5161,50.009,-0.009,-2.0836,-2.3879,51.084,24.4324,50.0,0.0,-2.1465,-2.4604,101.0379,22.2859,50.0096,-0.0096,-2.2101,-2.5329,150.9986,20.0758,,,141.9,0.51
1157,00h 19m 17s,23.34,True,False,1.1184,26.5161,50.009,-0.009,-2.0918,-2.3973,51.0836,24.4242,50.0,0.0,-2.1301,-2.4417,101.0382,22.2941,50.0105,-0.0105,-2.1692,-2.486,151.0016,20.1249,,,141.9,0.51
1158,00h 19m 18s,23.352,True,False,1.1184,26.5161,50.009,-0.009,-2.1,-2.4067,51.0833,24.416,50.0,0.0,-2.1137,-2.4228,101.0386,22.3023,50.0104,-0.0104,-2.1282,-2.4389,151.0037,20.1742,,,141.8,0.51
1159,00h 19m 19s,23.364,True,False,1.1184,26.5161,50.009,-0.009,-2.1083,-2.4162,51.0829,24.4078,50.0,0.0,-2.0972,-2.4039,101.0389,22.3106,50.0107,-0.0107,-2.087,-2.3917,151.0061,20.2236,,,141.8,0.51
1160,00h 19m 20s,23.377,True,False,1.1184,26.5161,50.009,-0.009,-2.1165,-2.4256,51.0826,24.3996,50.0,0.0,-2.0808,-2.3851,101.0393,22.3188,50.0108,-0.0108,-2.046,-2.3446,151.0082,20.2728,,,141.8,0.51
1161,00h 19m 21s,23.389,True,False,1.1184,26.5161,50.009,-0.009,-2.1247,-2.435,51.0823,24.3914,50.0,0.0,-2.0644,-2.3663,101.0396,22.327,50.0109,-0.0109,-2.0049,-2.2976,151.0103,20.322,,,141.7,0.51
1162,00h 19m 22s,23.401,True,False,1.1184,26.5161,50.0091,-0.0091,-2.1329,-2.4444,51.0819,24.3832,50.0,0.0,-2.048,-2.3475,101.04,22.3352,50.0104,-0.0104,-1.9638,-2.2505,151.0118,20.3714,,,141.7,0.51
1163,00h 19m 23s,23.457,True,False,1.1184,26.5161,50.0095,-0.0095,-2.0544,-2.3544,51.0856,24.4617,50.0,0.0,-2.0316,-2.3287,101.0443,22.4301,50.0095,-0.0095,-2.0096,-2.303,151.0134,20.4205,,,142.4,0.51
1164,00h 19m 24s,23.525,True,False,1.1194,26.5645,50.0095,-0.0095,-2.0161,-2.3105,51.0882,24.5484,50.0,0.0,-2.0313,-2.3283,101.0469,22.5171,50.0095,-0.0095,-2.0472,-2.3461,151.0145,20.4699,,,141.7,-0.86
1165,00h 19m 25s,23.593,True,False,1.1215,26.6125,50.01,-0.01,-1.9777,-2.2665,51.0924,24.6348,50.0,0.0,-2.0308,-2.3278,101.0511,22.6039,50.01,-0.01,-2.0847,-2.3892,151.0176,20.5192,,,142.5,-0.86
1166,00h 19m 26s,23.66,True,False,1.1231,26.6604,50.0101,-0.0101,-1.9392,-2.2222,51.0956,24.7212,50.0,0.0,-2.0304,-2.3274,101.0544,22.6908,50.0101,-0.0101,-2.1226,-2.4325,151.0194,20.5682,,,142.4,-0.86
1167,00h 19m 27s,23.728,True,False,1.1251,26.7091,50.0103,-0.0103,-1.9012,-2.1787,51.0993,24.8079,50.0,0.0,-2.0303,-2.3272,101.0581,22.7776,50.0103,-0.0103,-2.1602,-2.4757,151.0217,20.6174,,,142.8,-0.86
1168,00h 19m 28s,23.796,True,False,1.1277,26.7571,50.0103,-0.0103,-1.8625,-2.1343,51.1033,24.8946,50.0,0.0,-2.0299,-2.3267,101.0621,22.8647,50.0102,-0.0102,-2.1981,-2.5191,151.024,20.6666,,,143.5,-0.86
1169,00h 19m 29s,23.82,True,False,1.1292,26.8051,50.0106,-0.0106,-1.9107,-2.1895,51.1033,24.8944,50.0,0.0,-2.0295,-2.3262,101.0621,22.8649,50.0104,-0.0104,-2.1491,-2.4629,151.0263,20.7159,,,143.5,-0.86
1170,00h 19m 30s,23.82,True,False,1.1292,26.8051,50.0106,-0.0106,-1.9107,-2.1895,51.1033,24.8944,50.0,0.0,-2.0295,-2.3262,101.0621,22.8649,50.0104,-0.0104,-2.1491,-2.4629,151.0263,20.7159,,,143.5,-0.86
1171,00h 19m 31s,23.82,True,False,1.1292,26.8051,50.0106,-0.0106,-1.9107,-2.1895,51.1033,24.8944,50.0,0.0,-2.0295,-2.3262,101.0621,22.8649,50.0104,-0.0104,-2.1491,-2.4629,151.0263,20.7159,,,143.5,-0.86
1172,00h 19m 32s,23.82,True,False,1.1292,26.8051,50.0106,-0.0106,-1.9107,-2.1895,51.1033,24.8944,50.0,0.0,-2.0295,-2.3262,101.0621,22.8649,50.0104,-0.0104,-2.1491,-2.4629,151.0263,20.7159,,,143.5,-0.86
1173,00h 19m 33s,23.82,True,False,1.1292,26.8051,50.0106,-0.0106,-1.9107,-2.1895,51.1033,24.8944,50.0,0.0,-2.0295,-2.3262,101.0621,22.8649,50.0104,-0.0104,-2.1491,-2.4629,151.0263,20.7159,,,143.5,-0.86
1174,00h 19m 34s,23.82,True,False,1.1292,26.8051,50.0106,-0.0106,-1.9107,-2.1895,51.1033,24.8944,50.0,0.0,-2.0295,-2.3262,101.0621,22.8649,50.0104,-0.0104,-2.1491,-2.4629,151.0263,20.7159,,,143.5,-0.86
1175,00h 19m 35s,23.82,True,False,1.1292,26.8051,50.0106,-0.0106,-1.9107,-2.1895,51.1033,24.8944,50.0,0.0,-2.0295,-2.3262,101.0621,22.8649,50.0104,-0.0104,-2.1491,-2.4629,151.0263,20.7159,,,143.5,-0.86
1176,00h 19m 36s,23.82,True,False,1.1292,26.8051,50.0106,-0.0106,-1.9107,-2.1895,51.1033,24.8944,50.0,0.0,-2.0295,-2.3262,101.0621,22.8649,50.0104,-0.0104,-2.1491,-2.4629,151.0263,20.7159,,,143.5,-0.86
1177,00h 19m 37s,23.82,True,False,1.1292,26.8051,50.0106,-0.0106,-1.9107,-2.1895,51.1033,24.8944,50.0,0.0,-2.0295,-2.3262,101.0621,22.8649,50.0104,-0.0104,-2.1491,-2.4629,151.0263,20.7159,,,143.5,-0.86
1178,00h 19m 38s,23.82,True,False,1.1292,26.8051,50.0106,-0.0106,-1.9107,-2.1895,51.1033,24.8944,50.0,0.0,-2.0295,-2.3262,101.0621,22.8649,50.0104,-0.0104,-2.1491,-2.4629,151.0263,20.7159,,,143.5,-0.86
1179,00h 19m 39s,23.82,True,False,1.1292,26.8051,50.0106,-0.0106,-1.9107,-2.1895,51.1033,24.8944,50.0,0.0,-2.0295,-2.3262,101.0621,22.8649,50.0104,-0.0104,-2.1491,-2.4629,151.0263,20.7159,,,143.5,-0.86
1180,00h 19m 40s,23.82,True,False,1.1292,26.8051,50.0106,-0.0106,-1.9107,-2.1895,51.1033,24.8944,50.0,0.0,-2.0295,-2.3262,101.0621,22.8649,50.0104,-0.0104,-2.1491,-2.4629,151.0263,20.7159,,,143.5,-0.86
1181,00h 19m 41s,23.82,True,False,1.1292,26.8051,50.0106,-0.0106,-1.9107,-2.1895,51.1033,24.8944,50.0,0.0,-2.0295,-2.3262,101.0621,22.8649,50.0104,-0.0104,-2.1491,-2.4629,151.0263,20.7159,,,143.5,-0.86
1182,00h 19m 42s,23.82,True,False,1.1292,26.8051,50.0106,-0.0106,-1.9107,-2.1895,51.1033,24.8944,50.0,0.0,-2.0295,-2.3262,101.0621,22.8649,50.0104,-0.0104,-2.1491,-2.4629,151.0263,20.7159,,,143.5,-0.86
1183,00h 19m 43s,23.82,True,False,1.1292,26.8051,50.0106,-0.0106,-1.9107,-2.1895,51.1033,24.8944,50.0,0.0,-2.0295,-2.3262,101.0621,22.8649,50.0104,-0.0104,-2.1491,-2.4629,151.0263,20.7159,,,143.5,-0.86
1184,00h 19m 44s,23.82,True,False,1.1292,26.8051,50.0106,-0.0106,-1.9107,-2.1895,51.1033,24.8944,50.0,0.0,-2.0295,-2.3262,101.0621,22.8649,50.0104,-0.0104,-2.1491,-2.4629,151.0263,20.7159,,,143.5,-0.86
1185,00h 19m 45s,23.82,True,False,1.1292,26.8051,50.0106,-0.0106,-1.9107,-2.1895,51.1033,24.8944,50.0,0.0,-2.0295,-2.3262,101.0621,22.8649,50.0104,-0.0104,-2.1491,-2.4629,151.0263,20.7159,,,143.5,-0.86
1186,00h 19m 46s,23.82,True,False,1.1292,26.8051,50.0106,-0.0106,-1.9107,-2.1895,51.1033,24.8944,50.0,0.0,-2.0295,-2.3262,101.0621,22.8649,50.0104,-0.0104,-2.1491,-2.4629,151.0263,20.7159,,,143.5,-0.86
1187,00h 19m 47s,23.82,True,False,1.1292,26.8051,50.0106,-0.0106,-1.9107,-2.1895,51.1033,24.8944,50.0,0.0,-2.0295,-2.3262,101.0621,22.8649,50.0104,-0.0104,-2.1491,-2.4629,151.0263,20.7159,,,143.5,-0.86
1188,00h 19m 48s,23.82,True,False,1.1292,26.8051,50.0106,-0.0106,-1.9107,-2.1895,51.1033,24.8944,50.0,0.0,-2.0295,-2.3262,101.0621,22.8649,50.0104,-0.0104,-2.1491,-2.4629,151.0263,20.7159,,,143.5,-0.86
1189,00h 19m 49s,23.82,True,False,1.1292,26.8051,50.0106,-0.0106,-1.9107,-2.1895,51.1033,24.8944,50.0,0.0,-2.0295,-2.3262,101.0621,22.8649,50.0104,-0.0104,-2.1491,-2.4629,151.0263,20.7159,,,143.5,-0.86
1190,00h 19m 50s,23.82,True,False,1.1292,26.8051,50.0106,-0.0106,-1.9107,-2.1895,51.1033,24.8944,50.0,0.0,-2.0295,-2.3262,101.0621,22.8649,50.0104,-0.0104,-2.1491,-2.4629,151.0263,20.7159,,,143.5,-0.86
1191,00h 19m 51s,23.82,True,False,1.1292,26.8051,50.0106,-0.0106,-1.9107,-2.1895,51.1033,24.8944,50.0,0.0,-2.0295,-2.3262,101.0621,22.8649,50.0104,-0.0104,-2.1491,-2.4629,151.0263,20.7159,,,143.5,-0.86
1192,00h 19m 52s,23.82,True,False,1.1292,26.8051,50.0106,-0.0106,-1.9107,-2.1895,51.1033,24.8944,50.0,0.0,-2.0295,-2.3262,101.0621,22.8649,50.0104,-0.0104,-2.1491,-2.4629,151.0263,20.7159,,,143.5,-0.86
1193,00h 19m 53s,23.82,True,False,1.1292,26.8051,50.0106,-0.0106,-1.9107,-2.1895,51.1033,24.8944,50.0,0.0,-2.0295,-2.3262,101.0621,22.8649,50.0104,-0.0104,-2.1491,-2.4629,151.0263,20.7159,,,143.5,-0.86
1194,00h 19m 54s,23.82,True,False,1.1292,26.8051,50.0106,-0.0106,-1.9107,-2.1895,51.1033,24.8944,50.0,0.0,-2.0295,-2.3262,101.0621,22.8649,50.0104,-0.0104,-2.1491,-2.4629,151.0263,20.7159,,,143.5,-0.86
1195,00h 19m 55s,23.82,True,False,1.1292,26.8051,50.0106,-0.0106,-1.9107,-2.1895,51.1033,24.8944,50.0,0.0,-2.0295,-2.3262,101.0621,22.8649,50.0104,-0.0104,-2.1491,-2.4629,151.0263,20.7159,,,143.5,-0.86
1196,00h 19m 56s,23.82,True,False,1.1292,26.8051,50.0106,-0.0106,-1.9107,-2.1895,51.1033,24.8944,50.0,0.0,-2.0295,-2.3262,101.0621,22.8649,50.0104,-0.0104,-2.1491,-2.4629,151.0263,20.7159,,,143.5,-0.86
1197,00h 19m 57s,23.82,True,False,1.1292,26.8051,50.0106,-0.0106,-1.9107,-2.1895,51.1033,24.8944,50.0,0.0,-2.0295,-2.3262,101.0621,22.8649,50.0104,-0.0104,-2.1491,-2.4629,151.0263,20.7159,,,143.5,-0.86
1198,00h 19m 58s,23.82,True,False,1.1292,26.8051,50.0106,-0.0106,-1.9107,-2.1895,51.1033,24.8944,50.0,0.0,-2.0295,-2.3262,101.0621,22.8649,50.0104,-0.0104,-2.1491,-2.4629,151.0263,20.7159,,,143.5,-0.86
1199,00h 19m 59s,23.82,True,False,1.1292,26.8051,50.0106,-0.0106,-1.9107,-2.1895,51.1033,24.8944,50.0,0.0,-2.0295,-2.3262,101.0621,22.8649,50.0104,-0.0104,-2.1491,-2.4629,151.0263,20.7159,,,143.5,-0.86
1200,00h 20m 00s,23.832,True,False,1.1292,26.8051,50.0106,-0.0106,-1.9189,-2.199,51.103,24.8861,50.0,0.0,-2.013,-2.3073,101.0624,22.8732,50.0097,-0.0097,-2.1078,-2.4156,151.0277,20.7654,,,143.4,-0.86
1201,00h 20m 01s,23.845,True,False,1.1292,26.8051,50.0106,-0.0106,-1.9271,-2.2084,51.1026,24.878,50.0,0.0,-1.9966,-2.2886,101.0627,22.8813,50.009,-0.009,-2.0669,-2.3688,151.029,20.8144,,,143.4,-0.86
1202,00h 20m 02s,23.857,True,False,1.1292,26.8051,50.0106,-0.0106,-1.9353,-2.2178,51.1023,24.8697,50.0,0.0,-1.9801,-2.2697,101.0631,22.8896,50.0084,-0.0084,-2.0257,-2.3215,151.0304,20.8639,,,143.4,-0.86
1203,00h 20m 03s,23.869,True,False,1.1292,26.8051,50.0106,-0.0106,-1.9435,-2.2272,51.102,24.8615,50.0,0.0,-1.9638,-2.2509,101.0634,22.8978,50.0096,-0.0096,-1.9848,-2.2746,151.0336,20.913,,,143.4,-0.86
1204,00h 20m 04s,23.882,True,False,1.1292,26.8051,50.0106,-0.0106,-1.9517,-2.2366,51.1017,24.8534,50.0,0.0,-1.9474,-2.2321,101.0637,22.906,50.0099,-0.0099,-1.9439,-2.2277,151.0359,20.9621,,,143.4,-0.86
1205,00h 20m 05s,23.894,True,False,1.1292,26.8051,50.0106,-0.0106,-1.9599,-2.246,51.1013,24.8452,50.0,0.0,-1.9311,-2.2134,101.064,22.9141,50.0094,-0.0094,-1.903,-2.1808,151.0372,21.0111,,,143.4,-0.86
1206,00h 20m 06s,23.906,True,False,1.1292,26.8051,50.0106,-0.0106,-1.9681,-2.2554,51.101,24.837,50.0,0.0,-1.9146,-2.1945,101.0644,22.9223,50.0094,-0.0094,-1.8619,-2.1337,151.039,21.0604,,,143.4,-0.86
1207,00h 20m 07s,23.919,True,False,1.1292,26.8051,50.0106,-0.0106,-1.9763,-2.2648,51.1007,24.8287,50.0,0.0,-1.8982,-2.1757,101.0647,22.9306,50.0097,-0.0097,-1.8208,-2.0865,151.0412,21.1098,,,143.4,-0.86
1208,00h 20m 08s,23.955,True,False,1.1292,26.8051,50.0154,-0.0154,-1.9357,-2.218,51.1071,24.8694,50.0,0.0,-1.8817,-2.1568,101.0717,22.9876,50.0049,-0.0049,-1.8285,-2.0956,151.0431,21.1591,,,148.2,-0.86
1209,00h 20m 09s,24.023,True,False,1.1312,26.8534,50.0098,-0.0098,-1.8974,-2.1743,51.1051,24.956,50.0,0.0,-1.8814,-2.1564,101.0697,23.0746,50.0098,-0.0098,-1.8662,-2.1386,151.0447,21.2084,,,142.9,-0.86
1210,00h 20m 10s,24.091,True,False,1.1324,26.9016,50.0104,-0.0104,-1.8591,-2.1304,51.1082,25.0425,50.0,0.0,-1.8811,-2.1561,101.0728,23.1614,50.0104,-0.0104,-1.9039,-2.1818,151.047,21.2575,,,142.7,-0.86
1211,00h 20m 11s,24.159,True,False,1.1344,26.9501,50.0104,-0.0104,-1.821,-2.0868,51.1117,25.129,50.0,0.0,-1.8808,-2.1557,101.0763,23.2483,50.0104,-0.0104,-1.9413,-2.2247,151.049,21.3069,,,142.8,0.12
1212,00h 20m 12s,24.226,True,False,1.1368,26.9983,50.0101,-0.0101,-1.7826,-2.0427,51.1152,25.2157,50.0,0.0,-1.8805,-2.1554,101.0798,23.3352,50.0101,-0.0101,-1.9792,-2.2681,151.0507,21.356,,,143.0,0.12
1213,00h 20m 13s,24.294,True,False,1.1389,27.0461,50.01,-0.01,-1.7441,-1.9986,51.1185,25.302,50.0,0.0,-1.88,-2.1549,101.0831,23.4219,50.01,-0.01,-2.0167,-2.3112,151.0524,21.4052,,,143.0,0.12
1214,00h 20m 14s,24.362,True,False,1.1399,27.0943,50.0108,-0.0108,-1.7059,-1.9547,51.1216,25.3884,50.0,0.0,-1.8797,-2.1545,101.0862,23.5088,50.0107,-0.0107,-2.0543,-2.3542,151.0547,21.4545,,,142.8,0.12
1215,00h 20m 15s,24.386,True,False,1.1422,27.1423,50.0101,-0.0101,-1.7541,-2.0101,51.1216,25.3882,50.0,0.0,-1.8793,-2.154,101.0862,23.509,50.0107,-0.0107,-2.0052,-2.298,151.0568,21.5037,,,142.8,0.12
1216,00h 20m 16s,24.398,True,False,1.1422,27.1423,50.0101,-0.0101,-1.7623,-2.0195,51.1213,25.38,50.0,0.0,-1.8629,-2.1352,101.0865,23.5172,50.0109,-0.0109,-1.9642,-2.2509,151.0588,21.553,,,142.8,0.12
1217,00h 20m 17s,24.41,True,False,1.1422,27.1423,50.0101,-0.0101,-1.7705,-2.0289,51.121,25.3718,50.0,0.0,-1.8464,-2.1163,101.0868,23.5254,50.0108,-0.0108,-1.9231,-2.2037,151.0607,21.6023,,,142.8,0.12
1218,00h 20m 18s,24.423,True,False,1.1422,27.1423,50.0101,-0.0101,-1.7787,-2.0383,51.1207,25.3636,50.0,0.0,-1.8301,-2.0976,101.0871,23.5336,50.0108,-0.0108,-1.8822,-2.1569,151.0626,21.6513,,,142.8,0.12
1219,00h 20m 19s,24.435,True,False,1.1422,27.1423,50.0101,-0.0101,-1.7869,-2.0477,51.1204,25.3554,50.0,0.0,-1.8137,-2.0788,101.0874,23.5418,50.0112,-0.0112,-1.8413,-2.1099,151.0647,21.7005,,,142.8,0.12
1220,00h 20m 20s,24.447,True,False,1.1422,27.1423,50.0101,-0.0101,-1.7951,-2.0571,51.1201,25.3472,50.0,0.0,-1.7973,-2.06,101.0877,23.5499,50.0101,-0.0101,-1.8002,-2.0629,151.0655,21.7497,,,142.8,0.12
1221,00h 20m 21s,24.46,True,False,1.1422,27.1423,50.0101,-0.0101,-1.8033,-2.0665,51.1198,25.339,50.0,0.0,-1.7809,-2.0412,101.088,23.5582,50.0101,-0.0101,-1.7592,-2.0158,151.0672,21.799,,,142.9,0.12
1222,00h 20m 22s,24.472,True,False,1.1422,27.1423,50.0101,-0.0101,-1.8115,-2.0759,51.1195,25.3308,50.0,0.0,-1.7645,-2.0224,101.0883,23.5664,50.0112,-0.0112,-1.7182,-1.9689,151.07,21.8482,,,142.9,0.12
1223,00h 20m 23s,24.484,True,False,1.1422,27.1423,50.0101,-0.0101,-1.8197,-2.0853,51.1192,25.3226,50.0,0.0,-1.748,-2.0035,101.0886,23.5746,50.0115,-0.0115,-1.677,-1.9216,151.072,21.8976,,,142.9,0.12
1224,00h 20m 24s,24.521,True,False,1.1422,27.1423,50.0153,-0.0153,-1.7786,-2.038,51.1259,25.3637,50.0,0.0,-1.7317,-1.9847,101.0959,23.6321,50.0053,-0.0053,-1.6854,-1.9315,151.0728,21.9466,,,148.1,0.12
1225,00h 20m 25s,24.57,True,False,1.1444,27.1909,50.0182,-0.0182,-1.7781,-2.0372,51.1309,25.4128,50.0,0.0,-1.7314,-1.9845,101.1009,23.6813,50.0033,-0.0033,-1.6856,-1.9317,151.0758,21.9958,,,151.2,0.12
1226,00h 20m 26s,24.619,True,False,1.1466,27.2387,50.0188,-0.0188,-1.7769,-2.0358,51.1338,25.4618,50.0,0.0,-1.731,-1.9839,101.1038,23.7309,50.0012,-0.0012,-1.6858,-1.9321,151.0765,22.0451,,,152.1,0.12
1227,00h 20m 27s,24.668,True,False,1.1484,27.2873,50.0191,-0.0191,-1.7763,-2.0351,51.136,25.511,50.0,0.0,-1.7308,-1.9837,101.1061,23.7802,50.0006,-0.0006,-1.6859,-1.9323,151.0782,22.0943,,,152.5,0.12
1228,00h 20m 28s,24.717,True,False,1.1503,27.3353,50.0194,-0.0194,-1.7752,-2.0339,51.1382,25.5601,50.0,0.0,-1.7304,-1.9832,101.1083,23.8297,50.0005,-0.0005,-1.6862,-1.9326,151.0803,22.1435,,,152.8,0.12
1229,00h 20m 29s,24.766,True,False,1.1514,27.3834,50.0203,-0.0203,-1.7744,-2.0329,51.1403,25.6091,50.0,0.0,-1.7299,-1.9828,101.1103,23.8791,50.0004,-0.0004,-1.6862,-1.9326,151.0823,22.1929,,,153.0,0.12
1230,00h 20m 30s,24.803,True,False,1.1526,27.4319,50.021,-0.021,-1.7657,-2.0229,51.1424,25.6662,50.0,0.0,-1.7461,-2.0013,101.1119,23.9201,50.0002,-0.0002,-1.7273,-1.9797,151.0823,22.1929,,,152.9,1.08
1231,00h 20m 31s,24.84,True,False,1.1548,27.4807,50.0206,-0.0206,-1.7569,-2.0129,51.1446,25.7237,50.0,0.0,-1.7623,-2.0199,101.1135,23.9614,50.0001,-0.0001,-1.7685,-2.027,151.0823,22.1929,,,152.9,1.08
1232,00h 20m 32s,24.876,True,False,1.1562,27.5292,50.021,-0.021,-1.7483,-2.003,51.1467,25.7809,50.0,0.0,-1.7785,-2.0385,101.115,24.0024,50.0,0.0,-1.8095,-2.074,151.0823,22.1929,,,152.8,1.08
1233,00h 20m 33s,24.913,True,False,1.1576,27.578,50.0215,-0.0215,-1.7397,-1.9931,51.1488,25.8383,50.0,0.0,-1.7948,-2.0571,101.1166,24.0435,50.0,0.0,-1.8507,-2.1212,151.0823,22.1929,,,152.7,1.08
1234,00h 20m 34s,24.95,True,False,1.1595,27.6268,50.0213,-0.0213,-1.7312,-1.9834,51.1509,25.8956,50.0,0.0,-1.811,-2.0758,101.1181,24.0845,49.9999,0.0001,-1.8916,-2.1682,151.0823,22.1929,,,152.6,1.08
1235,00h 20m 35s,24.987,True,False,1.1606,27.6753,50.0222,-0.0222,-1.7224,-1.9733,51.1531,25.9529,50.0,0.0,-1.8272,-2.0943,101.1197,24.1257,49.9999,0.0001,-1.9328,-2.2154,151.0823,22.1929,,,152.6,1.08
1236,00h 20m 36s,25.023,True,False,1.1621,27.7231,50.0225,-0.0225,-1.7128,-1.9622,51.1553,26.0103,50.0,0.0,-1.8431,-2.1126,101.1213,24.1671,49.9999,0.0001,-1.9743,-2.2629,151.0823,22.1929,,,152.6,1.08
1237,00h 20m 37s,25.035,True,False,1.1644,27.771,50.022,-0.022,-1.7528,-2.0081,51.1556,26.0183,50.0,0.0,-1.8591,-2.1309,101.121,24.1591,49.9999,0.0001,-1.9663,-2.2538,151.0823,22.1929,,,152.6,1.08
1238,00h 20m 38s,25.035,True,False,1.1644,27.771,50.022,-0.022,-1.7528,-2.0081,51.1556,26.0183,50.0,0.0,-1.8591,-2.1309,101.121,24.1591,49.9999,0.0001,-1.9663,-2.2538,151.0823,22.1929,,,152.6,1.08
1239,00h 20m 39s,25.035,True,False,1.1644,27.771,50.022,-0.022,-1.7528,-2.0081,51.1556,26.0183,50.0,0.0,-1.8591,-2.1309,101.121,24.1591,49.9999,0.0001,-1.9663,-2.2538,151.0823,22.1929,,,152.6,1.08
1240,00h 20m 40s,25.035,True,False,1.1644,27.771,50.022,-0.022,-1.7528,-2.0081,51.1556,26.0183,50.0,0.0,-1.8591,-2.1309,101.121,24.1591,49.9999,0.0001,-1.9663,-2.2538,151.0823,22.1929,,,152.6,1.08
1241,00h 20m 41s,25.035,True,False,1.1644,27.771,50.022,-0.022,-1.7528,-2.0081,51.1556,26.0183,50.0,0.0,-1.8591,-2.1309,101.121,24.1591,49.9999,0.0001,-1.9663,-2.2538,151.0823,22.1929,,,152.6,1.08
1242,00h 20m 42s,25.035,True,False,1.1644,27.771,50.022,-0.022,-1.7528,-2.0081,51.1556,26.0183,50.0,0.0,-1.8591,-2.1309,101.121,24.1591,49.9999,0.0001,-1.9663,-2.2538,151.0823,22.1929,,,152.6,1.08
1243,00h 20m 43s,25.035,True,False,1.1644,27.771,50.022,-0.022,-1.7528,-2.0081,51.1556,26.0183,50.0,0.0,-1.8591,-2.1309,101.121,24.1591,49.9999,0.0001,-1.9663,-2.2538,151.0823,22.1929,,,152.6,1.08
1244,00h 20m 44s,25.035,True,False,1.1644,27.771,50.022,-0.022,-1.7528,-2.0081,51.1556,26.0183,50.0,0.0,-1.8591,-2.1309,101.121,24.1591,49.9999,0.0001,-1.9663,-2.2538,151.0823,22.1929,,,152.6,1.08
1245,00h 20m 45s,25.035,True,False,1.1644,27.771,50.022,-0.022,-1.7528,-2.0081,51.1556,26.0183,50.0,0.0,-1.8591,-2.1309,101.121,24.1591,49.9999,0.0001,-1.9663,-2.2538,151.0823,22.1929,,,152.6,1.08
1246,00h 20m 46s,25.035,True,False,1.1644,27.771,50.022,-0.022,-1.7528,-2.0081,51.1556,26.0183,50.0,0.0,-1.8591,-2.1309,101.121,24.1591,49.9999,0.0001,-1.9663,-2.2538,151.0823,22.1929,,,152.6,1.08
1247,00h 20m 47s,25.035,True,False,1.1644,27.771,50.022,-0.022,-1.7528,-2.0081,51.1556,26.0183,50.0,0.0,-1.8591,-2.1309,101.121,24.1591,49.9999,0.0001,-1.9663,-2.2538,151.0823,22.1929,,,152.6,1.08
1248,00h 20m 48s,25.035,True,False,1.1644,27.771,50.022,-0.022,-1.7528,-2.0081,51.1556,26.0183,50.0,0.0,-1.8591,-2.1309,101.121,24.1591,49.9999,0.0001,-1.9663,-2.2538,151.0823,22.1929,,,152.6,1.08
1249,00h 20m 49s,25.035,True,False,1.1644,27.771,50.022,-0.022,-1.7528,-2.0081,51.1556,26.0183,50.0,0.0,-1.8591,-2.1309,101.121,24.1591,49.9999,0.0001,-1.9663,-2.2538,151.0823,22.1929,,,152.6,1.08
1250,00h 20m 50s,25.035,True,False,1.1644,27.771,50.022,-0.022,-1.7528,-2.0081,51.1556,26.0183,50.0,0.0,-1.8591,-2.1309,101.121,24.1591,49.9999,0.0001,-1.9663,-2.2538,151.0823,22.1929,,,152.6,1.08
1251,00h 20m 51s,25.035,True,False,1.1644,27.771,50.022,-0.022,-1.7528,-2.0081,51.1556,26.0183,50.0,0.0,-1.8591,-2.1309,101.121,24.1591,49.9999,0.0001,-1.9663,-2.2538,151.0823,22.1929,,,152.6,1.08
1252,00h 20m 52s,25.035,True,False,1.1644,27.771,50.022,-0.022,-1.7528,-2.0081,51.1556,26.0183,50.0,0.0,-1.8591,-2.1309,101.121,24.1591,49.9999,0.0001,-1.9663,-2.2538,151.0823,22.1929,,,152.6,1.08
1253,00h 20m 53s,25.035,True,False,1.1644,27.771,50.022,-0.022,-1.7528,-2.0081,51.1556,26.0183,50.0,0.0,-1.8591,-2.1309,101.121,24.1591,49.9999,0.0001,-1.9663,-2.2538,151.0823,22.1929,,,152.6,1.08
1254,00h 20m 54s,25.035,True,False,1.1644,27.771,50.022,-0.022,-1.7528,-2.0081,51.1556,26.0183,50.0,0.0,-1.8591,-2.1309,101.121,24.1591,49.9999,0.0001,-1.9663,-2.2538,151.0823,22.1929,,,152.6,1.08
1255,00h 20m 55s,25.035,True,False,1.1644,27.771,50.022,-0.022,-1.7528,-2.0081,51.1556,26.0183,50.0,0.0,-1.8591,-2.1309,101.121,24.1591,49.9999,0.0001,-1.9663,-2.2538,151.0823,22.1929,,,152.6,1.08
1256,00h 20m 56s,25.035,True,False,1.1644,27.771,50.022,-0.022,-1.7528,-2.0081,51.1556,26.0183,50.0,0.0,-1.8591,-2.1309,101.121,24.1591,49.9999,0.0001,-1.9663,-2.2538,151.0823,22.1929,,,152.6,1.08
1257,00h 20m 57s,25.035,True,False,1.1644,27.771,50.022,-0.022,-1.7528,-2.0081,51.1556,26.0183,50.0,0.0,-1.8591,-2.1309,101.121,24.1591,49.9999,0.0001,-1.9663,-2.2538,151.0823,22.1929,,,152.6,1.08
1258,00h 20m 58s,25.035,True,False,1.1644,27.771,50.022,-0.022,-1.7528,-2.0081,51.1556,26.0183,50.0,0.0,-1.8591,-2.1309,101.121,24.1591,49.9999,0.0001,-1.9663,-2.2538,151.0823,22.1929,,,152.6,1.08
1259,00h 20m 59s,25.035,True,False,1.1644,27.771,50.022,-0.022,-1.7528,-2.0081,51.1556,26.0183,50.0,0.0,-1.8591,-2.1309,101.121,24.1591,49.9999,0.0001,-1.9663,-2.2538,151.0823,22.1929,,,152.6,1.08
1260,00h 21m 00s,25.048,True,False,1.1644,27.771,50.022,-0.022,-1.761,-2.0175,51.1553,26.01,50.0,0.0,-1.8427,-2.112,101.1213,24.1674,49.9996,0.0004,-1.9252,-2.2067,151.0838,22.2422,,,152.6,1.08
1261,00h 21m 01s,25.06,True,False,1.1644,27.771,50.0219,-0.0219,-1.7692,-2.0269,51.155,26.0018,50.0,0.0,-1.8262,-2.0931,101.1216,24.1756,49.9997,0.0003,-1.884,-2.1594,151.0858,22.2916,,,152.6,1.08
1262,00h 21m 02s,25.072,True,False,1.1644,27.771,50.0219,-0.0219,-1.7775,-2.0364,51.1547,25.9936,50.0,0.0,-1.8097,-2.0743,101.1219,24.1838,49.9997,0.0003,-1.8428,-2.1122,151.0877,22.341,,,152.7,1.08
1263,00h 21m 03s,25.085,True,False,1.1644,27.771,50.0219,-0.0219,-1.7857,-2.0458,51.1544,25.9853,50.0,0.0,-1.7933,-2.0554,101.1222,24.192,50.0002,-0.0002,-1.8017,-2.0651,151.09,22.3903,,,152.7,1.08
1264,00h 21m 04s,25.097,True,False,1.1644,27.771,50.0219,-0.0219,-1.7939,-2.0552,51.1541,25.9771,50.0,0.0,-1.7769,-2.0366,101.1225,24.2003,49.9999,0.0001,-1.7606,-2.018,151.0914,22.4396,,,152.7,1.08
1265,00h 21m 05s,25.109,True,False,1.1644,27.771,50.0219,-0.0219,-1.802,-2.0645,51.1538,25.969,50.0,0.0,-1.7605,-2.0179,101.1228,24.2084,49.9997,0.0003,-1.7198,-1.9712,151.093,22.4886,,,152.7,1.08
1266,00h 21m 06s,25.122,True,False,1.1644,27.771,50.0219,-0.0219,-1.8103,-2.074,51.1535,25.9607,50.0,0.0,-1.7441,-1.999,101.1231,24.2166,49.9991,0.0009,-1.6787,-1.924,151.094,22.538,,,152.7,1.08
1267,00h 21m 07s,25.134,True,False,1.1644,27.771,50.022,-0.022,-1.8184,-2.0833,51.1532,25.9526,50.0,0.0,-1.7278,-1.9803,101.1234,24.2248,50.0002,-0.0002,-1.6378,-1.8771,151.0968,22.587,,,152.8,1.08
1268,00h 21m 08s,25.19,True,False,1.1644,27.771,50.0111,-0.0111,-1.7397,-1.9935,51.1452,26.0314,50.0,0.0,-1.7113,-1.9614,101.1159,24.32,50.0111,-0.0111,-1.6838,-1.9294,151.0986,22.6362,,,141.7,1.08
1269,00h 21m 09s,25.258,True,False,1.1654,27.8193,50.0118,-0.0118,-1.7012,-1.9494,51.1483,26.118,50.0,0.0,-1.7109,-1.961,101.119,24.4071,50.0118,-0.0118,-1.7214,-1.9725,151.1012,22.6857,,,141.5,1.08
1270,00h 21m 10s,25.325,True,False,1.1666,27.868,50.0126,-0.0126,-1.6635,-1.9061,51.1515,26.2045,50.0,0.0,-1.7108,-1.9608,101.1222,24.4937,50.0126,-0.0126,-1.759,-2.0156,151.1039,22.7347,,,141.4,-1.23
1271,00h 21m 11s,25.393,False,False,1.1678,27.9166,50.0131,-0.0131,-1.6256,-1.8626,51.1544,26.291,50.0,0.0,-1.7106,-1.9606,101.1252,24.5803,50.0131,-0.0131,-1.7966,-2.0586,151.106,22.7838,,,141.0,-1.23
1272,00h 21m 12s,25.461,True,False,1.1695,27.9649,50.0135,-0.0135,-1.5873,-1.8187,51.1578,26.3776,50.0,0.0,-1.7103,-1.9602,101.1285,24.6673,50.0134,-0.0134,-1.8342,-2.1017,151.1083,22.8332,,,141.0,-1.23
1273,00h 21m 13s,25.528,True,False,1.1718,28.013,50.013,-0.013,-1.5489,-1.7747,51.1608,26.4642,50.0,0.0,-1.7099,-1.9598,101.1316,24.7542,50.0129,-0.0129,-1.8718,-2.1449,151.1094,22.8824,,,140.7,-1.23
1274,00h 21m 14s,25.553,False,False,1.1732,28.0612,50.0131,-0.0131,-1.5972,-1.8301,51.1608,26.464,50.0,0.0,-1.7096,-1.9595,101.1316,24.7544,50.0118,-0.0118,-1.8229,-2.0888,151.1102,22.9315,,,140.7,-1.23
1275,00h 21m 15s,25.577,False,False,1.1753,28.1097,50.0126,-0.0126,-1.6458,-1.8858,51.1608,26.4639,50.0,0.0,-1.7094,-1.9592,101.1316,24.7545,50.0105,-0.0105,-1.7739,-2.0327,151.1106,22.9806,,,140.7,-1.23
1276,00h 21m 16s,25.589,True,False,1.1753,28.1097,50.0126,-0.0126,-1.654,-1.8952,51.1605,26.4557,50.0,0.0,-1.693,-1.9404,101.1318,24.7627,50.0108,-0.0108,-1.7328,-1.9857,151.1127,23.0298,,,140.7,-1.23
1277,00h 21m 17s,25.602,True,False,1.1753,28.1097,50.0126,-0.0126,-1.6622,-1.9046,51.1602,26.4475,50.0,0.0,-1.6766,-1.9216,101.1321,24.7709,50.0101,-0.0101,-1.6917,-1.9385,151.1136,23.0793,,,140.8,-1.23
1278,00h 21m 18s,25.614,True,False,1.1753,28.1097,50.0126,-0.0126,-1.6704,-1.9141,51.16,26.4393,50.0,0.0,-1.6601,-1.9027,101.1324,24.7791,50.0098,-0.0098,-1.6505,-1.8914,151.1149,23.1286,,,140.8,-1.23
1279,00h 21m 19s,25.626,True,False,1.1753,28.1097,50.0126,-0.0126,-1.6786,-1.9234,51.1597,26.4311,50.0,0.0,-1.6438,-1.8839,101.1327,24.7873,50.0102,-0.0102,-1.6096,-1.8444,151.117,23.1777,,,140.9,-1.23
1280,00h 21m 20s,25.651,False,False,1.1767,28.1585,50.0128,-0.0128,-1.7275,-1.9795,51.1597,26.431,50.0,0.0,-1.6435,-1.8837,101.1327,24.7874,50.0102,-0.0102,-1.5603,-1.7879,151.1185,23.2271,,,140.9,-1.23
1281,00h 21m 21s,25.719,False,False,1.1784,28.2068,50.0114,-0.0114,-1.6893,-1.9358,51.1613,26.5175,50.0,0.0,-1.6432,-1.8833,101.1343,24.8743,50.0114,-0.0114,-1.5978,-1.8308,151.1201,23.2765,,,139.1,-1.23
1282,00h 21m 22s,25.787,False,False,1.1811,28.2553,50.0104,-0.0104,-1.6512,-1.8921,51.1642,26.6041,50.0,0.0,-1.6429,-1.8829,101.1372,24.9612,50.0104,-0.0104,-1.6352,-1.8738,151.1208,23.326,,,138.7,-1.23
1283,00h 21m 23s,25.854,False,False,1.1829,28.3034,50.0098,-0.0098,-1.613,-1.8483,51.1666,26.6904,50.0,0.0,-1.6425,-1.8825,101.1397,25.048,50.0098,-0.0098,-1.6726,-1.9166,151.1214,23.3754,,,137.8,-1.23
1284,00h 21m 24s,25.922,True,False,1.184,28.3519,50.01,-0.01,-1.5747,-1.8044,51.1693,26.7772,50.0,0.0,-1.6421,-1.8821,101.1423,25.135,50.01,-0.01,-1.7102,-1.9598,151.123,23.4248,,,137.1,-0.43
1285,00h 21m 25s,25.99,True,False,1.186,28.4005,50.0097,-0.0097,-1.5367,-1.7609,51.172,26.8638,50.0,0.0,-1.642,-1.882,101.1451,25.2218,50.0096,-0.0096,-1.7479,-2.003,151.1242,23.4738,,,136.6,-0.43
1286,00h 21m 26s,26.058,True,False,1.1872,28.4486,50.0101,-0.0101,-1.4981,-1.7166,51.1748,26.9505,50.0,0.0,-1.6416,-1.8815,101.1479,25.3089,50.01,-0.01,-1.7857,-2.0463,151.126,23.5231,,,136.0,-0.43
1287,00h 21m 27s,26.126,True,False,1.1891,28.4964,50.0097,-0.0097,-1.4594,-1.6722,51.1776,27.037,50.0,0.0,-1.6411,-1.8809,101.1506,25.396,50.0097,-0.0097,-1.8234,-2.0895,151.127,23.5726,,,135.5,-0.43
1288,00h 21m 28s,26.15,True,False,1.1904,28.5448,50.0099,-0.0099,-1.508,-1.7279,51.1776,27.0369,50.0,0.0,-1.6408,-1.8805,101.1506,25.3961,50.0088,-0.0088,-1.7742,-2.0331,151.128,23.622,,,135.5,-0.43
1289,00h 21m 29s,26.162,True,False,1.1904,28.5448,50.0099,-0.0099,-1.5162,-1.7373,51.1773,27.0287,50.0,0.0,-1.6244,-1.8617,101.1509,25.4043,50.0076,-0.0076,-1.7331,-1.9861,151.1285,23.6712,,,135.5,-0.43
1290,00h 21m 30s,26.162,True,False,1.1904,28.5448,50.0099,-0.0099,-1.5162,-1.7373,51.1773,27.0287,50.0,0.0,-1.6244,-1.8617,101.1509,25.4043,50.0076,-0.0076,-1.7331,-1.9861,151.1285,23.6712,,,135.5,-0.43
1291,00h 21m 31s,26.162,True,False,1.1904,28.5448,50.0099,-0.0099,-1.5162,-1.7373,51.1773,27.0287,50.0,0.0,-1.6244,-1.8617,101.1509,25.4043,50.0076,-0.0076,-1.7331,-1.9861,151.1285,23.6712,,,135.5,-0.43
1292,00h 21m 32s,26.162,True,False,1.1904,28.5448,50.0099,-0.0099,-1.5162,-1.7373,51.1773,27.0287,50.0,0.0,-1.6244,-1.8617,101.1509,25.4043,50.0076,-0.0076,-1.7331,-1.9861,151.1285,23.6712,,,135.5,-0.43
1293,00h 21m 33s,26.162,True,False,1.1904,28.5448,50.0099,-0.0099,-1.5162,-1.7373,51.1773,27.0287,50.0,0.0,-1.6244,-1.8617,101.1509,25.4043,50.0076,-0.0076,-1.7331,-1.9861,151.1285,23.6712,,,135.5,-0.43
1294,00h 21m 34s,26.162,True,False,1.1904,28.5448,50.0099,-0.0099,-1.5162,-1.7373,51.1773,27.0287,50.0,0.0,-1.6244,-1.8617,101.1509,25.4043,50.0076,-0.0076,-1.7331,-1.9861,151.1285,23.6712,,,135.5,-0.43
1295,00h 21m 35s,26.162,True,False,1.1904,28.5448,50.0099,-0.0099,-1.5162,-1.7373,51.1773,27.0287,50.0,0.0,-1.6244,-1.8617,101.1509,25.4043,50.0076,-0.0076,-1.7331,-1.9861,151.1285,23.6712,,,135.5,-0.43
1296,00h 21m 36s,26.162,True,False,1.1904,28.5448,50.0099,-0.0099,-1.5162,-1.7373,51.1773,27.0287,50.0,0.0,-1.6244,-1.8617,101.1509,25.4043,50.0076,-0.0076,-1.7331,-1.9861,151.1285,23.6712,,,135.5,-0.43
1297,00h 21m 37s,26.162,True,False,1.1904,28.5448,50.0099,-0.0099,-1.5162,-1.7373,51.1773,27.0287,50.0,0.0,-1.6244,-1.8617,101.1509,25.4043,50.0076,-0.0076,-1.7331,-1.9861,151.1285,23.6712,,,135.5,-0.43
1298,00h 21m 38s,26.162,True,False,1.1904,28.5448,50.0099,-0.0099,-1.5162,-1.7373,51.1773,27.0287,50.0,0.0,-1.6244,-1.8617,101.1509,25.4043,50.0076,-0.0076,-1.7331,-1.9861,151.1285,23.6712,,,135.5,-0.43
1299,00h 21m 39s,26.162,True,False,1.1904,28.5448,50.0099,-0.0099,-1.5162,-1.7373,51.1773,27.0287,50.0,0.0,-1.6244,-1.8617,101.1509,25.4043,50.0076,-0.0076,-1.7331,-1.9861,151.1285,23.6712,,,135.5,-0.43
1300,00h 21m 40s,26.162,True,False,1.1904,28.5448,50.0099,-0.0099,-1.5162,-1.7373,51.1773,27.0287,50.0,0.0,-1.6244,-1.8617,101.1509,25.4043,50.0076,-0.0076,-1.7331,-1.9861,151.1285,23.6712,,,135.5,-0.43
1301,00h 21m 41s,26.162,True,False,1.1904,28.5448,50.0099,-0.0099,-1.5162,-1.7373,51.1773,27.0287,50.0,0.0,-1.6244,-1.8617,101.1509,25.4043,50.0076,-0.0076,-1.7331,-1.9861,151.1285,23.6712,,,135.5,-0.43
1302,00h 21m 42s,26.162,True,False,1.1904,28.5448,50.0099,-0.0099,-1.5162,-1.7373,51.1773,27.0287,50.0,0.0,-1.6244,-1.8617,101.1509,25.4043,50.0076,-0.0076,-1.7331,-1.9861,151.1285,23.6712,,,135.5,-0.43
1303,00h 21m 43s,26.162,True,False,1.1904,28.5448,50.0099,-0.0099,-1.5162,-1.7373,51.1773,27.0287,50.0,0.0,-1.6244,-1.8617,101.1509,25.4043,50.0076,-0.0076,-1.7331,-1.9861,151.1285,23.6712,,,135.5,-0.43
1304,00h 21m 44s,26.162,True,False,1.1904,28.5448,50.0099,-0.0099,-1.5162,-1.7373,51.1773,27.0287,50.0,0.0,-1.6244,-1.8617,101.1509,25.4043,50.0076,-0.0076,-1.7331,-1.9861,151.1285,23.6712,,,135.5,-0.43
1305,00h 21m 45s,26.162,True,False,1.1904,28.5448,50.0099,-0.0099,-1.5162,-1.7373,51.1773,27.0287,50.0,0.0,-1.6244,-1.8617,101.1509,25.4043,50.0076,-0.0076,-1.7331,-1.9861,151.1285,23.6712,,,135.5,-0.43
1306,00h 21m 46s,26.162,True,False,1.1904,28.5448,50.0099,-0.0099,-1.5162,-1.7373,51.1773,27.0287,50.0,0.0,-1.6244,-1.8617,101.1509,25.4043,50.0076,-0.0076,-1.7331,-1.9861,151.1285,23.6712,,,135.5,-0.43
1307,00h 21m 47s,26.162,True,False,1.1904,28.5448,50.0099,-0.0099,-1.5162,-1.7373,51.1773,27.0287,50.0,0.0,-1.6244,-1.8617,101.1509,25.4043,50.0076,-0.0076,-1.7331,-1.9861,151.1285,23.6712,,,135.5,-0.43
1308,00h 21m 48s,26.162,True,False,1.1904,28.5448,50.0099,-0.0099,-1.5162,-1.7373,51.1773,27.0287,50.0,0.0,-1.6244,-1.8617,101.1509,25.4043,50.0076,-0.0076,-1.7331,-1.9861,151.1285,23.6712,,,135.5,-0.43
1309,00h 21m 49s,26.162,True,False,1.1904,28.5448,50.0099,-0.0099,-1.5162,-1.7373,51.1773,27.0287,50.0,0.0,-1.6244,-1.8617,101.1509,25.4043,50.0076,-0.0076,-1.7331,-1.9861,151.1285,23.6712,,,135.5,-0.43
1310,00h 21m 50s,26.162,True,False,1.1904,28.5448,50.0099,-0.0099,-1.5162,-1.7373,51.1773,27.0287,50.0,0.0,-1.6244,-1.8617,101.1509,25.4043,50.0076,-0.0076,-1.7331,-1.9861,151.1285,23.6712,,,135.5,-0.43
1311,00h 21m 51s,26.162,True,False,1.1904,28.5448,50.0099,-0.0099,-1.5162,-1.7373,51.1773,27.0287,50.0,0.0,-1.6244,-1.8617,101.1509,25.4043,50.0076,-0.0076,-1.7331,-1.9861,151.1285,23.6712,,,135.5,-0.43
1312,00h 21m 52s,26.162,True,False,1.1904,28.5448,50.0099,-0.0099,-1.5162,-1.7373,51.1773,27.0287,50.0,0.0,-1.6244,-1.8617,101.1509,25.4043,50.0076,-0.0076,-1.7331,-1.9861,151.1285,23.6712,,,135.5,-0.43
1313,00h 21m 53s,26.162,True,False,1.1904,28.5448,50.0099,-0.0099,-1.5162,-1.7373,51.1773,27.0287,50.0,0.0,-1.6244,-1.8617,101.1509,25.4043,50.0076,-0.0076,-1.7331,-1.9861,151.1285,23.6712,,,135.5,-0.43
1314,00h 21m 54s,26.162,True,False,1.1904,28.5448,50.0099,-0.0099,-1.5162,-1.7373,51.1773,27.0287,50.0,0.0,-1.6244,-1.8617,101.1509,25.4043,50.0076,-0.0076,-1.7331,-1.9861,151.1285,23.6712,,,135.5,-0.43
1315,00h 21m 55s,26.162,True,False,1.1904,28.5448,50.0099,-0.0099,-1.5162,-1.7373,51.1773,27.0287,50.0,0.0,-1.6244,-1.8617,101.1509,25.4043,50.0076,-0.0076,-1.7331,-1.9861,151.1285,23.6712,,,135.5,-0.43
1316,00h 21m 56s,26.162,True,False,1.1904,28.5448,50.0099,-0.0099,-1.5162,-1.7373,51.1773,27.0287,50.0,0.0,-1.6244,-1.8617,101.1509,25.4043,50.0076,-0.0076,-1.7331,-1.9861,151.1285,23.6712,,,135.5,-0.43
1317,00h 21m 57s,26.162,True,False,1.1904,28.5448,50.0099,-0.0099,-1.5162,-1.7373,51.1773,27.0287,50.0,0.0,-1.6244,-1.8617,101.1509,25.4043,50.0076,-0.0076,-1.7331,-1.9861,151.1285,23.6712,,,135.5,-0.43
1318,00h 21m 58s,26.162,True,False,1.1904,28.5448,50.0099,-0.0099,-1.5162,-1.7373,51.1773,27.0287,50.0,0.0,-1.6244,-1.8617,101.1509,25.4043,50.0076,-0.0076,-1.7331,-1.9861,151.1285,23.6712,,,135.5,-0.43
1319,00h 21m 59s,26.162,True,False,1.1904,28.5448,50.0099,-0.0099,-1.5162,-1.7373,51.1773,27.0287,50.0,0.0,-1.6244,-1.8617,101.1509,25.4043,50.0076,-0.0076,-1.7331,-1.9861,151.1285,23.6712,,,135.5,-0.43
1320,00h 22m 00s,26.175,True,False,1.1904,28.5448,50.0099,-0.0099,-1.5244,-1.7467,51.177,27.0205,50.0,0.0,-1.608,-1.8429,101.1512,25.4125,50.0075,-0.0075,-1.6921,-1.9391,151.1301,23.7204,,,135.6,-0.43
1321,00h 22m 01s,26.187,True,False,1.1904,28.5448,50.0099,-0.0099,-1.5326,-1.7561,51.1768,27.0123,50.0,0.0,-1.5915,-1.8241,101.1514,25.4207,50.0078,-0.0078,-1.651,-1.892,151.132,23.7697,,,135.6,-0.43
1322,00h 22m 02s,26.199,True,False,1.1904,28.5448,50.0099,-0.0099,-1.5408,-1.7656,51.1765,27.004,50.0,0.0,-1.5751,-1.8052,101.1517,25.429,50.0082,-0.0082,-1.6099,-1.8449,151.134,23.819,,,135.7,-0.43
1323,00h 22m 03s,26.211,True,False,1.1904,28.5448,50.0098,-0.0098,-1.549,-1.7749,51.1763,26.9958,50.0,0.0,-1.5587,-1.7864,101.152,25.4371,50.0083,-0.0083,-1.569,-1.7979,151.1356,23.8682,,,135.7,-0.43
1324,00h 22m 04s,26.224,True,False,1.1904,28.5448,50.0098,-0.0098,-1.5572,-1.7843,51.176,26.9876,50.0,0.0,-1.5423,-1.7676,101.1522,25.4453,50.0076,-0.0076,-1.528,-1.7509,151.1365,23.9174,,,135.8,-0.43
1325,00h 22m 05s,26.236,True,False,1.1904,28.5448,50.0099,-0.0099,-1.5654,-1.7938,51.1758,26.9794,50.0,0.0,-1.5258,-1.7488,101.1525,25.4536,50.0073,-0.0073,-1.4868,-1.7037,151.1376,23.9668,,,135.9,-0.43
1326,00h 22m 06s,26.249,True,False,1.1904,28.5448,50.0099,-0.0099,-1.5737,-1.8032,51.1755,26.9712,50.0,0.0,-1.5094,-1.7299,101.1527,25.4618,50.0072,-0.0072,-1.4456,-1.6565,151.1391,24.0162,,,135.9,-0.43
1327,00h 22m 07s,26.261,True,False,1.1904,28.5448,50.0099,-0.0099,-1.5819,-1.8127,51.1753,26.9629,50.0,0.0,-1.4929,-1.711,101.153,25.47,50.0082,-0.0082,-1.4044,-1.6093,151.1415,24.0656,,,136.0,-0.43
1328,00h 22m 08s,26.317,True,False,1.1904,28.5448,50.0091,-0.0091,-1.5033,-1.7226,51.1769,27.0415,50.0,0.0,-1.4765,-1.6922,101.1551,25.565,50.0091,-0.0091,-1.4502,-1.6617,151.1431,24.1149,,,134.6,-0.43
1329,00h 22m 09s,26.384,True,False,1.1924,28.5932,50.0084,-0.0084,-1.4649,-1.6786,51.1794,27.1283,50.0,0.0,-1.4762,-1.6919,101.1576,25.6521,50.0084,-0.0084,-1.4881,-1.7052,151.1438,24.1641,,,133.7,-0.43
1330,00h 22m 10s,26.452,True,False,1.1942,28.642,50.0087,-0.0087,-1.4271,-1.6353,51.1826,27.215,50.0,0.0,-1.476,-1.6917,101.1608,25.7389,50.0087,-0.0087,-1.5255,-1.748,151.1462,24.2134,,,133.7,-0.43
1331,00h 22m 11s,26.52,True,False,1.1955,28.6907,50.0091,-0.0091,-1.389,-1.5916,51.1853,27.3017,50.0,0.0,-1.4759,-1.6915,101.1635,25.8258,50.009,-0.009,-1.5633,-1.7913,151.1481,24.2625,,,133.1,-0.44
1332,00h 22m 12s,26.588,True,False,1.1968,28.7387,50.0088,-0.0088,-1.3505,-1.5474,51.1874,27.3882,50.0,0.0,-1.4754,-1.691,101.1656,25.9128,50.0087,-0.0087,-1.6009,-1.8345,151.1487,24.3119,,,131.8,-0.44
1333,00h 22m 13s,26.656,True,False,1.1985,28.7873,50.0091,-0.0091,-1.3126,-1.504,51.1904,27.4747,50.0,0.0,-1.4752,-1.6907,101.1686,25.9996,50.009,-0.009,-1.6383,-1.8773,151.1508,24.3613,,,131.5,-0.44
1334,00h 22m 14s,26.68,True,False,1.2001,28.8352,50.0088,-0.0088,-1.3606,-1.5591,51.1904,27.4745,50.0,0.0,-1.4748,-1.6902,101.1686,25.9998,50.009,-0.009,-1.5894,-1.8213,151.1523,24.4104,,,131.5,-0.44
1335,00h 22m 15s,26.692,True,False,1.2001,28.8352,50.0087,-0.0087,-1.3688,-1.5685,51.1901,27.4664,50.0,0.0,-1.4584,-1.6715,101.1689,26.0079,50.0098,-0.0098,-1.5486,-1.7745,151.1547,24.4593,,,131.5,-0.44
1336,00h 22m 16s,26.705,True,False,1.2001,28.8352,50.0087,-0.0087,-1.377,-1.5779,51.1899,27.4581,50.0,0.0,-1.442,-1.6526,101.1691,26.0161,50.0099,-0.0099,-1.5075,-1.7274,151.1562,24.5086,,,131.6,-0.44
1337,00h 22m 17s,26.717,True,False,1.2001,28.8352,50.0087,-0.0087,-1.3853,-1.5873,51.1897,27.4499,50.0,0.0,-1.4255,-1.6338,101.1693,26.0244,50.0098,-0.0098,-1.4663,-1.6802,151.1576,24.558,,,131.7,-0.44
1338,00h 22m 18s,26.729,True,False,1.2001,28.8352,50.0087,-0.0087,-1.3934,-1.5967,51.1894,27.4417,50.0,0.0,-1.4092,-1.615,101.1696,26.0325,50.0099,-0.0099,-1.4255,-1.6334,151.1591,24.607,,,131.8,-0.44
1339,00h 22m 19s,26.741,True,False,1.2001,28.8352,50.0087,-0.0087,-1.4017,-1.6061,51.1892,27.4335,50.0,0.0,-1.3927,-1.5962,101.1698,26.0408,50.0104,-0.0104,-1.3843,-1.5862,151.161,24.6564,,,131.9,-0.44
1340,00h 22m 20s,26.754,True,False,1.2001,28.8352,50.0087,-0.0087,-1.4098,-1.6155,51.189,27.4253,50.0,0.0,-1.3764,-1.5774,101.17,26.049,50.0111,-0.0111,-1.3434,-1.5393,151.1631,24.7055,,,132.0,-0.44
1341,00h 22m 21s,26.766,True,False,1.2001,28.8352,50.0087,-0.0087,-1.418,-1.6249,51.1887,27.4171,50.0,0.0,-1.36,-1.5586,101.1702,26.0572,50.0114,-0.0114,-1.3024,-1.4923,151.1647,24.7547,,,132.0,-0.44
1342,00h 22m 22s,26.778,True,False,1.2001,28.8352,50.0087,-0.0087,-1.4262,-1.6343,51.1885,27.4089,50.0,0.0,-1.3436,-1.5398,101.1705,26.0654,50.0119,-0.0119,-1.2614,-1.4453,151.1665,24.8039,,,132.1,-0.44
1343,00h 22m 23s,26.815,True,False,1.2001,28.8352,50.0146,-0.0146,-1.3851,-1.587,51.1955,27.45,50.0,0.0,-1.3271,-1.521,101.1779,26.1229,50.0059,-0.0059,-1.2696,-1.4549,151.1677,24.8532,,,137.5,-0.44
1344,00h 22m 24s,26.883,True,False,1.2015,28.8837,50.0104,-0.0104,-1.3471,-1.5436,51.1937,27.5366,50.0,0.0,-1.3269,-1.5207,101.1761,26.2097,50.0104,-0.0104,-1.3072,-1.4978,151.1694,24.9025,,,132.5,-0.44
1345,00h 22m 25s,26.951,True,False,1.2028,28.9325,50.0103,-0.0103,-1.309,-1.4999,51.1959,27.6234,50.0,0.0,-1.3268,-1.5206,101.1783,26.2967,50.0102,-0.0102,-1.3451,-1.5412,151.1705,24.9516,,,131.3,-0.44
1346,00h 22m 26s,27.019,True,False,1.2037,28.9812,50.0102,-0.0102,-1.2709,-1.4561,51.1978,27.7103,50.0,0.0,-1.3265,-1.5203,101.1802,26.3838,50.0102,-0.0102,-1.3828,-1.5844,151.1713,25.001,,,129.9,-0.44
1347,00h 22m 27s,27.087,True,False,1.2056,29.0297,50.0097,-0.0097,-1.2328,-1.4126,51.2001,27.7969,50.0,0.0,-1.3263,-1.52,101.1825,26.4706,50.0097,-0.0097,-1.4203,-1.6275,151.172,25.0502,,,128.8,-0.44
1348,00h 22m 28s,27.154,True,False,1.2071,29.0776,50.0098,-0.0098,-1.1942,-1.3684,51.2026,27.8834,50.0,0.0,-1.3259,-1.5196,101.185,26.5575,50.0097,-0.0097,-1.4581,-1.6708,151.1735,25.0993,,,128.0,-0.5
1349,00h 22m 29s,27.222,True,False,1.2088,29.1263,50.0094,-0.0094,-1.1563,-1.3249,51.2048,27.97,50.0,0.0,-1.3258,-1.5195,101.1873,26.6442,50.0094,-0.0094,-1.4958,-1.714,151.1742,25.1484,,,126.9,-0.5
1350,00h 22m 30s,27.234,True,False,1.21,29.1748,50.0094,-0.0094,-1.1967,-1.3712,51.2051,27.9781,50.0,0.0,-1.342,-1.538,101.187,26.6361,50.0093,-0.0093,-1.4877,-1.7048,151.1742,25.1484,,,126.8,-0.5
1351,00h 22m 31s,27.234,True,False,1.21,29.1748,50.0094,-0.0094,-1.1967,-1.3712,51.2051,27.9781,50.0,0.0,-1.342,-1.538,101.187,26.6361,50.0093,-0.0093,-1.4877,-1.7048,151.1742,25.1484,,,126.8,-0.5
1352,00h 22m 32s,27.234,True,False,1.21,29.1748,50.0094,-0.0094,-1.1967,-1.3712,51.2051,27.9781,50.0,0.0,-1.342,-1.538,101.187,26.6361,50.0093,-0.0093,-1.4877,-1.7048,151.1742,25.1484,,,126.8,-0.5
1353,00h 22m 33s,27.234,True,False,1.21,29.1748,50.0094,-0.0094,-1.1967,-1.3712,51.2051,27.9781,50.0,0.0,-1.342,-1.538,101.187,26.6361,50.0093,-0.0093,-1.4877,-1.7048,151.1742,25.1484,,,126.8,-0.5
1354,00h 22m 34s,27.234,True,False,1.21,29.1748,50.0094,-0.0094,-1.1967,-1.3712,51.2051,27.9781,50.0,0.0,-1.342,-1.538,101.187,26.6361,50.0093,-0.0093,-1.4877,-1.7048,151.1742,25.1484,,,126.8,-0.5
1355,00h 22m 35s,27.234,True,False,1.21,29.1748,50.0094,-0.0094,-1.1967,-1.3712,51.2051,27.9781,50.0,0.0,-1.342,-1.538,101.187,26.6361,50.0093,-0.0093,-1.4877,-1.7048,151.1742,25.1484,,,126.8,-0.5
1356,00h 22m 36s,27.234,True,False,1.21,29.1748,50.0094,-0.0094,-1.1967,-1.3712,51.2051,27.9781,50.0,0.0,-1.342,-1.538,101.187,26.6361,50.0093,-0.0093,-1.4877,-1.7048,151.1742,25.1484,,,126.8,-0.5
1357,00h 22m 37s,27.234,True,False,1.21,29.1748,50.0094,-0.0094,-1.1967,-1.3712,51.2051,27.9781,50.0,0.0,-1.342,-1.538,101.187,26.6361,50.0093,-0.0093,-1.4877,-1.7048,151.1742,25.1484,,,126.8,-0.5
1358,00h 22m 38s,27.234,True,False,1.21,29.1748,50.0094,-0.0094,-1.1967,-1.3712,51.2051,27.9781,50.0,0.0,-1.342,-1.538,101.187,26.6361,50.0093,-0.0093,-1.4877,-1.7048,151.1742,25.1484,,,126.8,-0.5
1359,00h 22m 39s,27.234,True,False,1.21,29.1748,50.0094,-0.0094,-1.1967,-1.3712,51.2051,27.9781,50.0,0.0,-1.342,-1.538,101.187,26.6361,50.0093,-0.0093,-1.4877,-1.7048,151.1742,25.1484,,,126.8,-0.5
1360,00h 22m 40s,27.234,True,False,1.21,29.1748,50.0094,-0.0094,-1.1967,-1.3712,51.2051,27.9781,50.0,0.0,-1.342,-1.538,101.187,26.6361,50.0093,-0.0093,-1.4877,-1.7048,151.1742,25.1484,,,126.8,-0.5
1361,00h 22m 41s,27.234,True,False,1.21,29.1748,50.0094,-0.0094,-1.1967,-1.3712,51.2051,27.9781,50.0,0.0,-1.342,-1.538,101.187,26.6361,50.0093,-0.0093,-1.4877,-1.7048,151.1742,25.1484,,,126.8,-0.5
1362,00h 22m 42s,27.234,True,False,1.21,29.1748,50.0094,-0.0094,-1.1967,-1.3712,51.2051,27.9781,50.0,0.0,-1.342,-1.538,101.187,26.6361,50.0093,-0.0093,-1.4877,-1.7048,151.1742,25.1484,,,126.8,-0.5
1363,00h 22m 43s,27.234,True,False,1.21,29.1748,50.0094,-0.0094,-1.1967,-1.3712,51.2051,27.9781,50.0,0.0,-1.342,-1.538,101.187,26.6361,50.0093,-0.0093,-1.4877,-1.7048,151.1742,25.1484,,,126.8,-0.5
1364,00h 22m 44s,27.234,True,False,1.21,29.1748,50.0094,-0.0094,-1.1967,-1.3712,51.2051,27.9781,50.0,0.0,-1.342,-1.538,101.187,26.6361,50.0093,-0.0093,-1.4877,-1.7048,151.1742,25.1484,,,126.8,-0.5
1365,00h 22m 45s,27.234,True,False,1.21,29.1748,50.0094,-0.0094,-1.1967,-1.3712,51.2051,27.9781,50.0,0.0,-1.342,-1.538,101.187,26.6361,50.0093,-0.0093,-1.4877,-1.7048,151.1742,25.1484,,,126.8,-0.5
1366,00h 22m 46s,27.234,True,False,1.21,29.1748,50.0094,-0.0094,-1.1967,-1.3712,51.2051,27.9781,50.0,0.0,-1.342,-1.538,101.187,26.6361,50.0093,-0.0093,-1.4877,-1.7048,151.1742,25.1484,,,126.8,-0.5
1367,00h 22m 47s,27.234,True,False,1.21,29.1748,50.0094,-0.0094,-1.1967,-1.3712,51.2051,27.9781,50.0,0.0,-1.342,-1.538,101.187,26.6361,50.0093,-0.0093,-1.4877,-1.7048,151.1742,25.1484,,,126.8,-0.5
1368,00h 22m 48s,27.234,True,False,1.21,29.1748,50.0094,-0.0094,-1.1967,-1.3712,51.2051,27.9781,50.0,0.0,-1.342,-1.538,101.187,26.6361,50.0093,-0.0093,-1.4877,-1.7048,151.1742,25.1484,,,126.8,-0.5
1369,00h 22m 49s,27.234,True,False,1.21,29.1748,50.0094,-0.0094,-1.1967,-1.3712,51.2051,27.9781,50.0,0.0,-1.342,-1.538,101.187,26.6361,50.0093,-0.0093,-1.4877,-1.7048,151.1742,25.1484,,,126.8,-0.5
1370,00h 22m 50s,27.234,True,False,1.21,29.1748,50.0094,-0.0094,-1.1967,-1.3712,51.2051,27.9781,50.0,0.0,-1.342,-1.538,101.187,26.6361,50.0093,-0.0093,-1.4877,-1.7048,151.1742,25.1484,,,126.8,-0.5
1371,00h 22m 51s,27.234,True,False,1.21,29.1748,50.0094,-0.0094,-1.1967,-1.3712,51.2051,27.9781,50.0,0.0,-1.342,-1.538,101.187,26.6361,50.0093,-0.0093,-1.4877,-1.7048,151.1742,25.1484,,,126.8,-0.5
1372,00h 22m 52s,27.234,True,False,1.21,29.1748,50.0094,-0.0094,-1.1967,-1.3712,51.2051,27.9781,50.0,0.0,-1.342,-1.538,101.187,26.6361,50.0093,-0.0093,-1.4877,-1.7048,151.1742,25.1484,,,126.8,-0.5
1373,00h 22m 53s,27.234,True,False,1.21,29.1748,50.0094,-0.0094,-1.1967,-1.3712,51.2051,27.9781,50.0,0.0,-1.342,-1.538,101.187,26.6361,50.0093,-0.0093,-1.4877,-1.7048,151.1742,25.1484,,,126.8,-0.5
1374,00h 22m 54s,27.234,True,False,1.21,29.1748,50.0094,-0.0094,-1.1967,-1.3712,51.2051,27.9781,50.0,0.0,-1.342,-1.538,101.187,26.6361,50.0093,-0.0093,-1.4877,-1.7048,151.1742,25.1484,,,126.8,-0.5
1375,00h 22m 55s,27.234,True,False,1.21,29.1748,50.0094,-0.0094,-1.1967,-1.3712,51.2051,27.9781,50.0,0.0,-1.342,-1.538,101.187,26.6361,50.0093,-0.0093,-1.4877,-1.7048,151.1742,25.1484,,,126.8,-0.5
1376,00h 22m 56s,27.234,True,False,1.21,29.1748,50.0094,-0.0094,-1.1967,-1.3712,51.2051,27.9781,50.0,0.0,-1.342,-1.538,101.187,26.6361,50.0093,-0.0093,-1.4877,-1.7048,151.1742,25.1484,,,126.8,-0.5
1377,00h 22m 57s,27.234,True,False,1.21,29.1748,50.0094,-0.0094,-1.1967,-1.3712,51.2051,27.9781,50.0,0.0,-1.342,-1.538,101.187,26.6361,50.0093,-0.0093,-1.4877,-1.7048,151.1742,25.1484,,,126.8,-0.5
1378,00h 22m 58s,27.234,True,False,1.21,29.1748,50.0094,-0.0094,-1.1967,-1.3712,51.2051,27.9781,50.0,0.0,-1.342,-1.538,101.187,26.6361,50.0093,-0.0093,-1.4877,-1.7048,151.1742,25.1484,,,126.8,-0.5
1379,00h 22m 59s,27.234,True,False,1.21,29.1748,50.0094,-0.0094,-1.1967,-1.3712,51.2051,27.9781,50.0,0.0,-1.342,-1.538,101.187,26.6361,50.0093,-0.0093,-1.4877,-1.7048,151.1742,25.1484,,,126.8,-0.5
1380,00h 23m 00s,27.247,True,False,1.21,29.1748,50.0094,-0.0094,-1.2049,-1.3806,51.2048,27.9699,50.0,0.0,-1.3255,-1.5191,101.1873,26.6444,50.0101,-0.0101,-1.4467,-1.6577,151.1764,25.1977,,,126.9,-0.5
1381,00h 23m 01s,27.259,True,False,1.21,29.1748,50.0093,-0.0093,-1.2131,-1.39,51.2046,27.9617,50.0,0.0,-1.3091,-1.5003,101.1875,26.6526,50.0098,-0.0098,-1.4055,-1.6105,151.1775,25.2471,,,127.0,-0.5
1382,00h 23m 02s,27.271,True,False,1.21,29.1748,50.0093,-0.0093,-1.2213,-1.3994,51.2044,27.9535,50.0,0.0,-1.2927,-1.4815,101.1877,26.6608,50.0095,-0.0095,-1.3645,-1.5635,151.1786,25.2963,,,127.1,-0.5
1383,00h 23m 03s,27.284,True,False,1.21,29.1748,50.0093,-0.0093,-1.2296,-1.4088,51.2042,27.9452,50.0,0.0,-1.2762,-1.4626,101.1879,26.669,50.0097,-0.0097,-1.3234,-1.5164,151.1801,25.3456,,,127.2,-0.5
1384,00h 23m 04s,27.296,True,False,1.21,29.1748,50.0093,-0.0093,-1.2378,-1.4183,51.204,27.937,50.0,0.0,-1.2598,-1.4437,101.1881,26.6772,50.0104,-0.0104,-1.2822,-1.4692,151.1821,25.395,,,127.3,-0.5
1385,00h 23m 05s,27.308,True,False,1.21,29.1748,50.0093,-0.0093,-1.246,-1.4277,51.2038,27.9288,50.0,0.0,-1.2433,-1.4249,101.1883,26.6855,50.0105,-0.0105,-1.2411,-1.4221,151.1834,25.4443,,,127.4,-0.5
1386,00h 23m 06s,27.321,True,False,1.21,29.1748,50.0093,-0.0093,-1.2542,-1.4371,51.2036,27.9206,50.0,0.0,-1.2269,-1.4061,101.1885,26.6937,50.011,-0.011,-1.2001,-1.3751,151.1851,25.4935,,,127.6,-0.5
1387,00h 23m 07s,27.333,True,False,1.21,29.1748,50.0093,-0.0093,-1.2624,-1.4465,51.2034,27.9124,50.0,0.0,-1.2105,-1.3873,101.1887,26.7019,50.0107,-0.0107,-1.1591,-1.328,151.186,25.5428,,,127.7,-0.5
1388,00h 23m 08s,27.345,True,False,1.21,29.1748,50.0093,-0.0093,-1.2706,-1.4559,51.2032,27.9041,50.0,0.0,-1.194,-1.3684,101.1889,26.7101,50.0094,-0.0094,-1.1179,-1.2809,151.1859,25.5922,,,127.8,-0.5
1389,00h 23m 09s,27.382,True,False,1.21,29.1748,50.0135,-0.0135,-1.2295,-1.4087,51.2084,27.9453,50.0,0.0,-1.1776,-1.3496,101.1945,26.7677,50.0042,-0.0042,-1.1261,-1.2905,151.186,25.6415,,,131.4,-0.5
1390,00h 23m 10s,27.45,True,False,1.2108,29.2235,50.0089,-0.0089,-1.1917,-1.3655,51.2054,28.0318,50.0,0.0,-1.1774,-1.3493,101.1916,26.8544,50.0089,-0.0089,-1.1635,-1.3332,151.1869,25.6909,,,125.1,-0.5
1391,00h 23m 11s,27.518,True,False,1.2113,29.2715,50.0088,-0.0088,-1.1534,-1.3216,51.2069,28.1181,50.0,0.0,-1.177,-1.3489,101.193,26.9411,50.0088,-0.0088,-1.201,-1.3761,151.1874,25.7401,,,123.3,-0.5
1392,00h 23m 12s,27.585,False,False,1.2124,29.3195,50.009,-0.009,-1.1149,-1.2775,51.209,28.2046,50.0,0.0,-1.1765,-1.3483,101.1952,27.0281,50.009,-0.009,-1.2385,-1.4192,151.1888,25.7895,,,122.1,-0.5
1393,00h 23m 13s,27.653,False,False,1.2135,29.3683,50.0089,-0.0089,-1.0771,-1.2341,51.2108,28.2912,50.0,0.0,-1.1764,-1.3481,101.197,27.1148,50.0089,-0.0089,-1.2761,-1.4622,151.1895,25.8388,,,120.5,-0.5
1394,00h 23m 14s,27.721,True,False,1.2145,29.4169,50.0091,-0.0091,-1.0392,-1.1907,51.2128,28.3777,50.0,0.0,-1.1761,-1.3478,101.199,27.2016,50.009,-0.009,-1.3134,-1.505,151.1908,25.8882,,,119.2,-0.5
1395,00h 23m 15s,27.789,False,False,1.2153,29.4648,50.0097,-0.0097,-1.0009,-1.1468,51.215,28.4639,50.0,0.0,-1.1756,-1.3472,101.2012,27.2883,50.0096,-0.0096,-1.3507,-1.5477,151.1926,25.9376,,,118.1,-0.98
1396,00h 23m 16s,27.813,False,False,1.2167,29.5129,50.0093,-0.0093,-1.0492,-1.2022,51.215,28.4637,50.0,0.0,-1.1752,-1.3468,101.2012,27.2885,50.0091,-0.0091,-1.3016,-1.4914,151.1933,25.9869,,,118.1,-0.98
1397,00h 23m 17s,27.837,False,False,1.2169,29.5611,50.0101,-0.0101,-1.0976,-1.2576,51.215,28.4635,50.0,0.0,-1.1749,-1.3464,101.2012,27.2887,50.0091,-0.0091,-1.2527,-1.4353,151.1946,26.036,,,118.1,-0.98
1398,00h 23m 18s,27.862,False,False,1.2185,29.6094,50.0096,-0.0096,-1.146,-1.3131,51.215,28.4634,50.0,0.0,-1.1746,-1.3461,101.2012,27.2888,50.0094,-0.0094,-1.2036,-1.3791,151.1962,26.0852,,,118.1,-0.98
1399,00h 23m 19s,27.886,False,False,1.2193,29.6582,50.01,-0.01,-1.1949,-1.3691,51.215,28.4633,50.0,0.0,-1.1744,-1.3458,101.2012,27.2889,50.0094,-0.0094,-1.1543,-1.3226,151.1973,26.1347,,,118.1,-0.98
1400,00h 23m 20s,27.911,False,False,1.2202,29.7064,50.0102,-0.0102,-1.2433,-1.4245,51.215,28.4631,50.0,0.0,-1.174,-1.3455,101.2012,27.2891,50.0097,-0.0097,-1.1053,-1.2664,151.1986,26.1838,,,118.1,-0.98
1401,00h 23m 21s,27.978,False,False,1.2206,29.7546,50.0101,-0.0101,-1.2051,-1.3808,51.2162,28.5495,50.0,0.0,-1.1738,-1.3451,101.2024,27.3758,50.0101,-0.0101,-1.1429,-1.3095,151.1995,26.2329,,,116.0,-0.98
1402,00h 23m 22s,28.046,False,False,1.222,29.8025,50.0101,-0.0101,-1.1665,-1.3366,51.2185,28.636,50.0,0.0,-1.1733,-1.3446,101.2048,27.4627,50.0101,-0.0101,-1.1806,-1.3527,151.201,26.2822,,,115.1,-0.98
1403,00h 23m 23s,28.114,False,False,1.2223,29.8507,50.0109,-0.0109,-1.1283,-1.2927,51.2204,28.7224,50.0,0.0,-1.1729,-1.3442,101.2067,27.5495,50.0109,-0.0109,-1.218,-1.3956,151.2027,26.3315,,,113.6,-0.98
1404,00h 23m 24s,28.181,False,False,1.2242,29.8991,50.0108,-0.0108,-1.0901,-1.249,51.2232,28.809,50.0,0.0,-1.1727,-1.3439,101.2094,27.6363,50.0108,-0.0108,-1.2558,-1.4389,151.2044,26.3806,,,113.0,-0.98
1405,00h 23m 25s,28.249,False,False,1.2253,29.9477,50.0114,-0.0114,-1.0521,-1.2054,51.2257,28.8957,50.0,0.0,-1.1725,-1.3438,101.2119,27.7232,50.0114,-0.0114,-1.2936,-1.4821,151.2065,26.4296,,,112.2,-0.98
1406,00h 23m 26s,28.317,False,False,1.2262,29.9963,50.0116,-0.0116,-1.014,-1.1617,51.2276,28.9823,50.0,0.0,-1.1723,-1.3435,101.2139,27.81,50.0116,-0.0116,-1.3312,-1.5253,151.2077,26.4788,,,110.8,-0.81
1407,00h 23m 27s,28.341,False,False,1.2268,30.045,50.0121,-0.0121,-1.0628,-1.2177,51.2276,28.9822,50.0,0.0,-1.1721,-1.3432,101.2139,27.8101,50.0118,-0.0118,-1.2819,-1.4688,151.2092,26.5282,,,110.8,-0.81
1408,00h 23m 28s,28.366,False,False,1.2278,30.0935,50.0121,-0.0121,-1.1114,-1.2734,51.2276,28.9821,50.0,0.0,-1.1719,-1.343,101.2139,27.8102,50.0111,-0.0111,-1.2329,-1.4126,151.2097,26.5773,,,110.8,-0.81
1409,00h 23m 29s,28.39,False,False,1.2295,30.1417,50.0116,-0.0116,-1.1597,-1.3288,51.2276,28.9819,50.0,0.0,-1.1716,-1.3426,101.2139,27.8104,50.0104,-0.0104,-1.1839,-1.3565,151.2103,26.6265,,,110.8,-0.81
1410,00h 23m 30s,28.39,True,False,1.2295,30.1417,50.0116,-0.0116,-1.1597,-1.3288,51.2276,28.9819,50.0,0.0,-1.1716,-1.3426,101.2139,27.8104,50.0104,-0.0104,-1.1839,-1.3565,151.2103,26.6265,,,110.8,-0.81
1411,00h 23m 31s,28.39,True,False,1.2295,30.1417,50.0116,-0.0116,-1.1597,-1.3288,51.2276,28.9819,50.0,0.0,-1.1716,-1.3426,101.2139,27.8104,50.0104,-0.0104,-1.1839,-1.3565,151.2103,26.6265,,,110.8,-0.81
1412,00h 23m 32s,28.39,True,False,1.2295,30.1417,50.0116,-0.0116,-1.1597,-1.3288,51.2276,28.9819,50.0,0.0,-1.1716,-1.3426,101.2139,27.8104,50.0104,-0.0104,-1.1839,-1.3565,151.2103,26.6265,,,110.8,-0.81
1413,00h 23m 33s,28.39,True,False,1.2295,30.1417,50.0116,-0.0116,-1.1597,-1.3288,51.2276,28.9819,50.0,0.0,-1.1716,-1.3426,101.2139,27.8104,50.0104,-0.0104,-1.1839,-1.3565,151.2103,26.6265,,,110.8,-0.81
1414,00h 23m 34s,28.39,True,False,1.2295,30.1417,50.0116,-0.0116,-1.1597,-1.3288,51.2276,28.9819,50.0,0.0,-1.1716,-1.3426,101.2139,27.8104,50.0104,-0.0104,-1.1839,-1.3565,151.2103,26.6265,,,110.8,-0.81
1415,00h 23m 35s,28.39,True,False,1.2295,30.1417,50.0116,-0.0116,-1.1597,-1.3288,51.2276,28.9819,50.0,0.0,-1.1716,-1.3426,101.2139,27.8104,50.0104,-0.0104,-1.1839,-1.3565,151.2103,26.6265,,,110.8,-0.81
1416,00h 23m 36s,28.39,True,False,1.2295,30.1417,50.0116,-0.0116,-1.1597,-1.3288,51.2276,28.9819,50.0,0.0,-1.1716,-1.3426,101.2139,27.8104,50.0104,-0.0104,-1.1839,-1.3565,151.2103,26.6265,,,110.8,-0.81
1417,00h 23m 37s,28.39,True,False,1.2295,30.1417,50.0116,-0.0116,-1.1597,-1.3288,51.2276,28.9819,50.0,0.0,-1.1716,-1.3426,101.2139,27.8104,50.0104,-0.0104,-1.1839,-1.3565,151.2103,26.6265,,,110.8,-0.81
1418,00h 23m 38s,28.39,True,False,1.2295,30.1417,50.0116,-0.0116,-1.1597,-1.3288,51.2276,28.9819,50.0,0.0,-1.1716,-1.3426,101.2139,27.8104,50.0104,-0.0104,-1.1839,-1.3565,151.2103,26.6265,,,110.8,-0.81
1419,00h 23m 39s,28.39,True,False,1.2295,30.1417,50.0116,-0.0116,-1.1597,-1.3288,51.2276,28.9819,50.0,0.0,-1.1716,-1.3426,101.2139,27.8104,50.0104,-0.0104,-1.1839,-1.3565,151.2103,26.6265,,,110.8,-0.81
1420,00h 23m 40s,28.39,True,False,1.2295,30.1417,50.0116,-0.0116,-1.1597,-1.3288,51.2276,28.9819,50.0,0.0,-1.1716,-1.3426,101.2139,27.8104,50.0104,-0.0104,-1.1839,-1.3565,151.2103,26.6265,,,110.8,-0.81
1421,00h 23m 41s,28.39,True,False,1.2295,30.1417,50.0116,-0.0116,-1.1597,-1.3288,51.2276,28.9819,50.0,0.0,-1.1716,-1.3426,101.2139,27.8104,50.0104,-0.0104,-1.1839,-1.3565,151.2103,26.6265,,,110.8,-0.81
1422,00h 23m 42s,28.39,True,False,1.2295,30.1417,50.0116,-0.0116,-1.1597,-1.3288,51.2276,28.9819,50.0,0.0,-1.1716,-1.3426,101.2139,27.8104,50.0104,-0.0104,-1.1839,-1.3565,151.2103,26.6265,,,110.8,-0.81
1423,00h 23m 43s,28.39,True,False,1.2295,30.1417,50.0116,-0.0116,-1.1597,-1.3288,51.2276,28.9819,50.0,0.0,-1.1716,-1.3426,101.2139,27.8104,50.0104,-0.0104,-1.1839,-1.3565,151.2103,26.6265,,,110.8,-0.81
1424,00h 23m 44s,28.39,True,False,1.2295,30.1417,50.0116,-0.0116,-1.1597,-1.3288,51.2276,28.9819,50.0,0.0,-1.1716,-1.3426,101.2139,27.8104,50.0104,-0.0104,-1.1839,-1.3565,151.2103,26.6265,,,110.8,-0.81
1425,00h 23m 45s,28.39,False,False,1.2295,30.1417,50.0116,-0.0116,-1.1597,-1.3288,51.2276,28.9819,50.0,0.0,-1.1716,-1.3426,101.2139,27.8104,50.0104,-0.0104,-1.1839,-1.3565,151.2103,26.6265,,,110.8,-0.81
1426,00h 23m 46s,28.39,False,False,1.2295,30.1417,50.0116,-0.0116,-1.1597,-1.3288,51.2276,28.9819,50.0,0.0,-1.1716,-1.3426,101.2139,27.8104,50.0104,-0.0104,-1.1839,-1.3565,151.2103,26.6265,,,110.8,-0.81
1427,00h 23m 47s,28.39,False,False,1.2295,30.1417,50.0116,-0.0116,-1.1597,-1.3288,51.2276,28.9819,50.0,0.0,-1.1716,-1.3426,101.2139,27.8104,50.0104,-0.0104,-1.1839,-1.3565,151.2103,26.6265,,,110.8,-0.81
1428,00h 23m 48s,28.39,False,False,1.2295,30.1417,50.0116,-0.0116,-1.1597,-1.3288,51.2276,28.9819,50.0,0.0,-1.1716,-1.3426,101.2139,27.8104,50.0104,-0.0104,-1.1839,-1.3565,151.2103,26.6265,,,110.8,-0.81
1429,00h 23m 49s,28.39,False,False,1.2295,30.1417,50.0116,-0.0116,-1.1597,-1.3288,51.2276,28.9819,50.0,0.0,-1.1716,-1.3426,101.2139,27.8104,50.0104,-0.0104,-1.1839,-1.3565,151.2103,26.6265,,,110.8,-0.81
1430,00h 23m 50s,28.39,False,False,1.2295,30.1417,50.0116,-0.0116,-1.1597,-1.3288,51.2276,28.9819,50.0,0.0,-1.1716,-1.3426,101.2139,27.8104,50.0104,-0.0104,-1.1839,-1.3565,151.2103,26.6265,,,110.8,-0.81
1431,00h 23m 51s,28.39,False,False,1.2295,30.1417,50.0116,-0.0116,-1.1597,-1.3288,51.2276,28.9819,50.0,0.0,-1.1716,-1.3426,101.2139,27.8104,50.0104,-0.0104,-1.1839,-1.3565,151.2103,26.6265,,,110.8,-0.81
1432,00h 23m 52s,28.39,False,False,1.2295,30.1417,50.0116,-0.0116,-1.1597,-1.3288,51.2276,28.9819,50.0,0.0,-1.1716,-1.3426,101.2139,27.8104,50.0104,-0.0104,-1.1839,-1.3565,151.2103,26.6265,,,110.8,-0.81
1433,00h 23m 53s,28.39,False,False,1.2295,30.1417,50.0116,-0.0116,-1.1597,-1.3288,51.2276,28.9819,50.0,0.0,-1.1716,-1.3426,101.2139,27.8104,50.0104,-0.0104,-1.1839,-1.3565,151.2103,26.6265,,,110.8,-0.81
1434,00h 23m 54s,28.39,False,False,1.2295,30.1417,50.0116,-0.0116,-1.1597,-1.3288,51.2276,28.9819,50.0,0.0,-1.1716,-1.3426,101.2139,27.8104,50.0104,-0.0104,-1.1839,-1.3565,151.2103,26.6265,,,110.8,-0.81
1435,00h 23m 55s,28.39,False,False,1.2295,30.1417,50.0116,-0.0116,-1.1597,-1.3288,51.2276,28.9819,50.0,0.0,-1.1716,-1.3426,101.2139,27.8104,50.0104,-0.0104,-1.1839,-1.3565,151.2103,26.6265,,,110.8,-0.81
1436,00h 23m 56s,28.39,False,False,1.2295,30.1417,50.0116,-0.0116,-1.1597,-1.3288,51.2276,28.9819,50.0,0.0,-1.1716,-1.3426,101.2139,27.8104,50.0104,-0.0104,-1.1839,-1.3565,151.2103,26.6265,,,110.8,-0.81
1437,00h 23m 57s,28.39,False,False,1.2295,30.1417,50.0116,-0.0116,-1.1597,-1.3288,51.2276,28.9819,50.0,0.0,-1.1716,-1.3426,101.2139,27.8104,50.0104,-0.0104,-1.1839,-1.3565,151.2103,26.6265,,,110.8,-0.81
1438,00h 23m 58s,28.39,False,False,1.2295,30.1417,50.0116,-0.0116,-1.1597,-1.3288,51.2276,28.9819,50.0,0.0,-1.1716,-1.3426,101.2139,27.8104,50.0104,-0.0104,-1.1839,-1.3565,151.2103,26.6265,,,110.8,-0.81
1439,00h 23m 59s,28.39,False,False,1.2295,30.1417,50.0116,-0.0116,-1.1597,-1.3288,51.2276,28.9819,50.0,0.0,-1.1716,-1.3426,101.2139,27.8104,50.0104,-0.0104,-1.1839,-1.3565,151.2103,26.6265,,,110.8,-0.81
1440,00h 24m 00s,28.415,False,False,1.2306,30.1905,50.0116,-0.0116,-1.2087,-1.3849,51.2276,28.9819,50.0,0.0,-1.1714,-1.3424,101.2139,27.8105,50.0103,-0.0103,-1.1346,-1.3,151.2113,26.6759,,,110.8,-0.81
1441,00h 24m 01s,28.439,False,False,1.2318,30.2385,50.0115,-0.0115,-1.2568,-1.4401,51.2276,28.9816,50.0,0.0,-1.171,-1.342,101.2139,27.8107,50.0095,-0.0095,-1.0856,-1.2439,151.2115,26.7251,,,110.8,-0.81
1442,00h 24m 02s,28.507,False,False,1.2338,30.2863,50.0097,-0.0097,-1.2182,-1.3958,51.2286,29.0682,50.0,0.0,-1.1704,-1.3413,101.2149,27.8977,50.0097,-0.0097,-1.1231,-1.2869,151.212,26.7746,,,108.5,-0.81
1443,00h 24m 03s,28.574,False,False,1.2351,30.3346,50.0096,-0.0096,-1.1801,-1.3521,51.2308,29.1546,50.0,0.0,-1.1701,-1.341,101.2171,27.9844,50.0096,-0.0096,-1.1606,-1.3299,151.2133,26.8238,,,107.4,-0.81
1444,00h 24m 04s,28.642,False,False,1.2356,30.3825,50.0101,-0.0101,-1.1415,-1.3079,51.2327,29.2411,50.0,0.0,-1.1697,-1.3405,101.219,28.0714,50.0101,-0.0101,-1.1984,-1.3731,151.2148,26.873,,,106.0,-0.81
1445,00h 24m 05s,28.71,False,False,1.2362,30.4311,50.01,-0.01,-1.1034,-1.2643,51.234,29.3277,50.0,0.0,-1.1695,-1.3403,101.2204,28.1582,50.01,-0.01,-1.236,-1.4163,151.2151,26.9222,,,104.0,-0.81
1446,00h 24m 06s,28.777,False,False,1.2374,30.4791,50.0105,-0.0105,-1.0648,-1.22,51.2365,29.4143,50.0,0.0,-1.1691,-1.3398,101.2228,28.2452,50.0104,-0.0104,-1.2739,-1.4596,151.217,26.9713,,,103.1,-0.81
1447,00h 24m 07s,28.845,False,False,1.2398,30.5275,50.0103,-0.0103,-1.0265,-1.1761,51.2395,29.5011,50.0,0.0,-1.1688,-1.3395,101.2259,28.3322,50.0102,-0.0102,-1.3117,-1.503,151.2189,27.0205,,,102.8,-0.88
1448,00h 24m 08s,28.913,False,False,1.2407,30.5761,50.0104,-0.0104,-0.9882,-1.1322,51.2413,29.5879,50.0,0.0,-1.1686,-1.3392,101.2276,28.4193,50.0103,-0.0103,-1.3494,-1.5462,151.2197,27.0698,,,101.3,-0.88
1449,00h 24m 09s,28.938,False,False,1.2425,30.6239,50.0096,-0.0096,-1.0362,-1.1873,51.2413,29.5876,50.0,0.0,-1.1681,-1.3387,101.2276,28.4195,50.0108,-0.0108,-1.3005,-1.4901,151.2215,27.119,,,101.3,-0.88
1450,00h 24m 10s,28.962,False,False,1.2434,30.6726,50.0096,-0.0096,-1.0851,-1.2433,51.2413,29.5875,50.0,0.0,-1.1679,-1.3384,101.2276,28.4196,50.011,-0.011,-1.2511,-1.4335,151.223,27.1685,,,101.3,-0.88
1451,00h 24m 11s,28.986,False,False,1.244,30.7206,50.0102,-0.0102,-1.1333,-1.2985,51.2413,29.5873,50.0,0.0,-1.1674,-1.3378,101.2277,28.4199,50.011,-0.011,-1.2019,-1.3771,151.2242,27.2179,,,101.3,-0.88
1452,00h 24m 12s,29.011,False,False,1.2441,30.7692,50.0111,-0.0111,-1.1821,-1.3544,51.2413,29.5871,50.0,0.0,-1.1671,-1.3375,101.2277,28.42,50.0098,-0.0098,-1.1527,-1.3207,151.2242,27.2673,,,101.3,-0.88
1453,00h 24m 13s,29.035,False,False,1.2446,30.8173,50.0118,-0.0118,-1.2303,-1.4097,51.2413,29.587,50.0,0.0,-1.1668,-1.3371,101.2277,28.4202,50.0106,-0.0106,-1.1037,-1.2646,151.226,27.3165,,,101.3,-0.88
1454,00h 24m 14s,29.103,False,False,1.2465,30.8652,50.0113,-0.0113,-1.1919,-1.3656,51.2436,29.6733,50.0,0.0,-1.1663,-1.3366,101.23,28.5071,50.0113,-0.0113,-1.1413,-1.3076,151.2282,27.3658,,,100.2,-0.88
1455,00h 24m 15s,29.17,False,False,1.2469,30.9132,50.0116,-0.0116,-1.1534,-1.3215,51.2452,29.7598,50.0,0.0,-1.1659,-1.3362,101.2316,28.5939,50.0116,-0.0116,-1.179,-1.3508,151.2293,27.4149,,,98.5,-0.88
1456,00h 24m 16s,29.238,False,False,1.2485,30.9617,50.0111,-0.0111,-1.1151,-1.2776,51.2472,29.8466,50.0,0.0,-1.1656,-1.3358,101.2336,28.681,50.0111,-0.0111,-1.2166,-1.394,151.2299,27.4644,,,97.2,-0.88
1457,00h 24m 17s,29.306,False,False,1.2494,31.01,50.0113,-0.0113,-1.0767,-1.2336,51.2492,29.9333,50.0,0.0,-1.1653,-1.3355,101.2356,28.768,50.0113,-0.0113,-1.2545,-1.4373,151.2312,27.5135,,,95.9,-0.88
1458,00h 24m 18s,29.374,False,False,1.251,31.0585,50.0114,-0.0114,-1.0387,-1.1901,51.2515,30.0197,50.0,0.0,-1.1651,-1.3352,101.2379,28.8546,50.0113,-0.0113,-1.292,-1.4803,151.2325,27.5627,,,94.9,-0.88
1459,00h 24m 19s,29.442,False,False,1.252,31.1067,50.0115,-0.0115,-1.0002,-1.146,51.2536,30.1065,50.0,0.0,-1.1648,-1.3349,101.24,28.9417,50.0114,-0.0114,-1.3299,-1.5238,151.2337,27.6118,,,93.6,-0.88
1460,00h 24m 20s,29.466,False,False,1.2527,31.1551,50.0119,-0.0119,-1.0487,-1.2015,51.2536,30.1064,50.0,0.0,-1.1645,-1.3346,101.24,28.9419,50.0118,-0.0118,-1.2809,-1.4676,151.2354,27.6609,,,93.6,-0.88
1461,00h 24m 21s,29.49,False,False,1.253,31.2031,50.0126,-0.0126,-1.0969,-1.2568,51.2536,30.1062,50.0,0.0,-1.1642,-1.3341,101.24,28.942,50.011,-0.011,-1.2319,-1.4115,151.2358,27.7101,,,93.6,-0.88
1462,00h 24m 22s,29.515,False,False,1.2541,31.2513,50.0126,-0.0126,-1.1452,-1.3121,51.2535,30.106,50.0,0.0,-1.1638,-1.3338,101.24,28.9422,50.0105,-0.0105,-1.1829,-1.3554,151.2365,27.7593,,,93.6,-0.88
1463,00h 24m 23s,29.539,False,False,1.256,31.2991,50.0117,-0.0117,-1.1933,-1.3672,51.2535,30.1058,50.0,0.0,-1.1634,-1.3333,101.24,28.9424,50.0117,-0.0117,-1.1341,-1.2994,151.2388,27.8083,,,93.6,-0.88
1464,00h 24m 24s,29.563,False,False,1.2575,31.3478,50.0115,-0.0115,-1.242,-1.4231,51.2535,30.1058,50.0,0.0,-1.1633,-1.3331,101.24,28.9425,50.0122,-0.0122,-1.0851,-1.2432,151.2405,27.8574,,,93.6,-0.88
1465,00h 24m 25s,29.631,False,False,1.2579,31.3965,50.0123,-0.0123,-1.2041,-1.3795,51.2557,30.1925,50.0,0.0,-1.1632,-1.333,101.2422,29.0293,50.0124,-0.0124,-1.1229,-1.2865,151.2419,27.9064,,,92.5,-0.88
1466,00h 24m 26s,29.699,False,False,1.2595,31.4444,50.0127,-0.0127,-1.1653,-1.3351,51.2586,30.2791,50.0,0.0,-1.1627,-1.3324,101.2451,29.1164,50.0127,-0.0127,-1.1606,-1.3298,151.2444,27.9558,,,92.1,-0.88
1467,00h 24m 27s,29.767,False,False,1.2603,31.4926,50.013,-0.013,-1.127,-1.2912,51.2606,30.3656,50.0,0.0,-1.1623,-1.332,101.2471,29.2033,50.013,-0.013,-1.1982,-1.3728,151.2457,28.0052,,,90.7,-0.88
1468,00h 24m 28s,29.834,False,False,1.2617,31.5406,50.0127,-0.0127,-1.0882,-1.2467,51.2625,30.4524,50.0,0.0,-1.1619,-1.3316,101.249,29.2905,50.0127,-0.0127,-1.2362,-1.4164,151.2464,28.0542,,,89.3,-0.88
1469,00h 24m 29s,29.902,False,False,1.2636,31.5891,50.0126,-0.0126,-1.05,-1.203,51.2652,30.5391,50.0,0.0,-1.1616,-1.3313,101.2517,29.3775,50.0126,-0.0126,-1.2739,-1.4595,151.2481,28.1036,,,88.7,-0.69
1470,00h 24m 30s,29.902,False,False,1.2636,31.5891,50.0126,-0.0126,-1.05,-1.203,51.2652,30.5391,50.0,0.0,-1.1616,-1.3313,101.2517,29.3775,50.0126,-0.0126,-1.2739,-1.4595,151.2481,28.1036,,,88.7,-0.69
1471,00h 24m 31s,29.902,False,False,1.2636,31.5891,50.0126,-0.0126,-1.05,-1.203,51.2652,30.5391,50.0,0.0,-1.1616,-1.3313,101.2517,29.3775,50.0126,-0.0126,-1.2739,-1.4595,151.2481,28.1036,,,88.7,-0.69
1472,00h 24m 32s,29.902,False,False,1.2636,31.5891,50.0126,-0.0126,-1.05,-1.203,51.2652,30.5391,50.0,0.0,-1.1616,-1.3313,101.2517,29.3775,50.0126,-0.0126,-1.2739,-1.4595,151.2481,28.1036,,,88.7,-0.69
1473,00h 24m 33s,29.902,False,False,1.2636,31.5891,50.0126,-0.0126,-1.05,-1.203,51.2652,30.5391,50.0,0.0,-1.1616,-1.3313,101.2517,29.3775,50.0126,-0.0126,-1.2739,-1.4595,151.2481,28.1036,,,88.7,-0.69
1474,00h 24m 34s,29.902,False,False,1.2636,31.5891,50.0126,-0.0126,-1.05,-1.203,51.2652,30.5391,50.0,0.0,-1.1616,-1.3313,101.2517,29.3775,50.0126,-0.0126,-1.2739,-1.4595,151.2481,28.1036,,,88.7,-0.69
1475,00h 24m 35s,29.902,False,False,1.2636,31.5891,50.0126,-0.0126,-1.05,-1.203,51.2652,30.5391,50.0,0.0,-1.1616,-1.3313,101.2517,29.3775,50.0126,-0.0126,-1.2739,-1.4595,151.2481,28.1036,,,88.7,-0.69
1476,00h 24m 36s,29.902,False,False,1.2636,31.5891,50.0126,-0.0126,-1.05,-1.203,51.2652,30.5391,50.0,0.0,-1.1616,-1.3313,101.2517,29.3775,50.0126,-0.0126,-1.2739,-1.4595,151.2481,28.1036,,,88.7,-0.69
1477,00h 24m 37s,29.902,False,False,1.2636,31.5891,50.0126,-0.0126,-1.05,-1.203,51.2652,30.5391,50.0,0.0,-1.1616,-1.3313,101.2517,29.3775,50.0126,-0.0126,-1.2739,-1.4595,151.2481,28.1036,,,88.7,-0.69
1478,00h 24m 38s,29.902,False,False,1.2636,31.5891,50.0126,-0.0126,-1.05,-1.203,51.2652,30.5391,50.0,0.0,-1.1616,-1.3313,101.2517,29.3775,50.0126,-0.0126,-1.2739,-1.4595,151.2481,28.1036,,,88.7,-0.69
1479,00h 24m 39s,29.902,False,False,1.2636,31.5891,50.0126,-0.0126,-1.05,-1.203,51.2652,30.5391,50.0,0.0,-1.1616,-1.3313,101.2517,29.3775,50.0126,-0.0126,-1.2739,-1.4595,151.2481,28.1036,,,88.7,-0.69
1480,00h 24m 40s,29.902,False,False,1.2636,31.5891,50.0126,-0.0126,-1.05,-1.203,51.2652,30.5391,50.0,0.0,-1.1616,-1.3313,101.2517,29.3775,50.0126,-0.0126,-1.2739,-1.4595,151.2481,28.1036,,,88.7,-0.69
1481,00h 24m 41s,29.902,False,False,1.2636,31.5891,50.0126,-0.0126,-1.05,-1.203,51.2652,30.5391,50.0,0.0,-1.1616,-1.3313,101.2517,29.3775,50.0126,-0.0126,-1.2739,-1.4595,151.2481,28.1036,,,88.7,-0.69
1482,00h 24m 42s,29.902,False,False,1.2636,31.5891,50.0126,-0.0126,-1.05,-1.203,51.2652,30.5391,50.0,0.0,-1.1616,-1.3313,101.2517,29.3775,50.0126,-0.0126,-1.2739,-1.4595,151.2481,28.1036,,,88.7,-0.69
1483,00h 24m 43s,29.902,False,False,1.2636,31.5891,50.0126,-0.0126,-1.05,-1.203,51.2652,30.5391,50.0,0.0,-1.1616,-1.3313,101.2517,29.3775,50.0126,-0.0126,-1.2739,-1.4595,151.2481,28.1036,,,88.7,-0.69
1484,00h 24m 44s,29.902,False,False,1.2636,31.5891,50.0126,-0.0126,-1.05,-1.203,51.2652,30.5391,50.0,0.0,-1.1616,-1.3313,101.2517,29.3775,50.0126,-0.0126,-1.2739,-1.4595,151.2481,28.1036,,,88.7,-0.69
1485,00h 24m 45s,29.902,False,False,1.2636,31.5891,50.0126,-0.0126,-1.05,-1.203,51.2652,30.5391,50.0,0.0,-1.1616,-1.3313,101.2517,29.3775,50.0126,-0.0126,-1.2739,-1.4595,151.2481,28.1036,,,88.7,-0.69
1486,00h 24m 46s,29.902,False,False,1.2636,31.5891,50.0126,-0.0126,-1.05,-1.203,51.2652,30.5391,50.0,0.0,-1.1616,-1.3313,101.2517,29.3775,50.0126,-0.0126,-1.2739,-1.4595,151.2481,28.1036,,,88.7,-0.69
1487,00h 24m 47s,29.902,False,False,1.2636,31.5891,50.0126,-0.0126,-1.05,-1.203,51.2652,30.5391,50.0,0.0,-1.1616,-1.3313,101.2517,29.3775,50.0126,-0.0126,-1.2739,-1.4595,151.2481,28.1036,,,88.7,-0.69
1488,00h 24m 48s,29.902,False,False,1.2636,31.5891,50.0126,-0.0126,-1.05,-1.203,51.2652,30.5391,50.0,0.0,-1.1616,-1.3313,101.2517,29.3775,50.0126,-0.0126,-1.2739,-1.4595,151.2481,28.1036,,,88.7,-0.69
1489,00h 24m 49s,29.902,False,False,1.2636,31.5891,50.0126,-0.0126,-1.05,-1.203,51.2652,30.5391,50.0,0.0,-1.1616,-1.3313,101.2517,29.3775,50.0126,-0.0126,-1.2739,-1.4595,151.2481,28.1036,,,88.7,-0.69
1490,00h 24m 50s,29.902,False,False,1.2636,31.5891,50.0126,-0.0126,-1.05,-1.203,51.2652,30.5391,50.0,0.0,-1.1616,-1.3313,101.2517,29.3775,50.0126,-0.0126,-1.2739,-1.4595,151.2481,28.1036,,,88.7,-0.69
1491,00h 24m 51s,29.902,False,False,1.2636,31.5891,50.0126,-0.0126,-1.05,-1.203,51.2652,30.5391,50.0,0.0,-1.1616,-1.3313,101.2517,29.3775,50.0126,-0.0126,-1.2739,-1.4595,151.2481,28.1036,,,88.7,-0.69
1492,00h 24m 52s,29.902,False,False,1.2636,31.5891,50.0126,-0.0126,-1.05,-1.203,51.2652,30.5391,50.0,0.0,-1.1616,-1.3313,101.2517,29.3775,50.0126,-0.0126,-1.2739,-1.4595,151.2481,28.1036,,,88.7,-0.69
1493,00h 24m 53s,29.902,False,False,1.2636,31.5891,50.0126,-0.0126,-1.05,-1.203,51.2652,30.5391,50.0,0.0,-1.1616,-1.3313,101.2517,29.3775,50.0126,-0.0126,-1.2739,-1.4595,151.2481,28.1036,,,88.7,-0.69
1494,00h 24m 54s,29.902,False,False,1.2636,31.5891,50.0126,-0.0126,-1.05,-1.203,51.2652,30.5391,50.0,0.0,-1.1616,-1.3313,101.2517,29.3775,50.0126,-0.0126,-1.2739,-1.4595,151.2481,28.1036,,,88.7,-0.69
1495,00h 24m 55s,29.902,False,False,1.2636,31.5891,50.0126,-0.0126,-1.05,-1.203,51.2652,30.5391,50.0,0.0,-1.1616,-1.3313,101.2517,29.3775,50.0126,-0.0126,-1.2739,-1.4595,151.2481,28.1036,,,88.7,-0.69
1496,00h 24m 56s,29.902,False,False,1.2636,31.5891,50.0126,-0.0126,-1.05,-1.203,51.2652,30.5391,50.0,0.0,-1.1616,-1.3313,101.2517,29.3775,50.0126,-0.0126,-1.2739,-1.4595,151.2481,28.1036,,,88.7,-0.69
1497,00h 24m 57s,29.902,False,False,1.2636,31.5891,50.0126,-0.0126,-1.05,-1.203,51.2652,30.5391,50.0,0.0,-1.1616,-1.3313,101.2517,29.3775,50.0126,-0.0126,-1.2739,-1.4595,151.2481,28.1036,,,88.7,-0.69
1498,00h 24m 58s,29.902,False,False,1.2636,31.5891,50.0126,-0.0126,-1.05,-1.203,51.2652,30.5391,50.0,0.0,-1.1616,-1.3313,101.2517,29.3775,50.0126,-0.0126,-1.2739,-1.4595,151.2481,28.1036,,,88.7,-0.69
1499,00h 24m 59s,29.902,False,False,1.2636,31.5891,50.0126,-0.0126,-1.05,-1.203,51.2652,30.5391,50.0,0.0,-1.1616,-1.3313,101.2517,29.3775,50.0126,-0.0126,-1.2739,-1.4595,151.2481,28.1036,,,88.7,-0.69
1500,00h 25m 00s,29.927,False,False,1.2652,31.6379,50.0121,-0.0121,-1.0989,-1.259,51.2652,30.539,50.0,0.0,-1.1615,-1.3311,101.2518,29.3776,50.0118,-0.0118,-1.2246,-1.4031,151.2486,28.1529,,,88.7,-0.69
1501,00h 25m 01s,29.951,False,False,1.2664,31.6862,50.012,-0.012,-1.1473,-1.3145,51.2652,30.5389,50.0,0.0,-1.1612,-1.3308,101.2518,29.3777,50.0115,-0.0115,-1.1757,-1.3471,151.2495,28.202,,,88.7,-0.69
1502,00h 25m 02s,29.976,False,False,1.267,31.7345,50.0125,-0.0125,-1.1957,-1.37,51.2652,30.5388,50.0,0.0,-1.161,-1.3305,101.2518,29.3778,50.0111,-0.0111,-1.1268,-1.291,151.2502,28.251,,,88.7,-0.69
1503,00h 25m 03s,30.0,False,False,1.2687,31.7833,50.0121,-0.0121,-1.2446,-1.426,51.2652,30.5387,50.0,0.0,-1.1609,-1.3304,101.2518,29.3779,50.0115,-0.0115,-1.0777,-1.2348,151.2516,28.3002,,,88.7,-0.69
1504,00h 25m 04s,30.068,False,False,1.2705,31.8316,50.0111,-0.0111,-1.2065,-1.3824,51.267,30.6251,50.0,0.0,-1.1605,-1.33,101.2535,29.4646,50.0111,-0.0111,-1.115,-1.2775,151.2522,28.3496,,,87.1,-0.69
1505,00h 25m 05s,30.136,False,False,1.2716,31.8798,50.0113,-0.0113,-1.1681,-1.3384,51.2693,30.7117,50.0,0.0,-1.1601,-1.3295,101.2558,29.5516,50.0113,-0.0113,-1.1527,-1.3207,151.2538,28.3989,,,86.1,-0.69
1506,00h 25m 06s,30.203,False,False,1.2724,31.928,50.012,-0.012,-1.1299,-1.2945,51.2716,30.7981,50.0,0.0,-1.1598,-1.3292,101.2582,29.6383,50.012,-0.012,-1.1903,-1.3638,151.256,28.448,,,85.1,-0.69
1507,00h 25m 07s,30.271,False,False,1.2738,31.9762,50.0118,-0.0118,-1.0916,-1.2507,51.2738,30.8847,50.0,0.0,-1.1595,-1.3289,101.2603,29.7251,50.0118,-0.0118,-1.228,-1.407,151.257,28.4971,,,83.9,-0.69
1508,00h 25m 08s,30.339,False,False,1.2758,32.0246,50.0119,-0.0119,-1.0535,-1.207,51.2766,30.9712,50.0,0.0,-1.1592,-1.3285,101.2632,29.8119,50.0119,-0.0119,-1.2656,-1.45,151.259,28.5464,,,83.5,-0.69
1509,00h 25m 09s,30.406,False,False,1.277,32.0724,50.0125,-0.0125,-1.0147,-1.1626,51.2792,31.0577,50.0,0.0,-1.1588,-1.328,101.2658,29.8989,50.0125,-0.0125,-1.3035,-1.4935,151.2613,28.5954,,,82.8,-0.65
1510,00h 25m 10s,30.474,False,False,1.2783,32.1209,50.0132,-0.0132,-0.9764,-1.1187,51.282,31.1444,50.0,0.0,-1.1586,-1.3278,101.2685,29.9858,50.0131,-0.0131,-1.3413,-1.5368,151.2637,28.6445,,,82.2,-0.65
1511,00h 25m 11s,30.498,False,False,1.2794,32.1697,50.0131,-0.0131,-1.0254,-1.1748,51.282,31.1444,50.0,0.0,-1.1585,-1.3277,101.2685,29.9859,50.014,-0.014,-1.2922,-1.4805,151.2658,28.6936,,,82.2,-0.65
1512,00h 25m 12s,30.523,False,False,1.2796,32.2176,50.0138,-0.0138,-1.0735,-1.2299,51.2819,31.1441,50.0,0.0,-1.158,-1.3271,101.2685,29.9861,50.0139,-0.0139,-1.2431,-1.4242,151.267,28.743,,,82.2,-0.65
1513,00h 25m 13s,30.547,False,False,1.2816,32.2663,50.0129,-0.0129,-1.1223,-1.2858,51.2819,31.144,50.0,0.0,-1.1577,-1.3268,101.2685,29.9863,50.0134,-0.0134,-1.1938,-1.3677,151.2677,28.7925,,,82.2,-0.65
1514,00h 25m 14s,30.572,False,False,1.2822,32.3145,50.0135,-0.0135,-1.1707,-1.3413,51.2819,31.1438,50.0,0.0,-1.1575,-1.3265,101.2685,29.9864,50.0137,-0.0137,-1.1449,-1.3117,151.2692,28.8415,,,82.2,-0.65
1515,00h 25m 15s,30.596,False,False,1.2839,32.363,50.013,-0.013,-1.2193,-1.3969,51.2819,31.1437,50.0,0.0,-1.1573,-1.3262,101.2685,29.9865,50.0147,-0.0147,-1.0959,-1.2555,151.2712,28.8906,,,82.2,-0.65
1516,00h 25m 16s,30.664,False,False,1.2842,32.4116,50.014,-0.014,-1.1813,-1.3534,51.2843,31.2303,50.0,0.0,-1.157,-1.3259,101.2709,30.0733,50.014,-0.014,-1.1333,-1.2984,151.2721,28.94,,,81.2,-0.65
1517,00h 25m 17s,30.732,False,False,1.2859,32.4603,50.0137,-0.0137,-1.1434,-1.31,51.2865,31.3169,50.0,0.0,-1.1567,-1.3256,101.2732,30.1602,50.0137,-0.0137,-1.1707,-1.3413,151.2731,28.9895,,,80.1,-0.65
1518,00h 25m 18s,30.799,False,False,1.2876,32.5084,50.0133,-0.0133,-1.1049,-1.2659,51.2887,31.4034,50.0,0.0,-1.1563,-1.3251,101.2753,30.2471,50.0132,-0.0132,-1.2082,-1.3843,151.274,29.0389,,,79.0,-0.65
1519,00h 25m 19s,30.867,False,False,1.2892,32.5563,50.0133,-0.0133,-1.0662,-1.2215,51.2912,31.4901,50.0,0.0,-1.1559,-1.3247,101.2778,30.3342,50.0133,-0.0133,-1.2462,-1.4278,151.2755,29.088,,,78.1,-0.65
1520,00h 25m 20s,30.935,False,False,1.2904,32.6051,50.0133,-0.0133,-1.0285,-1.1783,51.2932,31.5766,50.0,0.0,-1.1557,-1.3245,101.2798,30.4209,50.0132,-0.0132,-1.2836,-1.4706,151.2766,29.1374,,,76.8,-0.66
1521,00h 25m 21s,31.003,False,False,1.2913,32.6536,50.0135,-0.0135,-0.9904,-1.1347,51.295,31.6632,50.0,0.0,-1.1554,-1.3241,101.2816,30.5078,50.0134,-0.0134,-1.321,-1.5135,151.2776,29.1868,,,75.3,-0.66
1522,00h 25m 22s,31.027,False,False,1.2923,32.7021,50.0135,-0.0135,-1.0391,-1.1905,51.295,31.6631,50.0,0.0,-1.1551,-1.3238,101.2816,30.508,50.0139,-0.0139,-1.2718,-1.4571,151.2794,29.2361,,,75.3,-0.66
1523,00h 25m 23s,31.052,False,False,1.2927,32.7506,50.0141,-0.0141,-1.0877,-1.2461,51.295,31.6629,50.0,0.0,-1.1548,-1.3234,101.2816,30.5081,50.014,-0.014,-1.2226,-1.4008,151.2807,29.2855,,,75.3,-0.66
1524,00h 25m 24s,31.076,False,False,1.294,32.799,50.0139,-0.0139,-1.1362,-1.3017,51.295,31.6628,50.0,0.0,-1.1546,-1.3232,101.2816,30.5082,50.0135,-0.0135,-1.1736,-1.3446,151.2814,29.3347,,,75.3,-0.66
1525,00h 25m 25s,31.101,False,False,1.2956,32.8477,50.0134,-0.0134,-1.1851,-1.3577,51.295,31.6627,50.0,0.0,-1.1543,-1.3229,101.2817,30.5084,50.0136,-0.0136,-1.1242,-1.288,151.2826,29.3841,,,75.3,-0.66
1526,00h 25m 26s,31.125,False,False,1.296,32.896,50.0142,-0.0142,-1.2335,-1.4132,51.295,31.6625,50.0,0.0,-1.154,-1.3225,101.2817,30.5085,50.0134,-0.0134,-1.0751,-1.2318,151.2835,29.4334,,,75.3,-0.66
1527,00h 25m 27s,31.193,False,False,1.2972,32.9443,50.0137,-0.0137,-1.195,-1.3691,51.2967,31.7493,50.0,0.0,-1.1536,-1.3221,101.2834,30.5957,50.0138,-0.0138,-1.1129,-1.2751,151.2847,29.4827,,,73.7,-0.66
1528,00h 25m 28s,31.261,False,False,1.2975,32.993,50.0143,-0.0143,-1.157,-1.3255,51.2984,31.836,50.0,0.0,-1.1534,-1.3218,101.2851,30.6826,50.0143,-0.0143,-1.1505,-1.3181,151.2862,29.5321,,,72.1,-0.66
1529,00h 25m 29s,31.329,False,False,1.2986,33.0416,50.0143,-0.0143,-1.1188,-1.2818,51.3004,31.9229,50.0,0.0,-1.1532,-1.3216,101.2871,30.7696,50.0143,-0.0143,-1.1883,-1.3615,151.2872,29.5813,,,70.7,-0.66
1530,00h 25m 30s,31.372,False,False,1.2986,33.0416,50.0144,-0.0144,-1.0321,-1.1824,51.3024,32.0096,50.0,0.0,-1.1532,-1.3216,101.2891,30.8563,50.0144,-0.0144,-1.275,-1.4608,151.2872,29.5813,,,69.4,-0.66
1531,00h 25m 31s,31.372,False,False,1.2986,33.0416,50.0144,-0.0144,-1.0321,-1.1824,51.3024,32.0096,50.0,0.0,-1.1532,-1.3216,101.2891,30.8563,50.0144,-0.0144,-1.275,-1.4608,151.2872,29.5813,,,69.4,-0.66
1532,00h 25m 32s,31.372,False,False,1.2986,33.0416,50.0144,-0.0144,-1.0321,-1.1824,51.3024,32.0096,50.0,0.0,-1.1532,-1.3216,101.2891,30.8563,50.0144,-0.0144,-1.275,-1.4608,151.2872,29.5813,,,69.4,-0.66
1533,00h 25m 33s,31.372,False,False,1.2986,33.0416,50.0144,-0.0144,-1.0321,-1.1824,51.3024,32.0096,50.0,0.0,-1.1532,-1.3216,101.2891,30.8563,50.0144,-0.0144,-1.275,-1.4608,151.2872,29.5813,,,69.4,-0.66
1534,00h 25m 34s,31.372,False,False,1.2986,33.0416,50.0144,-0.0144,-1.0321,-1.1824,51.3024,32.0096,50.0,0.0,-1.1532,-1.3216,101.2891,30.8563,50.0144,-0.0144,-1.275,-1.4608,151.2872,29.5813,,,69.4,-0.66
1535,00h 25m 35s,31.372,False,False,1.2986,33.0416,50.0144,-0.0144,-1.0321,-1.1824,51.3024,32.0096,50.0,0.0,-1.1532,-1.3216,101.2891,30.8563,50.0144,-0.0144,-1.275,-1.4608,151.2872,29.5813,,,69.4,-0.66
1536,00h 25m 36s,31.372,False,False,1.2986,33.0416,50.0144,-0.0144,-1.0321,-1.1824,51.3024,32.0096,50.0,0.0,-1.1532,-1.3216,101.2891,30.8563,50.0144,-0.0144,-1.275,-1.4608,151.2872,29.5813,,,69.4,-0.66
1537,00h 25m 37s,31.372,False,False,1.2986,33.0416,50.0144,-0.0144,-1.0321,-1.1824,51.3024,32.0096,50.0,0.0,-1.1532,-1.3216,101.2891,30.8563,50.0144,-0.0144,-1.275,-1.4608,151.2872,29.5813,,,69.4,-0.66
1538,00h 25m 38s,31.372,False,False,1.2986,33.0416,50.0144,-0.0144,-1.0321,-1.1824,51.3024,32.0096,50.0,0.0,-1.1532,-1.3216,101.2891,30.8563,50.0144,-0.0144,-1.275,-1.4608,151.2872,29.5813,,,69.4,-0.66
1539,00h 25m 39s,31.372,False,False,1.2986,33.0416,50.0144,-0.0144,-1.0321,-1.1824,51.3024,32.0096,50.0,0.0,-1.1532,-1.3216,101.2891,30.8563,50.0144,-0.0144,-1.275,-1.4608,151.2872,29.5813,,,69.4,-0.66
1540,00h 25m 40s,31.372,False,False,1.2986,33.0416,50.0144,-0.0144,-1.0321,-1.1824,51.3024,32.0096,50.0,0.0,-1.1532,-1.3216,101.2891,30.8563,50.0144,-0.0144,-1.275,-1.4608,151.2872,29.5813,,,69.4,-0.66
1541,00h 25m 41s,31.372,False,False,1.2986,33.0416,50.0144,-0.0144,-1.0321,-1.1824,51.3024,32.0096,50.0,0.0,-1.1532,-1.3216,101.2891,30.8563,50.0144,-0.0144,-1.275,-1.4608,151.2872,29.5813,,,69.4,-0.66
1542,00h 25m 42s,31.372,False,False,1.2986,33.0416,50.0144,-0.0144,-1.0321,-1.1824,51.3024,32.0096,50.0,0.0,-1.1532,-1.3216,101.2891,30.8563,50.0144,-0.0144,-1.275,-1.4608,151.2872,29.5813,,,69.4,-0.66
1543,00h 25m 43s,31.372,False,False,1.2986,33.0416,50.0144,-0.0144,-1.0321,-1.1824,51.3024,32.0096,50.0,0.0,-1.1532,-1.3216,101.2891,30.8563,50.0144,-0.0144,-1.275,-1.4608,151.2872,29.5813,,,69.4,-0.66
1544,00h 25m 44s,31.372,False,False,1.2986,33.0416,50.0144,-0.0144,-1.0321,-1.1824,51.3024,32.0096,50.0,0.0,-1.1532,-1.3216,101.2891,30.8563,50.0144,-0.0144,-1.275,-1.4608,151.2872,29.5813,,,69.4,-0.66
1545,00h 25m 45s,31.372,False,False,1.2986,33.0416,50.0144,-0.0144,-1.0321,-1.1824,51.3024,32.0096,50.0,0.0,-1.1532,-1.3216,101.2891,30.8563,50.0144,-0.0144,-1.275,-1.4608,151.2872,29.5813,,,69.4,-0.66
1546,00h 25m 46s,31.372,False,False,1.2986,33.0416,50.0144,-0.0144,-1.0321,-1.1824,51.3024,32.0096,50.0,0.0,-1.1532,-1.3216,101.2891,30.8563,50.0144,-0.0144,-1.275,-1.4608,151.2872,29.5813,,,69.4,-0.66
1547,00h 25m 47s,31.372,False,False,1.2986,33.0416,50.0144,-0.0144,-1.0321,-1.1824,51.3024,32.0096,50.0,0.0,-1.1532,-1.3216,101.2891,30.8563,50.0144,-0.0144,-1.275,-1.4608,151.2872,29.5813,,,69.4,-0.66
1548,00h 25m 48s,31.372,False,False,1.2986,33.0416,50.0144,-0.0144,-1.0321,-1.1824,51.3024,32.0096,50.0,0.0,-1.1532,-1.3216,101.2891,30.8563,50.0144,-0.0144,-1.275,-1.4608,151.2872,29.5813,,,69.4,-0.66
1549,00h 25m 49s,31.372,False,False,1.2986,33.0416,50.0144,-0.0144,-1.0321,-1.1824,51.3024,32.0096,50.0,0.0,-1.1532,-1.3216,101.2891,30.8563,50.0144,-0.0144,-1.275,-1.4608,151.2872,29.5813,,,69.4,-0.66
1550,00h 25m 50s,31.372,False,False,1.2986,33.0416,50.0144,-0.0144,-1.0321,-1.1824,51.3024,32.0096,50.0,0.0,-1.1532,-1.3216,101.2891,30.8563,50.0144,-0.0144,-1.275,-1.4608,151.2872,29.5813,,,69.4,-0.66
1551,00h 25m 51s,31.372,False,False,1.2986,33.0416,50.0144,-0.0144,-1.0321,-1.1824,51.3024,32.0096,50.0,0.0,-1.1532,-1.3216,101.2891,30.8563,50.0144,-0.0144,-1.275,-1.4608,151.2872,29.5813,,,69.4,-0.66
1552,00h 25m 52s,31.372,False,False,1.2986,33.0416,50.0144,-0.0144,-1.0321,-1.1824,51.3024,32.0096,50.0,0.0,-1.1532,-1.3216,101.2891,30.8563,50.0144,-0.0144,-1.275,-1.4608,151.2872,29.5813,,,69.4,-0.66
1553,00h 25m 53s,31.372,False,False,1.2986,33.0416,50.0144,-0.0144,-1.0321,-1.1824,51.3024,32.0096,50.0,0.0,-1.1532,-1.3216,101.2891,30.8563,50.0144,-0.0144,-1.275,-1.4608,151.2872,29.5813,,,69.4,-0.66
1554,00h 25m 54s,31.372,False,False,1.2986,33.0416,50.0144,-0.0144,-1.0321,-1.1824,51.3024,32.0096,50.0,0.0,-1.1532,-1.3216,101.2891,30.8563,50.0144,-0.0144,-1.275,-1.4608,151.2872,29.5813,,,69.4,-0.66
1555,00h 25m 55s,31.372,False,False,1.2986,33.0416,50.0144,-0.0144,-1.0321,-1.1824,51.3024,32.0096,50.0,0.0,-1.1532,-1.3216,101.2891,30.8563,50.0144,-0.0144,-1.275,-1.4608,151.2872,29.5813,,,69.4,-0.66
1556,00h 25m 56s,31.372,False,False,1.2986,33.0416,50.0144,-0.0144,-1.0321,-1.1824,51.3024,32.0096,50.0,0.0,-1.1532,-1.3216,101.2891,30.8563,50.0144,-0.0144,-1.275,-1.4608,151.2872,29.5813,,,69.4,-0.66
1557,00h 25m 57s,31.372,False,False,1.2986,33.0416,50.0144,-0.0144,-1.0321,-1.1824,51.3024,32.0096,50.0,0.0,-1.1532,-1.3216,101.2891,30.8563,50.0144,-0.0144,-1.275,-1.4608,151.2872,29.5813,,,69.4,-0.66
1558,00h 25m 58s,31.372,False,False,1.2986,33.0416,50.0144,-0.0144,-1.0321,-1.1824,51.3024,32.0096,50.0,0.0,-1.1532,-1.3216,101.2891,30.8563,50.0144,-0.0144,-1.275,-1.4608,151.2872,29.5813,,,69.4,-0.66
1559,00h 25m 59s,31.372,False,False,1.2986,33.0416,50.0144,-0.0144,-1.0321,-1.1824,51.3024,32.0096,50.0,0.0,-1.1532,-1.3216,101.2891,30.8563,50.0144,-0.0144,-1.275,-1.4608,151.2872,29.5813,,,69.4,-0.66
1560,00h 26m 00s,31.397,False,False,1.3002,33.0895,50.0138,-0.0138,-1.0802,-1.2376,51.3024,32.0093,50.0,0.0,-1.1527,-1.321,101.2891,30.8566,50.0138,-0.0138,-1.2259,-1.4045,151.2879,29.6307,,,69.4,-0.66
1561,00h 26m 01s,31.421,False,False,1.3009,33.1374,50.0142,-0.0142,-1.1283,-1.2927,51.3024,32.0091,50.0,0.0,-1.1523,-1.3205,101.2891,30.8568,50.0151,-0.0151,-1.1769,-1.3483,151.2904,29.6799,,,69.4,-0.66
1562,00h 26m 02s,31.445,False,False,1.3017,33.1854,50.0146,-0.0146,-1.1765,-1.3479,51.3024,32.0089,50.0,0.0,-1.1519,-1.3201,101.2891,30.857,50.0149,-0.0149,-1.128,-1.2923,151.2913,29.7291,,,69.4,-0.66
1563,00h 26m 03s,31.469,False,False,1.3011,33.2334,50.0163,-0.0163,-1.2247,-1.4031,51.3024,32.0087,50.0,0.0,-1.1515,-1.3196,101.2891,30.8572,50.0155,-0.0155,-1.079,-1.2361,151.293,29.7782,,,69.4,-0.66
1564,00h 26m 04s,31.537,False,False,1.3021,33.2821,50.0162,-0.0162,-1.1866,-1.3594,51.3042,32.0955,50.0,0.0,-1.1514,-1.3195,101.2909,30.9441,50.0162,-0.0162,-1.1169,-1.2796,151.2947,29.8272,,,67.9,-0.98
1565,00h 26m 05s,31.605,False,False,1.3039,33.3301,50.0157,-0.0157,-1.1479,-1.3151,51.3065,32.1822,50.0,0.0,-1.151,-1.3191,101.2932,31.0312,50.0157,-0.0157,-1.1549,-1.3231,151.2956,29.8763,,,66.9,-0.98
1566,00h 26m 06s,31.673,False,False,1.3046,33.3787,50.0162,-0.0162,-1.1101,-1.2717,51.3085,32.2686,50.0,0.0,-1.1507,-1.3188,101.2952,31.1179,50.0162,-0.0162,-1.1922,-1.3658,151.2973,29.9257,,,65.5,-0.98
1567,00h 26m 07s,31.741,False,False,1.3055,33.4271,50.016,-0.016,-1.0717,-1.2278,51.31,32.3554,50.0,0.0,-1.1505,-1.3185,101.2967,31.2049,50.016,-0.016,-1.23,-1.4092,151.2976,29.9749,,,63.7,-0.98
1568,00h 26m 08s,31.808,False,False,1.3069,33.4756,50.016,-0.016,-1.0335,-1.184,51.3122,32.4421,50.0,0.0,-1.1502,-1.3182,101.299,31.2919,50.0159,-0.0159,-1.2677,-1.4523,151.2989,30.0242,,,62.6,-0.98
1569,00h 26m 09s,31.876,False,False,1.3085,33.5244,50.0157,-0.0157,-0.9955,-1.1404,51.3143,32.5289,50.0,0.0,-1.15,-1.318,101.3011,31.3789,50.0156,-0.0156,-1.3053,-1.4955,151.2997,30.0736,,,61.4,-0.98
1570,00h 26m 10s,31.901,False,False,1.3099,33.5723,50.0153,-0.0153,-1.0436,-1.1955,51.3143,32.5287,50.0,0.0,-1.1496,-1.3175,101.3011,31.3791,50.0154,-0.0154,-1.2564,-1.4394,151.3008,30.1227,,,61.4,-0.98
1571,00h 26m 11s,31.925,False,False,1.3115,33.6209,50.0148,-0.0148,-1.0923,-1.2514,51.3143,32.5286,50.0,0.0,-1.1494,-1.3172,101.3011,31.3792,50.0156,-0.0156,-1.2072,-1.3831,151.3021,30.172,,,61.4,-0.98
1572,00h 26m 12s,31.95,False,False,1.3125,33.6697,50.0148,-0.0148,-1.1411,-1.3074,51.3143,32.5285,50.0,0.0,-1.1493,-1.3171,101.3011,31.3793,50.0153,-0.0153,-1.1581,-1.3268,151.3029,30.2212,,,61.4,-0.98
1573,00h 26m 13s,31.974,False,False,1.3135,33.7179,50.0149,-0.0149,-1.1896,-1.3629,51.3143,32.5284,50.0,0.0,-1.149,-1.3168,101.3011,31.3794,50.0167,-0.0167,-1.1091,-1.2706,151.3055,30.2703,,,61.4,-0.98
1574,00h 26m 14s,31.998,False,False,1.3146,33.766,50.015,-0.015,-1.2378,-1.4181,51.3143,32.5282,50.0,0.0,-1.1486,-1.3164,101.3011,31.3796,50.0175,-0.0175,-1.0602,-1.2146,151.3074,30.3193,,,61.4,-0.98
1575,00h 26m 15s,32.066,False,False,1.316,33.8141,50.0162,-0.0162,-1.1994,-1.3741,51.3178,32.6146,50.0,0.0,-1.1483,-1.316,101.3046,31.4664,50.0162,-0.0162,-1.0979,-1.2578,151.3087,30.3684,,,61.5,-0.7
1576,00h 26m 16s,32.134,False,False,1.3171,33.8626,50.0166,-0.0166,-1.1613,-1.3304,51.3202,32.7013,50.0,0.0,-1.1481,-1.3157,101.3071,31.5532,50.0166,-0.0166,-1.1356,-1.301,151.3107,30.4176,,,60.7,-0.7
1577,00h 26m 17s,32.201,False,False,1.3187,33.9106,50.0165,-0.0165,-1.1228,-1.2864,51.3226,32.7877,50.0,0.0,-1.1476,-1.3152,101.3095,31.6401,50.0165,-0.0165,-1.1731,-1.344,151.3122,30.467,,,59.8,-0.7
1578,00h 26m 18s,32.269,False,False,1.3194,33.9585,50.0172,-0.0172,-1.0844,-1.2423,51.3249,32.8741,50.0,0.0,-1.1472,-1.3147,101.3117,31.7269,50.0172,-0.0172,-1.2108,-1.3871,151.3142,30.5161,,,58.7,-0.7
1579,00h 26m 19s,32.337,False,False,1.3215,34.0065,50.0167,-0.0167,-1.0459,-1.1982,51.3272,32.9606,50.0,0.0,-1.1468,-1.3143,101.314,31.8138,50.0166,-0.0166,-1.2485,-1.4303,151.3151,30.5653,,,57.7,-0.7
1580,00h 26m 20s,32.404,False,False,1.3223,34.055,50.017,-0.017,-1.0076,-1.1543,51.3291,33.0474,50.0,0.0,-1.1465,-1.3139,101.316,31.9008,50.0169,-0.0169,-1.2862,-1.4735,151.3163,30.6147,,,56.3,-0.7
1581,00h 26m 21s,32.472,False,False,1.3234,34.1032,50.0171,-0.0171,-0.9691,-1.1102,51.3311,33.1341,50.0,0.0,-1.1461,-1.3135,101.318,31.9879,50.017,-0.017,-1.324,-1.5168,151.3175,30.664,,,55.0,-0.72
1582,00h 26m 22s,32.497,False,False,1.3244,34.1521,50.0171,-0.0171,-1.0181,-1.1663,51.3311,33.134,50.0,0.0,-1.1459,-1.3133,101.318,31.988,50.0171,-0.0171,-1.2746,-1.4602,151.3189,30.7134,,,55.0,-0.72
1583,00h 26m 23s,32.521,False,False,1.3257,34.2002,50.0168,-0.0168,-1.0665,-1.2218,51.3311,33.1338,50.0,0.0,-1.1455,-1.3128,101.318,31.9882,50.0175,-0.0175,-1.2254,-1.4038,151.3205,30.7629,,,55.0,-0.72
1584,00h 26m 24s,32.546,False,False,1.3258,34.2484,50.0177,-0.0177,-1.1149,-1.2772,51.3311,33.1336,50.0,0.0,-1.1452,-1.3124,101.318,31.9884,50.0173,-0.0173,-1.1763,-1.3476,151.3215,30.8122,,,55.0,-0.72
1585,00h 26m 25s,32.57,False,False,1.3268,34.2965,50.0179,-0.0179,-1.1631,-1.3325,51.3311,33.1334,50.0,0.0,-1.1448,-1.3119,101.318,31.9886,50.0169,-0.0169,-1.1272,-1.2914,151.3223,30.8614,,,55.0,-0.72
1586,00h 26m 26s,32.594,False,False,1.3285,34.3445,50.0173,-0.0173,-1.2113,-1.3878,51.3311,33.1332,50.0,0.0,-1.1444,-1.3115,101.318,31.9888,50.0175,-0.0175,-1.0782,-1.2352,151.324,30.9106,,,55.0,-0.72
1587,00h 26m 27s,32.662,False,False,1.3297,34.3933,50.017,-0.017,-1.1733,-1.3441,51.3329,33.22,50.0,0.0,-1.1442,-1.3113,101.3198,32.0758,50.017,-0.017,-1.1159,-1.2784,151.3243,30.9599,,,53.4,-0.72
1588,00h 26m 28s,32.73,False,False,1.3305,34.442,50.0172,-0.0172,-1.1354,-1.3007,51.3348,33.3066,50.0,0.0,-1.144,-1.3111,101.3218,32.1626,50.0172,-0.0172,-1.1534,-1.3214,151.3257,31.0091,,,52.1,-0.72
1589,00h 26m 29s,32.798,False,False,1.3318,34.4908,50.0166,-0.0166,-1.0974,-1.2573,51.3364,33.3934,50.0,0.0,-1.1439,-1.311,101.3233,32.2495,50.0166,-0.0166,-1.1912,-1.3647,151.3257,31.0583,,,50.3,-0.72
1590,00h 26m 30s,32.841,False,False,1.3318,34.4908,50.0168,-0.0168,-1.0108,-1.158,51.3384,33.48,50.0,0.0,-1.1439,-1.311,101.3253,32.3361,50.0167,-0.0167,-1.2778,-1.4639,151.3257,31.0583,,,49.0,-0.72
1591,00h 26m 31s,32.841,False,False,1.3318,34.4908,50.0168,-0.0168,-1.0108,-1.158,51.3384,33.48,50.0,0.0,-1.1439,-1.311,101.3253,32.3361,50.0167,-0.0167,-1.2778,-1.4639,151.3257,31.0583,,,49.0,-0.72
1592,00h 26m 32s,32.841,False,False,1.3318,34.4908,50.0168,-0.0168,-1.0108,-1.158,51.3384,33.48,50.0,0.0,-1.1439,-1.311,101.3253,32.3361,50.0167,-0.0167,-1.2778,-1.4639,151.3257,31.0583,,,49.0,-0.72
1593,00h 26m 33s,32.841,False,False,1.3318,34.4908,50.0168,-0.0168,-1.0108,-1.158,51.3384,33.48,50.0,0.0,-1.1439,-1.311,101.3253,32.3361,50.0167,-0.0167,-1.2778,-1.4639,151.3257,31.0583,,,49.0,-0.72
1594,00h 26m 34s,32.841,False,False,1.3318,34.4908,50.0168,-0.0168,-1.0108,-1.158,51.3384,33.48,50.0,0.0,-1.1439,-1.311,101.3253,32.3361,50.0167,-0.0167,-1.2778,-1.4639,151.3257,31.0583,,,49.0,-0.72
1595,00h 26m 35s,32.841,False,False,1.3318,34.4908,50.0168,-0.0168,-1.0108,-1.158,51.3384,33.48,50.0,0.0,-1.1439,-1.311,101.3253,32.3361,50.0167,-0.0167,-1.2778,-1.4639,151.3257,31.0583,,,49.0,-0.72
1596,00h 26m 36s,32.841,False,False,1.3318,34.4908,50.0168,-0.0168,-1.0108,-1.158,51.3384,33.48,50.0,0.0,-1.1439,-1.311,101.3253,32.3361,50.0167,-0.0167,-1.2778,-1.4639,151.3257,31.0583,,,49.0,-0.72
1597,00h 26m 37s,32.841,False,False,1.3318,34.4908,50.0168,-0.0168,-1.0108,-1.158,51.3384,33.48,50.0,0.0,-1.1439,-1.311,101.3253,32.3361,50.0167,-0.0167,-1.2778,-1.4639,151.3257,31.0583,,,49.0,-0.72
1598,00h 26m 38s,32.841,False,False,1.3318,34.4908,50.0168,-0.0168,-1.0108,-1.158,51.3384,33.48,50.0,0.0,-1.1439,-1.311,101.3253,32.3361,50.0167,-0.0167,-1.2778,-1.4639,151.3257,31.0583,,,49.0,-0.72
1599,00h 26m 39s,32.841,False,False,1.3318,34.4908,50.0168,-0.0168,-1.0108,-1.158,51.3384,33.48,50.0,0.0,-1.1439,-1.311,101.3253,32.3361,50.0167,-0.0167,-1.2778,-1.4639,151.3257,31.0583,,,49.0,-0.72
1600,00h 26m 40s,32.841,False,False,1.3318,34.4908,50.0168,-0.0168,-1.0108,-1.158,51.3384,33.48,50.0,0.0,-1.1439,-1.311,101.3253,32.3361,50.0167,-0.0167,-1.2778,-1.4639,151.3257,31.0583,,,49.0,-0.72
1601,00h 26m 41s,32.841,False,False,1.3318,34.4908,50.0168,-0.0168,-1.0108,-1.158,51.3384,33.48,50.0,0.0,-1.1439,-1.311,101.3253,32.3361,50.0167,-0.0167,-1.2778,-1.4639,151.3257,31.0583,,,49.0,-0.72
1602,00h 26m 42s,32.841,False,False,1.3318,34.4908,50.0168,-0.0168,-1.0108,-1.158,51.3384,33.48,50.0,0.0,-1.1439,-1.311,101.3253,32.3361,50.0167,-0.0167,-1.2778,-1.4639,151.3257,31.0583,,,49.0,-0.72
1603,00h 26m 43s,32.841,False,False,1.3318,34.4908,50.0168,-0.0168,-1.0108,-1.158,51.3384,33.48,50.0,0.0,-1.1439,-1.311,101.3253,32.3361,50.0167,-0.0167,-1.2778,-1.4639,151.3257,31.0583,,,49.0,-0.72
1604,00h 26m 44s,32.841,False,False,1.3318,34.4908,50.0168,-0.0168,-1.0108,-1.158,51.3384,33.48,50.0,0.0,-1.1439,-1.311,101.3253,32.3361,50.0167,-0.0167,-1.2778,-1.4639,151.3257,31.0583,,,49.0,-0.72
1605,00h 26m 45s,32.841,False,False,1.3318,34.4908,50.0168,-0.0168,-1.0108,-1.158,51.3384,33.48,50.0,0.0,-1.1439,-1.311,101.3253,32.3361,50.0167,-0.0167,-1.2778,-1.4639,151.3257,31.0583,,,49.0,-0.72
1606,00h 26m 46s,32.841,False,False,1.3318,34.4908,50.0168,-0.0168,-1.0108,-1.158,51.3384,33.48,50.0,0.0,-1.1439,-1.311,101.3253,32.3361,50.0167,-0.0167,-1.2778,-1.4639,151.3257,31.0583,,,49.0,-0.72
1607,00h 26m 47s,32.841,False,False,1.3318,34.4908,50.0168,-0.0168,-1.0108,-1.158,51.3384,33.48,50.0,0.0,-1.1439,-1.311,101.3253,32.3361,50.0167,-0.0167,-1.2778,-1.4639,151.3257,31.0583,,,49.0,-0.72
1608,00h 26m 48s,32.841,False,False,1.3318,34.4908,50.0168,-0.0168,-1.0108,-1.158,51.3384,33.48,50.0,0.0,-1.1439,-1.311,101.3253,32.3361,50.0167,-0.0167,-1.2778,-1.4639,151.3257,31.0583,,,49.0,-0.72
1609,00h 26m 49s,32.841,False,False,1.3318,34.4908,50.0168,-0.0168,-1.0108,-1.158,51.3384,33.48,50.0,0.0,-1.1439,-1.311,101.3253,32.3361,50.0167,-0.0167,-1.2778,-1.4639,151.3257,31.0583,,,49.0,-0.72
1610,00h 26m 50s,32.841,False,False,1.3318,34.4908,50.0168,-0.0168,-1.0108,-1.158,51.3384,33.48,50.0,0.0,-1.1439,-1.311,101.3253,32.3361,50.0167,-0.0167,-1.2778,-1.4639,151.3257,31.0583,,,49.0,-0.72
1611,00h 26m 51s,32.841,False,False,1.3318,34.4908,50.0168,-0.0168,-1.0108,-1.158,51.3384,33.48,50.0,0.0,-1.1439,-1.311,101.3253,32.3361,50.0167,-0.0167,-1.2778,-1.4639,151.3257,31.0583,,,49.0,-0.72
1612,00h 26m 52s,32.841,False,False,1.3318,34.4908,50.0168,-0.0168,-1.0108,-1.158,51.3384,33.48,50.0,0.0,-1.1439,-1.311,101.3253,32.3361,50.0167,-0.0167,-1.2778,-1.4639,151.3257,31.0583,,,49.0,-0.72
1613,00h 26m 53s,32.841,False,False,1.3318,34.4908,50.0168,-0.0168,-1.0108,-1.158,51.3384,33.48,50.0,0.0,-1.1439,-1.311,101.3253,32.3361,50.0167,-0.0167,-1.2778,-1.4639,151.3257,31.0583,,,49.0,-0.72
1614,00h 26m 54s,32.841,False,False,1.3318,34.4908,50.0168,-0.0168,-1.0108,-1.158,51.3384,33.48,50.0,0.0,-1.1439,-1.311,101.3253,32.3361,50.0167,-0.0167,-1.2778,-1.4639,151.3257,31.0583,,,49.0,-0.72
1615,00h 26m 55s,32.841,False,False,1.3318,34.4908,50.0168,-0.0168,-1.0108,-1.158,51.3384,33.48,50.0,0.0,-1.1439,-1.311,101.3253,32.3361,50.0167,-0.0167,-1.2778,-1.4639,151.3257,31.0583,,,49.0,-0.72
1616,00h 26m 56s,32.841,False,False,1.3318,34.4908,50.0168,-0.0168,-1.0108,-1.158,51.3384,33.48,50.0,0.0,-1.1439,-1.311,101.3253,32.3361,50.0167,-0.0167,-1.2778,-1.4639,151.3257,31.0583,,,49.0,-0.72
1617,00h 26m 57s,32.841,False,False,1.3318,34.4908,50.0168,-0.0168,-1.0108,-1.158,51.3384,33.48,50.0,0.0,-1.1439,-1.311,101.3253,32.3361,50.0167,-0.0167,-1.2778,-1.4639,151.3257,31.0583,,,49.0,-0.72
1618,00h 26m 58s,32.841,False,False,1.3318,34.4908,50.0168,-0.0168,-1.0108,-1.158,51.3384,33.48,50.0,0.0,-1.1439,-1.311,101.3253,32.3361,50.0167,-0.0167,-1.2778,-1.4639,151.3257,31.0583,,,49.0,-0.72
1619,00h 26m 59s,32.841,False,False,1.3318,34.4908,50.0168,-0.0168,-1.0108,-1.158,51.3384,33.48,50.0,0.0,-1.1439,-1.311,101.3253,32.3361,50.0167,-0.0167,-1.2778,-1.4639,151.3257,31.0583,,,49.0,-0.72
1620,00h 27m 00s,32.866,False,False,1.3329,34.5391,50.0168,-0.0168,-1.0593,-1.2136,51.3384,33.4798,50.0,0.0,-1.1435,-1.3105,101.3253,32.3363,50.0175,-0.0175,-1.2285,-1.4075,151.3278,31.1077,,,49.0,-0.72
1621,00h 27m 01s,32.89,False,False,1.3336,34.587,50.0171,-0.0171,-1.1074,-1.2686,51.3384,33.4796,50.0,0.0,-1.1431,-1.31,101.3253,32.3365,50.0182,-0.0182,-1.1797,-1.3515,151.3296,31.1568,,,49.0,-0.72
1622,00h 27m 02s,32.914,False,False,1.3348,34.6355,50.0169,-0.0169,-1.156,-1.3244,51.3384,33.4795,50.0,0.0,-1.1429,-1.3098,101.3253,32.3366,50.0177,-0.0177,-1.1306,-1.2953,151.3303,31.206,,,49.0,-0.72
1623,00h 27m 03s,32.939,False,False,1.3371,34.6839,50.0158,-0.0158,-1.2046,-1.3801,51.3384,33.4793,50.0,0.0,-1.1426,-1.3094,101.3253,32.3367,50.0171,-0.0171,-1.0814,-1.2388,151.3307,31.2554,,,49.0,-0.72
1624,00h 27m 04s,33.007,False,False,1.3379,34.7326,50.0173,-0.0173,-1.1666,-1.3365,51.3415,33.5661,50.0,0.0,-1.1425,-1.3093,101.3285,32.4236,50.0173,-0.0173,-1.1192,-1.2821,151.3332,31.3044,,,48.8,-0.72
1625,00h 27m 05s,33.075,False,False,1.3391,34.7814,50.017,-0.017,-1.1284,-1.2927,51.3434,33.653,50.0,0.0,-1.1423,-1.3091,101.3303,32.5106,50.017,-0.017,-1.157,-1.3255,151.3339,31.3536,,,47.3,-0.85
1626,00h 27m 06s,33.142,False,False,1.3406,34.8301,50.017,-0.017,-1.0907,-1.2495,51.3456,33.7395,50.0,0.0,-1.1422,-1.309,101.3326,32.5973,50.0169,-0.0169,-1.1945,-1.3684,151.3353,31.4028,,,46.2,-0.85
1627,00h 27m 07s,33.21,False,False,1.3413,34.8789,50.0168,-0.0168,-1.0528,-1.2061,51.3471,33.8262,50.0,0.0,-1.142,-1.3088,101.334,32.6841,50.0168,-0.0168,-1.2321,-1.4115,151.3356,31.4521,,,44.3,-0.85
1628,00h 27m 08s,33.278,False,False,1.3429,34.9277,50.0164,-0.0164,-1.0151,-1.163,51.349,33.9126,50.0,0.0,-1.1419,-1.3086,101.336,32.7707,50.0163,-0.0163,-1.2694,-1.4543,151.3362,31.5013,,,42.9,-0.85
1629,00h 27m 09s,33.346,False,False,1.344,34.9763,50.0168,-0.0168,-0.9771,-1.1194,51.3513,33.9992,50.0,0.0,-1.1416,-1.3083,101.3383,32.8576,50.0168,-0.0168,-1.3068,-1.4972,151.338,31.5508,,,41.9,-0.85
1630,00h 27m 10s,33.37,False,False,1.3444,35.0251,50.0174,-0.0174,-1.026,-1.1754,51.3513,33.9991,50.0,0.0,-1.1414,-1.3081,101.3383,32.8577,50.0161,-0.0161,-1.2576,-1.4407,151.3385,31.6001,,,41.9,-0.85
1631,00h 27m 11s,33.395,False,False,1.3455,35.0739,50.0174,-0.0174,-1.0749,-1.2314,51.3513,33.999,50.0,0.0,-1.1413,-1.3079,101.3383,32.8578,50.0154,-0.0154,-1.2083,-1.3843,151.3391,31.6494,,,41.9,-0.85
1632,00h 27m 12s,33.42,False,False,1.3452,35.1227,50.0187,-0.0187,-1.1238,-1.2874,51.3513,33.9989,50.0,0.0,-1.141,-1.3076,101.3383,32.8579,50.0155,-0.0155,-1.159,-1.3278,151.3404,31.6989,,,41.9,-0.85
1633,00h 27m 13s,33.444,False,False,1.3461,35.1712,50.0189,-0.0189,-1.1724,-1.3431,51.3513,33.9988,50.0,0.0,-1.1408,-1.3074,101.3383,32.858,50.0152,-0.0152,-1.11,-1.2716,151.3412,31.748,,,41.9,-0.85
1634,00h 27m 14s,33.469,False,False,1.3476,35.22,50.0186,-0.0186,-1.2213,-1.3991,51.3513,33.9987,50.0,0.0,-1.1406,-1.3071,101.3383,32.8581,50.0158,-0.0158,-1.0607,-1.2151,151.3429,31.7974,,,41.9,-0.85
1635,00h 27m 15s,33.536,False,False,1.3487,35.2683,50.0168,-0.0168,-1.1831,-1.3554,51.3515,34.0851,50.0,0.0,-1.1402,-1.3067,101.3385,32.9449,50.0168,-0.0168,-1.0981,-1.258,151.3432,31.8469,,,38.8,-0.85
1636,00h 27m 16s,33.604,False,False,1.3495,35.3168,50.0167,-0.0167,-1.145,-1.3117,51.3531,34.1719,50.0,0.0,-1.14,-1.3064,101.3401,33.0319,50.0167,-0.0167,-1.1357,-1.3011,151.3439,31.8962,,,37.1,-1.13
1637,00h 27m 17s,33.672,False,False,1.3512,35.3647,50.0165,-0.0165,-1.1064,-1.2675,51.3555,34.2584,50.0,0.0,-1.1395,-1.3059,101.3425,33.1188,50.0165,-0.0165,-1.1735,-1.3444,151.3453,31.9454,,,36.2,-1.13
1638,00h 27m 18s,33.74,False,False,1.3531,35.4127,50.0162,-0.0162,-1.0678,-1.2233,51.3579,34.3449,50.0,0.0,-1.1391,-1.3054,101.3449,33.2058,50.0161,-0.0161,-1.2111,-1.3875,151.3463,31.9947,,,35.2,-1.13
1639,00h 27m 19s,33.807,False,False,1.3541,35.4606,50.0162,-0.0162,-1.0293,-1.1792,51.3597,34.4313,50.0,0.0,-1.1386,-1.3049,101.3468,33.2926,50.0161,-0.0161,-1.2487,-1.4306,151.3473,32.0439,,,33.8,-1.13
1640,00h 27m 20s,33.875,False,False,1.3557,35.509,50.016,-0.016,-0.9912,-1.1355,51.3619,34.5179,50.0,0.0,-1.1383,-1.3045,101.349,33.3795,50.0159,-0.0159,-1.2862,-1.4735,151.3484,32.0934,,,32.6,-1.13
1641,00h 27m 21s,33.943,False,False,1.356,35.5579,50.0166,-0.0166,-0.9533,-1.0921,51.3636,34.6046,50.0,0.0,-1.1383,-1.3045,101.3506,33.4663,50.0166,-0.0166,-1.3239,-1.5168,151.3496,32.1424,,,31.0,-1.13
1642,00h 27m 22s,33.967,False,False,1.3571,35.6061,50.0165,-0.0165,-1.0018,-1.1476,51.3636,34.6044,50.0,0.0,-1.1378,-1.304,101.3506,33.4665,50.0165,-0.0165,-1.2747,-1.4603,151.3509,32.1918,,,31.0,-1.13
1643,00h 27m 23s,33.992,False,False,1.3576,35.655,50.017,-0.017,-1.0507,-1.2037,51.3636,34.6043,50.0,0.0,-1.1377,-1.3038,101.3506,33.4666,50.0166,-0.0166,-1.2254,-1.4038,151.3522,32.2413,,,31.0,-1.13
1644,00h 27m 24s,34.016,False,False,1.3592,35.7031,50.0165,-0.0165,-1.0989,-1.259,51.3636,34.6041,50.0,0.0,-1.1373,-1.3034,101.3506,33.4668,50.0173,-0.0173,-1.1765,-1.3478,151.3541,32.2903,,,31.0,-1.13
1645,00h 27m 25s,34.04,False,False,1.3599,35.7512,50.0168,-0.0168,-1.1473,-1.3143,51.3636,34.6039,50.0,0.0,-1.1369,-1.3029,101.3506,33.467,50.0159,-0.0159,-1.1273,-1.2914,151.3538,32.3397,,,31.0,-1.13
1646,00h 27m 26s,34.065,False,False,1.3606,35.7997,50.0172,-0.0172,-1.1959,-1.37,51.3636,34.6038,50.0,0.0,-1.1367,-1.3026,101.3506,33.4671,50.0166,-0.0166,-1.0782,-1.2352,151.3556,32.3889,,,31.0,-1.13
1647,00h 27m 27s,34.133,False,False,1.3621,35.8481,50.0166,-0.0166,-1.1579,-1.3265,51.3653,34.6903,50.0,0.0,-1.1364,-1.3023,101.3523,33.5539,50.0166,-0.0166,-1.1156,-1.2781,151.3565,32.4383,,,29.3,-0.85
1648,00h 27m 28s,34.2,False,False,1.3638,35.8968,50.0162,-0.0162,-1.12,-1.2831,51.3675,34.7768,50.0,0.0,-1.1361,-1.302,101.3546,33.6407,50.0162,-0.0162,-1.153,-1.3209,151.3575,32.4877,,,28.2,-0.85
1649,00h 27m 29s,34.268,False,False,1.3653,35.9453,50.016,-0.016,-1.0816,-1.2392,51.3696,34.8636,50.0,0.0,-1.1359,-1.3018,101.3567,33.7277,50.016,-0.016,-1.1909,-1.3644,151.3586,32.5368,,,27.1,-0.85
1650,00h 27m 30s,34.312,False,False,1.3653,35.9453,50.0162,-0.0162,-0.9949,-1.1398,51.3716,34.9503,50.0,0.0,-1.1359,-1.3018,101.3587,33.8144,50.0162,-0.0162,-1.2776,-1.4637,151.3586,32.5368,,,25.7,-0.85
1651,00h 27m 31s,34.312,False,False,1.3653,35.9453,50.0162,-0.0162,-0.9949,-1.1398,51.3716,34.9503,50.0,0.0,-1.1359,-1.3018,101.3587,33.8144,50.0162,-0.0162,-1.2776,-1.4637,151.3586,32.5368,,,25.7,-0.85
1652,00h 27m 32s,34.312,False,False,1.3653,35.9453,50.0162,-0.0162,-0.9949,-1.1398,51.3716,34.9503,50.0,0.0,-1.1359,-1.3018,101.3587,33.8144,50.0162,-0.0162,-1.2776,-1.4637,151.3586,32.5368,,,25.7,-0.85
1653,00h 27m 33s,34.312,False,False,1.3653,35.9453,50.0162,-0.0162,-0.9949,-1.1398,51.3716,34.9503,50.0,0.0,-1.1359,-1.3018,101.3587,33.8144,50.0162,-0.0162,-1.2776,-1.4637,151.3586,32.5368,,,25.7,-0.85
1654,00h 27m 34s,34.312,False,False,1.3653,35.9453,50.0162,-0.0162,-0.9949,-1.1398,51.3716,34.9503,50.0,0.0,-1.1359,-1.3018,101.3587,33.8144,50.0162,-0.0162,-1.2776,-1.4637,151.3586,32.5368,,,25.7,-0.85
1655,00h 27m 35s,34.312,False,False,1.3653,35.9453,50.0162,-0.0162,-0.9949,-1.1398,51.3716,34.9503,50.0,0.0,-1.1359,-1.3018,101.3587,33.8144,50.0162,-0.0162,-1.2776,-1.4637,151.3586,32.5368,,,25.7,-0.85
1656,00h 27m 36s,34.312,False,False,1.3653,35.9453,50.0162,-0.0162,-0.9949,-1.1398,51.3716,34.9503,50.0,0.0,-1.1359,-1.3018,101.3587,33.8144,50.0162,-0.0162,-1.2776,-1.4637,151.3586,32.5368,,,25.7,-0.85
1657,00h 27m 37s,34.312,False,False,1.3653,35.9453,50.0162,-0.0162,-0.9949,-1.1398,51.3716,34.9503,50.0,0.0,-1.1359,-1.3018,101.3587,33.8144,50.0162,-0.0162,-1.2776,-1.4637,151.3586,32.5368,,,25.7,-0.85
1658,00h 27m 38s,34.312,False,False,1.3653,35.9453,50.0162,-0.0162,-0.9949,-1.1398,51.3716,34.9503,50.0,0.0,-1.1359,-1.3018,101.3587,33.8144,50.0162,-0.0162,-1.2776,-1.4637,151.3586,32.5368,,,25.7,-0.85
1659,00h 27m 39s,34.312,False,False,1.3653,35.9453,50.0162,-0.0162,-0.9949,-1.1398,51.3716,34.9503,50.0,0.0,-1.1359,-1.3018,101.3587,33.8144,50.0162,-0.0162,-1.2776,-1.4637,151.3586,32.5368,,,25.7,-0.85
1660,00h 27m 40s,34.312,False,False,1.3653,35.9453,50.0162,-0.0162,-0.9949,-1.1398,51.3716,34.9503,50.0,0.0,-1.1359,-1.3018,101.3587,33.8144,50.0162,-0.0162,-1.2776,-1.4637,151.3586,32.5368,,,25.7,-0.85
1661,00h 27m 41s,34.312,False,False,1.3653,35.9453,50.0162,-0.0162,-0.9949,-1.1398,51.3716,34.9503,50.0,0.0,-1.1359,-1.3018,101.3587,33.8144,50.0162,-0.0162,-1.2776,-1.4637,151.3586,32.5368,,,25.7,-0.85
1662,00h 27m 42s,34.312,False,False,1.3653,35.9453,50.0162,-0.0162,-0.9949,-1.1398,51.3716,34.9503,50.0,0.0,-1.1359,-1.3018,101.3587,33.8144,50.0162,-0.0162,-1.2776,-1.4637,151.3586,32.5368,,,25.7,-0.85
1663,00h 27m 43s,34.312,False,False,1.3653,35.9453,50.0162,-0.0162,-0.9949,-1.1398,51.3716,34.9503,50.0,0.0,-1.1359,-1.3018,101.3587,33.8144,50.0162,-0.0162,-1.2776,-1.4637,151.3586,32.5368,,,25.7,-0.85
1664,00h 27m 44s,34.312,False,False,1.3653,35.9453,50.0162,-0.0162,-0.9949,-1.1398,51.3716,34.9503,50.0,0.0,-1.1359,-1.3018,101.3587,33.8144,50.0162,-0.0162,-1.2776,-1.4637,151.3586,32.5368,,,25.7,-0.85
1665,00h 27m 45s,34.312,False,False,1.3653,35.9453,50.0162,-0.0162,-0.9949,-1.1398,51.3716,34.9503,50.0,0.0,-1.1359,-1.3018,101.3587,33.8144,50.0162,-0.0162,-1.2776,-1.4637,151.3586,32.5368,,,25.7,-0.85
1666,00h 27m 46s,34.312,False,False,1.3653,35.9453,50.0162,-0.0162,-0.9949,-1.1398,51.3716,34.9503,50.0,0.0,-1.1359,-1.3018,101.3587,33.8144,50.0162,-0.0162,-1.2776,-1.4637,151.3586,32.5368,,,25.7,-0.85
1667,00h 27m 47s,34.312,False,False,1.3653,35.9453,50.0162,-0.0162,-0.9949,-1.1398,51.3716,34.9503,50.0,0.0,-1.1359,-1.3018,101.3587,33.8144,50.0162,-0.0162,-1.2776,-1.4637,151.3586,32.5368,,,25.7,-0.85
1668,00h 27m 48s,34.312,False,False,1.3653,35.9453,50.0162,-0.0162,-0.9949,-1.1398,51.3716,34.9503,50.0,0.0,-1.1359,-1.3018,101.3587,33.8144,50.0162,-0.0162,-1.2776,-1.4637,151.3586,32.5368,,,25.7,-0.85
1669,00h 27m 49s,34.312,False,False,1.3653,35.9453,50.0162,-0.0162,-0.9949,-1.1398,51.3716,34.9503,50.0,0.0,-1.1359,-1.3018,101.3587,33.8144,50.0162,-0.0162,-1.2776,-1.4637,151.3586,32.5368,,,25.7,-0.85
1670,00h 27m 50s,34.312,False,False,1.3653,35.9453,50.0162,-0.0162,-0.9949,-1.1398,51.3716,34.9503,50.0,0.0,-1.1359,-1.3018,101.3587,33.8144,50.0162,-0.0162,-1.2776,-1.4637,151.3586,32.5368,,,25.7,-0.85
1671,00h 27m 51s,34.312,False,False,1.3653,35.9453,50.0162,-0.0162,-0.9949,-1.1398,51.3716,34.9503,50.0,0.0,-1.1359,-1.3018,101.3587,33.8144,50.0162,-0.0162,-1.2776,-1.4637,151.3586,32.5368,,,25.7,-0.85
1672,00h 27m 52s,34.312,False,False,1.3653,35.9453,50.0162,-0.0162,-0.9949,-1.1398,51.3716,34.9503,50.0,0.0,-1.1359,-1.3018,101.3587,33.8144,50.0162,-0.0162,-1.2776,-1.4637,151.3586,32.5368,,,25.7,-0.85
1673,00h 27m 53s,34.312,False,False,1.3653,35.9453,50.0162,-0.0162,-0.9949,-1.1398,51.3716,34.9503,50.0,0.0,-1.1359,-1.3018,101.3587,33.8144,50.0162,-0.0162,-1.2776,-1.4637,151.3586,32.5368,,,25.7,-0.85
1674,00h 27m 54s,34.312,False,False,1.3653,35.9453,50.0162,-0.0162,-0.9949,-1.1398,51.3716,34.9503,50.0,0.0,-1.1359,-1.3018,101.3587,33.8144,50.0162,-0.0162,-1.2776,-1.4637,151.3586,32.5368,,,25.7,-0.85
1675,00h 27m 55s,34.312,False,False,1.3653,35.9453,50.0162,-0.0162,-0.9949,-1.1398,51.3716,34.9503,50.0,0.0,-1.1359,-1.3018,101.3587,33.8144,50.0162,-0.0162,-1.2776,-1.4637,151.3586,32.5368,,,25.7,-0.85
1676,00h 27m 56s,34.312,False,False,1.3653,35.9453,50.0162,-0.0162,-0.9949,-1.1398,51.3716,34.9503,50.0,0.0,-1.1359,-1.3018,101.3587,33.8144,50.0162,-0.0162,-1.2776,-1.4637,151.3586,32.5368,,,25.7,-0.85
1677,00h 27m 57s,34.312,False,False,1.3653,35.9453,50.0162,-0.0162,-0.9949,-1.1398,51.3716,34.9503,50.0,0.0,-1.1359,-1.3018,101.3587,33.8144,50.0162,-0.0162,-1.2776,-1.4637,151.3586,32.5368,,,25.7,-0.85
1678,00h 27m 58s,34.312,False,False,1.3653,35.9453,50.0162,-0.0162,-0.9949,-1.1398,51.3716,34.9503,50.0,0.0,-1.1359,-1.3018,101.3587,33.8144,50.0162,-0.0162,-1.2776,-1.4637,151.3586,32.5368,,,25.7,-0.85
1679,00h 27m 59s,34.312,False,False,1.3653,35.9453,50.0162,-0.0162,-0.9949,-1.1398,51.3716,34.9503,50.0,0.0,-1.1359,-1.3018,101.3587,33.8144,50.0162,-0.0162,-1.2776,-1.4637,151.3586,32.5368,,,25.7,-0.85
1680,00h 28m 00s,34.336,False,False,1.3662,35.993,50.0163,-0.0163,-1.043,-1.1949,51.3716,34.9501,50.0,0.0,-1.1354,-1.3012,101.3587,33.8147,50.016,-0.016,-1.2285,-1.4075,151.3597,32.5861,,,25.7,-0.85
1681,00h 28m 01s,34.36,False,False,1.3688,36.0409,50.0147,-0.0147,-1.091,-1.2499,51.3716,34.9499,50.0,0.0,-1.135,-1.3007,101.3587,33.8149,50.0164,-0.0164,-1.1797,-1.3515,151.3612,32.6352,,,25.8,-0.85
1682,00h 28m 02s,34.385,False,False,1.3703,36.089,50.0143,-0.0143,-1.1393,-1.3052,51.3716,34.9497,50.0,0.0,-1.1346,-1.3003,101.3587,33.8151,50.0168,-0.0168,-1.1307,-1.2954,151.3628,32.6843,,,25.8,-0.85
1683,00h 28m 03s,34.409,False,False,1.3711,36.1375,50.0146,-0.0146,-1.188,-1.361,51.3716,34.9496,50.0,0.0,-1.1344,-1.3,101.3587,33.8152,50.0168,-0.0168,-1.0815,-1.239,151.3638,32.7337,,,25.8,-0.85
1684,00h 28m 04s,34.477,False,False,1.3711,36.1863,50.0162,-0.0162,-1.1498,-1.3173,51.374,35.0365,50.0,0.0,-1.1343,-1.2999,101.3612,33.9022,50.0162,-0.0162,-1.1195,-1.2825,151.3648,32.7827,,,24.8,-0.85
1685,00h 28m 05s,34.545,False,False,1.3719,36.2348,50.0164,-0.0164,-1.1117,-1.2736,51.3759,35.1232,50.0,0.0,-1.134,-1.2996,101.3631,33.9892,50.0164,-0.0164,-1.157,-1.3256,151.366,32.8321,,,23.4,-0.85
1686,00h 28m 06s,34.613,False,False,1.3726,36.2834,50.0161,-0.0161,-1.0736,-1.2299,51.3772,35.2098,50.0,0.0,-1.1337,-1.2992,101.3643,34.0761,50.016,-0.016,-1.1945,-1.3685,151.3661,32.8816,,,21.3,-0.89
1687,00h 28m 07s,34.681,False,False,1.3731,36.3321,50.0162,-0.0162,-1.0357,-1.1865,51.3786,35.2963,50.0,0.0,-1.1335,-1.299,101.3657,34.1629,50.0162,-0.0162,-1.232,-1.4114,151.3667,32.9309,,,19.4,-0.89
1688,00h 28m 08s,34.748,False,False,1.374,36.3806,50.0164,-0.0164,-0.9975,-1.1427,51.3805,35.3831,50.0,0.0,-1.1333,-1.2988,101.3676,34.2498,50.0164,-0.0164,-1.2698,-1.4548,151.3679,32.98,,,18.0,-0.89
1689,00h 28m 09s,34.816,False,False,1.3751,36.4291,50.0164,-0.0164,-0.9595,-1.0992,51.3823,35.4696,50.0,0.0,-1.133,-1.2984,101.3695,34.3367,50.0164,-0.0164,-1.3072,-1.4977,151.3687,33.0294,,,16.5,-0.89
1690,00h 28m 10s,34.841,False,False,1.376,36.4771,50.0165,-0.0165,-1.0076,-1.1544,51.3823,35.4694,50.0,0.0,-1.1325,-1.2979,101.3695,34.3369,50.0157,-0.0157,-1.2581,-1.4414,151.3694,33.0788,,,16.5,-0.89
1691,00h 28m 11s,34.865,False,False,1.3776,36.5251,50.0158,-0.0158,-1.0559,-1.2097,51.3823,35.4692,50.0,0.0,-1.1321,-1.2974,101.3695,34.3371,50.0169,-0.0169,-1.2091,-1.3852,151.3717,33.128,,,16.5,-0.89
1692,00h 28m 12s,34.889,False,False,1.379,36.5734,50.0155,-0.0155,-1.1043,-1.2652,51.3823,35.4691,50.0,0.0,-1.1319,-1.2971,101.3695,34.3372,50.0169,-0.0169,-1.1601,-1.329,151.3729,33.1771,,,16.5,-0.89
1693,00h 28m 13s,34.914,False,False,1.3792,36.6218,50.0164,-0.0164,-1.1528,-1.3207,51.3823,35.469,50.0,0.0,-1.1316,-1.2968,101.3695,34.3373,50.0182,-0.0182,-1.1112,-1.273,151.3753,33.2261,,,16.5,-0.89
1694,00h 28m 14s,34.938,False,False,1.3797,36.6706,50.017,-0.017,-1.2018,-1.3768,51.3823,35.4689,50.0,0.0,-1.1314,-1.2966,101.3695,34.3374,50.0173,-0.0173,-1.0619,-1.2165,151.3755,33.2756,,,16.5,-0.89
1695,00h 28m 15s,35.006,False,False,1.3809,36.7192,50.0167,-0.0167,-1.1639,-1.3334,51.384,35.5553,50.0,0.0,-1.1312,-1.2964,101.3713,34.4241,50.0167,-0.0167,-1.0993,-1.2594,151.3759,33.3249,,,14.9,-0.89
1696,00h 28m 16s,35.074,False,False,1.3818,36.7674,50.0166,-0.0166,-1.1255,-1.2894,51.3857,35.6419,50.0,0.0,-1.1309,-1.296,101.3729,34.511,50.0166,-0.0166,-1.137,-1.3026,151.3766,33.374,,,13.3,-0.89
1697,00h 28m 17s,35.141,False,False,1.3837,36.8153,50.0162,-0.0162,-1.0869,-1.2452,51.3881,35.7283,50.0,0.0,-1.1304,-1.2955,101.3753,34.5979,50.0162,-0.0162,-1.1747,-1.3457,151.3777,33.4233,,,12.3,-0.99
1698,00h 28m 18s,35.209,False,False,1.3842,36.8636,50.0167,-0.0167,-1.0489,-1.2016,51.3899,35.8148,50.0,0.0,-1.1301,-1.2952,101.3771,34.6846,50.0166,-0.0166,-1.2122,-1.3887,151.379,33.4724,,,10.8,-0.99
1699,00h 28m 19s,35.277,False,False,1.3846,36.9123,50.0173,-0.0173,-1.0107,-1.1579,51.3916,35.9016,50.0,0.0,-1.1299,-1.2949,101.3789,34.7717,50.0172,-0.0172,-1.2499,-1.4319,151.3805,33.5218,,,9.2,-0.99
1700,00h 28m 20s,35.345,False,False,1.3861,36.9606,50.0178,-0.0178,-0.9725,-1.114,51.3944,35.9881,50.0,0.0,-1.1296,-1.2945,101.3816,34.8585,50.0177,-0.0177,-1.2876,-1.4751,151.3827,33.5709,,,8.6,-0.99
1701,00h 28m 21s,35.369,False,False,1.3867,37.0087,50.0181,-0.0181,-1.0208,-1.1694,51.3944,35.9879,50.0,0.0,-1.1292,-1.2941,101.3816,34.8587,50.018,-0.018,-1.2384,-1.4188,151.3842,33.6203,,,8.6,-0.99
1702,00h 28m 22s,35.393,False,False,1.3879,37.057,50.0179,-0.0179,-1.0692,-1.2249,51.3944,35.9878,50.0,0.0,-1.1289,-1.2937,101.3816,34.8588,50.0183,-0.0183,-1.1894,-1.3626,151.3857,33.6694,,,8.6,-0.99
1703,00h 28m 23s,35.418,False,False,1.3883,37.1054,50.0185,-0.0185,-1.1178,-1.2805,51.3944,35.9876,50.0,0.0,-1.1286,-1.2934,101.3816,34.859,50.0188,-0.0188,-1.1402,-1.3062,151.3874,33.7188,,,8.6,-0.99
1704,00h 28m 24s,35.442,False,False,1.3886,37.1543,50.0193,-0.0193,-1.1668,-1.3366,51.3943,35.9876,50.0,0.0,-1.1285,-1.2933,101.3816,34.859,50.018,-0.018,-1.0911,-1.25,151.3877,33.7679,,,8.6,-0.99
1705,00h 28m 25s,35.467,False,False,1.39,37.2031,50.0191,-0.0191,-1.2156,-1.3925,51.3943,35.9875,50.0,0.0,-1.1284,-1.2932,101.3816,34.8591,50.0175,-0.0175,-1.0421,-1.1938,151.3883,33.817,,,8.6,-0.99
1706,00h 28m 26s,35.534,False,False,1.3916,37.2512,50.0179,-0.0179,-1.1772,-1.3486,51.3957,36.074,50.0,0.0,-1.128,-1.2927,101.3829,34.9461,50.0179,-0.0179,-1.0796,-1.2368,151.3892,33.8665,,,6.6,-0.99
1707,00h 28m 27s,35.602,False,False,1.3932,37.2992,50.0179,-0.0179,-1.1385,-1.3043,51.3981,36.1608,50.0,0.0,-1.1275,-1.2921,101.3854,35.0332,50.0179,-0.0179,-1.1173,-1.28,151.3908,33.9159,,,5.7,-0.99
1708,00h 28m 28s,35.67,False,False,1.394,37.3475,50.0183,-0.0183,-1.1001,-1.2603,51.4002,36.2474,50.0,0.0,-1.1272,-1.2918,101.3874,35.1202,50.0183,-0.0183,-1.155,-1.3232,151.3924,33.9652,,,4.5,-0.87
1709,00h 28m 29s,35.738,False,False,1.3956,37.3956,50.0182,-0.0182,-1.0616,-1.2162,51.4025,36.334,50.0,0.0,-1.1268,-1.2913,101.3898,35.2072,50.0182,-0.0182,-1.1928,-1.3665,151.3938,34.0144,,,3.5,-0.87
1710,00h 28m 30s,35.781,False,False,1.3956,37.3956,50.0184,-0.0184,-0.975,-1.1169,51.4045,36.4206,50.0,0.0,-1.1268,-1.2913,101.3918,35.2938,50.0183,-0.0183,-1.2794,-1.4657,151.3938,34.0144,,,2.2,-0.87
1711,00h 28m 31s,35.781,False,False,1.3956,37.3956,50.0184,-0.0184,-0.975,-1.1169,51.4045,36.4206,50.0,0.0,-1.1268,-1.2913,101.3918,35.2938,50.0183,-0.0183,-1.2794,-1.4657,151.3938,34.0144,,,2.2,-0.87
1712,00h 28m 32s,35.781,False,False,1.3956,37.3956,50.0184,-0.0184,-0.975,-1.1169,51.4045,36.4206,50.0,0.0,-1.1268,-1.2913,101.3918,35.2938,50.0183,-0.0183,-1.2794,-1.4657,151.3938,34.0144,,,2.2,-0.87
1713,00h 28m 33s,35.781,False,False,1.3956,37.3956,50.0184,-0.0184,-0.975,-1.1169,51.4045,36.4206,50.0,0.0,-1.1268,-1.2913,101.3918,35.2938,50.0183,-0.0183,-1.2794,-1.4657,151.3938,34.0144,,,2.2,-0.87
1714,00h 28m 34s,35.781,False,False,1.3956,37.3956,50.0184,-0.0184,-0.975,-1.1169,51.4045,36.4206,50.0,0.0,-1.1268,-1.2913,101.3918,35.2938,50.0183,-0.0183,-1.2794,-1.4657,151.3938,34.0144,,,2.2,-0.87
1715,00h 28m 35s,35.781,False,False,1.3956,37.3956,50.0184,-0.0184,-0.975,-1.1169,51.4045,36.4206,50.0,0.0,-1.1268,-1.2913,101.3918,35.2938,50.0183,-0.0183,-1.2794,-1.4657,151.3938,34.0144,,,2.2,-0.87
1716,00h 28m 36s,35.781,False,False,1.3956,37.3956,50.0184,-0.0184,-0.975,-1.1169,51.4045,36.4206,50.0,0.0,-1.1268,-1.2913,101.3918,35.2938,50.0183,-0.0183,-1.2794,-1.4657,151.3938,34.0144,,,2.2,-0.87
1717,00h 28m 37s,35.781,False,False,1.3956,37.3956,50.0184,-0.0184,-0.975,-1.1169,51.4045,36.4206,50.0,0.0,-1.1268,-1.2913,101.3918,35.2938,50.0183,-0.0183,-1.2794,-1.4657,151.3938,34.0144,,,2.2,-0.87
1718,00h 28m 38s,35.781,False,False,1.3956,37.3956,50.0184,-0.0184,-0.975,-1.1169,51.4045,36.4206,50.0,0.0,-1.1268,-1.2913,101.3918,35.2938,50.0183,-0.0183,-1.2794,-1.4657,151.3938,34.0144,,,2.2,-0.87
1719,00h 28m 39s,35.781,False,False,1.3956,37.3956,50.0184,-0.0184,-0.975,-1.1169,51.4045,36.4206,50.0,0.0,-1.1268,-1.2913,101.3918,35.2938,50.0183,-0.0183,-1.2794,-1.4657,151.3938,34.0144,,,2.2,-0.87
1720,00h 28m 40s,35.781,False,False,1.3956,37.3956,50.0184,-0.0184,-0.975,-1.1169,51.4045,36.4206,50.0,0.0,-1.1268,-1.2913,101.3918,35.2938,50.0183,-0.0183,-1.2794,-1.4657,151.3938,34.0144,,,2.2,-0.87
1721,00h 28m 41s,35.781,False,False,1.3956,37.3956,50.0184,-0.0184,-0.975,-1.1169,51.4045,36.4206,50.0,0.0,-1.1268,-1.2913,101.3918,35.2938,50.0183,-0.0183,-1.2794,-1.4657,151.3938,34.0144,,,2.2,-0.87
1722,00h 28m 42s,35.781,False,False,1.3956,37.3956,50.0184,-0.0184,-0.975,-1.1169,51.4045,36.4206,50.0,0.0,-1.1268,-1.2913,101.3918,35.2938,50.0183,-0.0183,-1.2794,-1.4657,151.3938,34.0144,,,2.2,-0.87
1723,00h 28m 43s,35.781,False,False,1.3956,37.3956,50.0184,-0.0184,-0.975,-1.1169,51.4045,36.4206,50.0,0.0,-1.1268,-1.2913,101.3918,35.2938,50.0183,-0.0183,-1.2794,-1.4657,151.3938,34.0144,,,2.2,-0.87
1724,00h 28m 44s,35.781,False,False,1.3956,37.3956,50.0184,-0.0184,-0.975,-1.1169,51.4045,36.4206,50.0,0.0,-1.1268,-1.2913,101.3918,35.2938,50.0183,-0.0183,-1.2794,-1.4657,151.3938,34.0144,,,2.2,-0.87
1725,00h 28m 45s,35.781,False,False,1.3956,37.3956,50.0184,-0.0184,-0.975,-1.1169,51.4045,36.4206,50.0,0.0,-1.1268,-1.2913,101.3918,35.2938,50.0183,-0.0183,-1.2794,-1.4657,151.3938,34.0144,,,2.2,-0.87
1726,00h 28m 46s,35.781,False,False,1.3956,37.3956,50.0184,-0.0184,-0.975,-1.1169,51.4045,36.4206,50.0,0.0,-1.1268,-1.2913,101.3918,35.2938,50.0183,-0.0183,-1.2794,-1.4657,151.3938,34.0144,,,2.2,-0.87
1727,00h 28m 47s,35.781,False,False,1.3956,37.3956,50.0184,-0.0184,-0.975,-1.1169,51.4045,36.4206,50.0,0.0,-1.1268,-1.2913,101.3918,35.2938,50.0183,-0.0183,-1.2794,-1.4657,151.3938,34.0144,,,2.2,-0.87
1728,00h 28m 48s,35.781,False,False,1.3956,37.3956,50.0184,-0.0184,-0.975,-1.1169,51.4045,36.4206,50.0,0.0,-1.1268,-1.2913,101.3918,35.2938,50.0183,-0.0183,-1.2794,-1.4657,151.3938,34.0144,,,2.2,-0.87
1729,00h 28m 49s,35.781,False,False,1.3956,37.3956,50.0184,-0.0184,-0.975,-1.1169,51.4045,36.4206,50.0,0.0,-1.1268,-1.2913,101.3918,35.2938,50.0183,-0.0183,-1.2794,-1.4657,151.3938,34.0144,,,2.2,-0.87
1730,00h 28m 50s,35.781,False,False,1.3956,37.3956,50.0184,-0.0184,-0.975,-1.1169,51.4045,36.4206,50.0,0.0,-1.1268,-1.2913,101.3918,35.2938,50.0183,-0.0183,-1.2794,-1.4657,151.3938,34.0144,,,2.2,-0.87
1731,00h 28m 51s,35.781,False,False,1.3956,37.3956,50.0184,-0.0184,-0.975,-1.1169,51.4045,36.4206,50.0,0.0,-1.1268,-1.2913,101.3918,35.2938,50.0183,-0.0183,-1.2794,-1.4657,151.3938,34.0144,,,2.2,-0.87
1732,00h 28m 52s,35.781,False,False,1.3956,37.3956,50.0184,-0.0184,-0.975,-1.1169,51.4045,36.4206,50.0,0.0,-1.1268,-1.2913,101.3918,35.2938,50.0183,-0.0183,-1.2794,-1.4657,151.3938,34.0144,,,2.2,-0.87
1733,00h 28m 53s,35.781,False,False,1.3956,37.3956,50.0184,-0.0184,-0.975,-1.1169,51.4045,36.4206,50.0,0.0,-1.1268,-1.2913,101.3918,35.2938,50.0183,-0.0183,-1.2794,-1.4657,151.3938,34.0144,,,2.2,-0.87
1734,00h 28m 54s,35.781,False,False,1.3956,37.3956,50.0184,-0.0184,-0.975,-1.1169,51.4045,36.4206,50.0,0.0,-1.1268,-1.2913,101.3918,35.2938,50.0183,-0.0183,-1.2794,-1.4657,151.3938,34.0144,,,2.2,-0.87
1735,00h 28m 55s,35.781,False,False,1.3956,37.3956,50.0184,-0.0184,-0.975,-1.1169,51.4045,36.4206,50.0,0.0,-1.1268,-1.2913,101.3918,35.2938,50.0183,-0.0183,-1.2794,-1.4657,151.3938,34.0144,,,2.2,-0.87
1736,00h 28m 56s,35.781,False,False,1.3956,37.3956,50.0184,-0.0184,-0.975,-1.1169,51.4045,36.4206,50.0,0.0,-1.1268,-1.2913,101.3918,35.2938,50.0183,-0.0183,-1.2794,-1.4657,151.3938,34.0144,,,2.2,-0.87
1737,00h 28m 57s,35.781,False,False,1.3956,37.3956,50.0184,-0.0184,-0.975,-1.1169,51.4045,36.4206,50.0,0.0,-1.1268,-1.2913,101.3918,35.2938,50.0183,-0.0183,-1.2794,-1.4657,151.3938,34.0144,,,2.2,-0.87
1738,00h 28m 58s,35.781,False,False,1.3956,37.3956,50.0184,-0.0184,-0.975,-1.1169,51.4045,36.4206,50.0,0.0,-1.1268,-1.2913,101.3918,35.2938,50.0183,-0.0183,-1.2794,-1.4657,151.3938,34.0144,,,2.2,-0.87
1739,00h 28m 59s,35.781,False,False,1.3956,37.3956,50.0184,-0.0184,-0.975,-1.1169,51.4045,36.4206,50.0,0.0,-1.1268,-1.2913,101.3918,35.2938,50.0183,-0.0183,-1.2794,-1.4657,151.3938,34.0144,,,2.2,-0.87
1740,00h 29m 00s,35.805,False,False,1.3957,37.4436,50.0193,-0.0193,-1.0232,-1.1722,51.4045,36.4204,50.0,0.0,-1.1264,-1.2909,101.3918,35.294,50.0176,-0.0176,-1.2304,-1.4096,151.3943,34.0636,,,2.2,-0.87
1741,00h 29m 01s,35.83,False,False,1.3966,37.4919,50.0194,-0.0194,-1.0717,-1.2277,51.4045,36.4202,50.0,0.0,-1.126,-1.2904,101.3918,35.2942,50.0171,-0.0171,-1.1811,-1.3531,151.395,34.1131,,,2.2,-0.87
1742,00h 29m 02s,35.854,False,False,1.3969,37.5404,50.0201,-0.0201,-1.1203,-1.2834,51.4045,36.4201,50.0,0.0,-1.1258,-1.2902,101.3918,35.2943,50.0179,-0.0179,-1.1322,-1.297,151.3968,34.1621,,,2.2,-0.87
1743,00h 29m 03s,35.879,False,False,1.398,37.5884,50.0202,-0.0202,-1.1685,-1.3386,51.4045,36.4199,50.0,0.0,-1.1254,-1.2897,101.3918,35.2945,50.0181,-0.0181,-1.0831,-1.2408,151.3982,34.2115,,,2.2,-0.87
1744,00h 29m 04s,35.903,False,False,1.3998,37.6372,50.0195,-0.0195,-1.2174,-1.3947,51.4045,36.4198,50.0,0.0,-1.1252,-1.2895,101.3918,35.2946,50.0181,-0.0181,-1.0337,-1.1842,151.3993,34.2609,,,2.2,-0.87
1745,00h 29m 05s,35.971,False,False,1.4006,37.6861,50.0192,-0.0192,-1.1794,-1.3511,51.4059,36.5067,50.0,0.0,-1.1251,-1.2894,101.3932,35.3816,50.0192,-0.0192,-1.0716,-1.2276,151.4009,34.31,,,0.2,-0.87
1746,00h 29m 06s,36.039,False,False,1.4024,37.7346,50.0187,-0.0187,-1.1412,-1.3073,51.4081,36.5934,50.0,0.0,-1.1248,-1.2891,101.3955,35.4686,50.0187,-0.0187,-1.1093,-1.2708,151.4019,34.3593,,,0.9,-0.87
1747,00h 29m 07s,36.107,False,False,1.4027,37.7827,50.0191,-0.0191,-1.1026,-1.2631,51.4096,36.6801,50.0,0.0,-1.1245,-1.2887,101.3969,35.5556,50.0191,-0.0191,-1.1473,-1.3143,151.4028,34.4083,,,2.7,-0.87
1748,00h 29m 08s,36.175,False,False,1.4042,37.8314,50.0192,-0.0192,-1.0647,-1.2197,51.4121,36.7668,50.0,0.0,-1.1243,-1.2885,101.3994,35.6424,50.0192,-0.0192,-1.1848,-1.3573,151.4046,34.4576,,,3.5,-0.88
1749,00h 29m 09s,36.242,False,False,1.4059,37.8799,50.019,-0.019,-1.0263,-1.1756,51.4144,36.8536,50.0,0.0,-1.1241,-1.2882,101.4017,35.7295,50.019,-0.019,-1.2228,-1.4008,151.4058,34.5067,,,4.6,-0.88
1750,00h 29m 10s,36.31,False,False,1.4065,37.9286,50.0189,-0.0189,-0.9882,-1.1321,51.4156,36.9403,50.0,0.0,-1.124,-1.2881,101.403,35.8164,50.0189,-0.0189,-1.2605,-1.444,151.406,34.5559,,,6.6,-0.88
1751,00h 29m 11s,36.378,False,False,1.4071,37.9764,50.0196,-0.0196,-0.9498,-1.088,51.4178,37.0266,50.0,0.0,-1.1234,-1.2874,101.4051,35.9032,50.0196,-0.0196,-1.2979,-1.4869,151.4079,34.6053,,,7.8,-0.88
1752,00h 29m 12s,36.402,False,False,1.4078,38.0245,50.0199,-0.0199,-0.9981,-1.1434,51.4178,37.0264,50.0,0.0,-1.123,-1.287,101.4051,35.9034,50.0188,-0.0188,-1.2488,-1.4307,151.4083,34.6546,,,7.8,-0.88
1753,00h 29m 13s,36.427,False,False,1.4087,38.0731,50.02,-0.02,-1.0468,-1.1991,51.4178,37.0263,50.0,0.0,-1.1228,-1.2867,101.4051,35.9035,50.0184,-0.0184,-1.1997,-1.3744,151.4092,34.7038,,,7.8,-0.88
1754,00h 29m 14s,36.451,False,False,1.4097,38.1209,50.02,-0.02,-1.0948,-1.2541,51.4177,37.0261,50.0,0.0,-1.1224,-1.2863,101.4052,35.9037,50.0186,-0.0186,-1.1508,-1.3184,151.4105,34.7529,,,7.8,-0.88
1755,00h 29m 15s,36.475,False,False,1.4115,38.1696,50.0193,-0.0193,-1.1436,-1.3101,51.4177,37.0261,50.0,0.0,-1.1223,-1.2862,101.4052,35.9038,50.018,-0.018,-1.1018,-1.2622,151.4111,34.8019,,,7.8,-0.88
1756,00h 29m 16s,36.5,False,False,1.4125,38.2175,50.0194,-0.0194,-1.1917,-1.3652,51.4177,37.0258,50.0,0.0,-1.1218,-1.2856,101.4052,35.904,50.0178,-0.0178,-1.0527,-1.206,151.4119,34.8513,,,7.8,-0.88
1757,00h 29m 17s,36.567,False,False,1.4129,38.2654,50.0185,-0.0185,-1.1529,-1.3207,51.4181,37.1126,50.0,0.0,-1.1213,-1.2851,101.4055,35.9912,50.0185,-0.0185,-1.0906,-1.2494,151.4121,34.9006,,,10.8,-0.88
1758,00h 29m 18s,36.635,False,False,1.4138,38.3139,50.0185,-0.0185,-1.1149,-1.2772,51.4199,37.199,50.0,0.0,-1.1211,-1.2848,101.4073,36.0779,50.0185,-0.0185,-1.1281,-1.2924,151.4132,34.9498,,,12.3,-0.88
1759,00h 29m 19s,36.703,False,False,1.4142,38.3618,50.0192,-0.0192,-1.0761,-1.2328,51.4218,37.2857,50.0,0.0,-1.1206,-1.2842,101.4092,36.1651,50.0191,-0.0191,-1.1659,-1.3356,151.4147,34.9992,,,13.8,-1.13
1760,00h 29m 20s,36.771,False,False,1.4159,38.41,50.0182,-0.0182,-1.0376,-1.1887,51.4234,37.3723,50.0,0.0,-1.1203,-1.2839,101.4108,36.252,50.0182,-0.0182,-1.2038,-1.3791,151.4145,35.0482,,,15.5,-1.13
1761,00h 29m 21s,36.839,False,False,1.416,38.4583,50.0189,-0.0189,-0.9992,-1.1446,51.4249,37.4591,50.0,0.0,-1.1199,-1.2834,101.4124,36.3392,50.0188,-0.0188,-1.2415,-1.4222,151.4157,35.0977,,,17.3,-1.13
1762,00h 29m 22s,36.906,False,False,1.4174,38.5066,50.0187,-0.0187,-0.9612,-1.1011,51.4268,37.5454,50.0,0.0,-1.1196,-1.2831,101.4143,36.4258,50.0186,-0.0186,-1.2788,-1.4651,151.4165,35.147,,,18.7,-1.13
1763,00h 29m 23s,36.931,False,False,1.4184,38.555,50.0186,-0.0186,-1.0098,-1.1567,51.4268,37.5453,50.0,0.0,-1.1194,-1.2828,101.4143,36.4259,50.0179,-0.0179,-1.2298,-1.4089,151.4171,35.1961,,,18.7,-1.13
1764,00h 29m 24s,36.955,False,False,1.4196,38.6029,50.0184,-0.0184,-1.0579,-1.2119,51.4268,37.5451,50.0,0.0,-1.119,-1.2823,101.4143,36.4261,50.0179,-0.0179,-1.1809,-1.3528,151.4182,35.2452,,,18.7,-1.13
1765,00h 29m 25s,36.979,False,False,1.4205,38.6507,50.0186,-0.0186,-1.1059,-1.2669,51.4268,37.5449,50.0,0.0,-1.1185,-1.2818,101.4143,36.4263,50.0177,-0.0177,-1.132,-1.2968,151.4193,35.2943,,,18.7,-1.13
1766,00h 29m 26s,37.003,False,False,1.4221,38.6989,50.018,-0.018,-1.1541,-1.3222,51.4268,37.5447,50.0,0.0,-1.1182,-1.2815,101.4143,36.4265,50.0185,-0.0185,-1.0831,-1.2408,151.4211,35.3434,,,18.7,-1.13
1767,00h 29m 27s,37.028,False,False,1.4235,38.7469,50.0178,-0.0178,-1.2024,-1.3775,51.4268,37.5445,50.0,0.0,-1.1178,-1.2811,101.4143,36.4267,50.0171,-0.0171,-1.0341,-1.1847,151.4208,35.3926,,,18.7,-1.13
1768,00h 29m 28s,37.096,False,False,1.4243,38.7956,50.0177,-0.0177,-1.1643,-1.3338,51.4284,37.6313,50.0,0.0,-1.1176,-1.2808,101.4159,36.5137,50.0177,-0.0177,-1.0717,-1.2278,151.4222,35.4419,,,20.4,-1.13
1769,00h 29m 29s,37.163,False,False,1.4247,38.8436,50.0182,-0.0182,-1.1257,-1.2896,51.4303,37.7179,50.0,0.0,-1.1172,-1.2804,101.4178,36.6007,50.0182,-0.0182,-1.1096,-1.2711,151.4237,35.4911,,,21.9,-1.13
1770,00h 29m 30s,37.207,False,False,1.4247,38.8436,50.0183,-0.0183,-1.0391,-1.1903,51.4322,37.8046,50.0,0.0,-1.1172,-1.2804,101.4197,36.6873,50.0183,-0.0183,-1.1962,-1.3704,151.4237,35.4911,,,23.2,-1.04
1771,00h 29m 31s,37.25,False,False,1.4247,38.8436,50.0185,-0.0185,-0.9526,-1.0913,51.4342,37.891,50.0,0.0,-1.1172,-1.2804,101.4217,36.7738,50.0184,-0.0184,-1.2827,-1.4695,151.4237,35.4911,,,24.6,-1.04
1772,00h 29m 32s,37.25,False,False,1.4247,38.8436,50.0185,-0.0185,-0.9526,-1.0913,51.4342,37.891,50.0,0.0,-1.1172,-1.2804,101.4217,36.7738,50.0184,-0.0184,-1.2827,-1.4695,151.4237,35.4911,,,24.6,-1.04
1773,00h 29m 33s,37.25,False,False,1.4247,38.8436,50.0185,-0.0185,-0.9526,-1.0913,51.4342,37.891,50.0,0.0,-1.1172,-1.2804,101.4217,36.7738,50.0184,-0.0184,-1.2827,-1.4695,151.4237,35.4911,,,24.6,-1.04
1774,00h 29m 34s,37.25,False,False,1.4247,38.8436,50.0185,-0.0185,-0.9526,-1.0913,51.4342,37.891,50.0,0.0,-1.1172,-1.2804,101.4217,36.7738,50.0184,-0.0184,-1.2827,-1.4695,151.4237,35.4911,,,24.6,-1.04
1775,00h 29m 35s,37.25,False,False,1.4247,38.8436,50.0185,-0.0185,-0.9526,-1.0913,51.4342,37.891,50.0,0.0,-1.1172,-1.2804,101.4217,36.7738,50.0184,-0.0184,-1.2827,-1.4695,151.4237,35.4911,,,24.6,-1.04
1776,00h 29m 36s,37.25,False,False,1.4247,38.8436,50.0185,-0.0185,-0.9526,-1.0913,51.4342,37.891,50.0,0.0,-1.1172,-1.2804,101.4217,36.7738,50.0184,-0.0184,-1.2827,-1.4695,151.4237,35.4911,,,24.6,-1.04
1777,00h 29m 37s,37.25,False,False,1.4247,38.8436,50.0185,-0.0185,-0.9526,-1.0913,51.4342,37.891,50.0,0.0,-1.1172,-1.2804,101.4217,36.7738,50.0184,-0.0184,-1.2827,-1.4695,151.4237,35.4911,,,24.6,-1.04
1778,00h 29m 38s,37.25,False,False,1.4247,38.8436,50.0185,-0.0185,-0.9526,-1.0913,51.4342,37.891,50.0,0.0,-1.1172,-1.2804,101.4217,36.7738,50.0184,-0.0184,-1.2827,-1.4695,151.4237,35.4911,,,24.6,-1.04
1779,00h 29m 39s,37.25,False,False,1.4247,38.8436,50.0185,-0.0185,-0.9526,-1.0913,51.4342,37.891,50.0,0.0,-1.1172,-1.2804,101.4217,36.7738,50.0184,-0.0184,-1.2827,-1.4695,151.4237,35.4911,,,24.6,-1.04
1780,00h 29m 40s,37.25,False,False,1.4247,38.8436,50.0185,-0.0185,-0.9526,-1.0913,51.4342,37.891,50.0,0.0,-1.1172,-1.2804,101.4217,36.7738,50.0184,-0.0184,-1.2827,-1.4695,151.4237,35.4911,,,24.6,-1.04
1781,00h 29m 41s,37.25,False,False,1.4247,38.8436,50.0185,-0.0185,-0.9526,-1.0913,51.4342,37.891,50.0,0.0,-1.1172,-1.2804,101.4217,36.7738,50.0184,-0.0184,-1.2827,-1.4695,151.4237,35.4911,,,24.6,-1.04
1782,00h 29m 42s,37.25,False,False,1.4247,38.8436,50.0185,-0.0185,-0.9526,-1.0913,51.4342,37.891,50.0,0.0,-1.1172,-1.2804,101.4217,36.7738,50.0184,-0.0184,-1.2827,-1.4695,151.4237,35.4911,,,24.6,-1.04
1783,00h 29m 43s,37.25,False,False,1.4247,38.8436,50.0185,-0.0185,-0.9526,-1.0913,51.4342,37.891,50.0,0.0,-1.1172,-1.2804,101.4217,36.7738,50.0184,-0.0184,-1.2827,-1.4695,151.4237,35.4911,,,24.6,-1.04
1784,00h 29m 44s,37.25,False,False,1.4247,38.8436,50.0185,-0.0185,-0.9526,-1.0913,51.4342,37.891,50.0,0.0,-1.1172,-1.2804,101.4217,36.7738,50.0184,-0.0184,-1.2827,-1.4695,151.4237,35.4911,,,24.6,-1.04
1785,00h 29m 45s,37.25,False,False,1.4247,38.8436,50.0185,-0.0185,-0.9526,-1.0913,51.4342,37.891,50.0,0.0,-1.1172,-1.2804,101.4217,36.7738,50.0184,-0.0184,-1.2827,-1.4695,151.4237,35.4911,,,24.6,-1.04
1786,00h 29m 46s,37.25,False,False,1.4247,38.8436,50.0185,-0.0185,-0.9526,-1.0913,51.4342,37.891,50.0,0.0,-1.1172,-1.2804,101.4217,36.7738,50.0184,-0.0184,-1.2827,-1.4695,151.4237,35.4911,,,24.6,-1.04
1787,00h 29m 47s,37.25,False,False,1.4247,38.8436,50.0185,-0.0185,-0.9526,-1.0913,51.4342,37.891,50.0,0.0,-1.1172,-1.2804,101.4217,36.7738,50.0184,-0.0184,-1.2827,-1.4695,151.4237,35.4911,,,24.6,-1.04
1788,00h 29m 48s,37.25,False,False,1.4247,38.8436,50.0185,-0.0185,-0.9526,-1.0913,51.4342,37.891,50.0,0.0,-1.1172,-1.2804,101.4217,36.7738,50.0184,-0.0184,-1.2827,-1.4695,151.4237,35.4911,,,24.6,-1.04
1789,00h 29m 49s,37.25,False,False,1.4247,38.8436,50.0185,-0.0185,-0.9526,-1.0913,51.4342,37.891,50.0,0.0,-1.1172,-1.2804,101.4217,36.7738,50.0184,-0.0184,-1.2827,-1.4695,151.4237,35.4911,,,24.6,-1.04
1790,00h 29m 50s,37.25,False,False,1.4247,38.8436,50.0185,-0.0185,-0.9526,-1.0913,51.4342,37.891,50.0,0.0,-1.1172,-1.2804,101.4217,36.7738,50.0184,-0.0184,-1.2827,-1.4695,151.4237,35.4911,,,24.6,-1.04
1791,00h 29m 51s,37.25,False,False,1.4247,38.8436,50.0185,-0.0185,-0.9526,-1.0913,51.4342,37.891,50.0,0.0,-1.1172,-1.2804,101.4217,36.7738,50.0184,-0.0184,-1.2827,-1.4695,151.4237,35.4911,,,24.6,-1.04
1792,00h 29m 52s,37.25,False,False,1.4247,38.8436,50.0185,-0.0185,-0.9526,-1.0913,51.4342,37.891,50.0,0.0,-1.1172,-1.2804,101.4217,36.7738,50.0184,-0.0184,-1.2827,-1.4695,151.4237,35.4911,,,24.6,-1.04
1793,00h 29m 53s,37.25,False,False,1.4247,38.8436,50.0185,-0.0185,-0.9526,-1.0913,51.4342,37.891,50.0,0.0,-1.1172,-1.2804,101.4217,36.7738,50.0184,-0.0184,-1.2827,-1.4695,151.4237,35.4911,,,24.6,-1.04
1794,00h 29m 54s,37.25,False,False,1.4247,38.8436,50.0185,-0.0185,-0.9526,-1.0913,51.4342,37.891,50.0,0.0,-1.1172,-1.2804,101.4217,36.7738,50.0184,-0.0184,-1.2827,-1.4695,151.4237,35.4911,,,24.6,-1.04
1795,00h 29m 55s,37.25,False,False,1.4247,38.8436,50.0185,-0.0185,-0.9526,-1.0913,51.4342,37.891,50.0,0.0,-1.1172,-1.2804,101.4217,36.7738,50.0184,-0.0184,-1.2827,-1.4695,151.4237,35.4911,,,24.6,-1.04
1796,00h 29m 56s,37.25,False,False,1.4247,38.8436,50.0185,-0.0185,-0.9526,-1.0913,51.4342,37.891,50.0,0.0,-1.1172,-1.2804,101.4217,36.7738,50.0184,-0.0184,-1.2827,-1.4695,151.4237,35.4911,,,24.6,-1.04
1797,00h 29m 57s,37.25,False,False,1.4247,38.8436,50.0185,-0.0185,-0.9526,-1.0913,51.4342,37.891,50.0,0.0,-1.1172,-1.2804,101.4217,36.7738,50.0184,-0.0184,-1.2827,-1.4695,151.4237,35.4911,,,24.6,-1.04
1798,00h 29m 58s,37.25,False,False,1.4247,38.8436,50.0185,-0.0185,-0.9526,-1.0913,51.4342,37.891,50.0,0.0,-1.1172,-1.2804,101.4217,36.7738,50.0184,-0.0184,-1.2827,-1.4695,151.4237,35.4911,,,24.6,-1.04
1799,00h 29m 59s,37.25,False,False,1.4247,38.8436,50.0185,-0.0185,-0.9526,-1.0913,51.4342,37.891,50.0,0.0,-1.1172,-1.2804,101.4217,36.7738,50.0184,-0.0184,-1.2827,-1.4695,151.4237,35.4911,,,24.6,-1.04
1800,00h 30m 00s,37.274,False,False,1.4251,38.8922,50.0192,-0.0192,-1.0013,-1.1471,51.4342,37.8909,50.0,0.0,-1.117,-1.2801,101.4217,36.7739,50.0175,-0.0175,-1.2334,-1.413,151.424,35.5405,,,24.6,-1.04
1801,00h 30m 01s,37.299,False,False,1.4261,38.9402,50.0191,-0.0191,-1.0495,-1.2023,51.4342,37.8907,50.0,0.0,-1.1166,-1.2796,101.4217,36.7741,50.0185,-0.0185,-1.1845,-1.3569,151.4262,35.5896,,,24.6,-1.04
1802,00h 30m 02s,37.323,False,False,1.4277,38.9882,50.0185,-0.0185,-1.0978,-1.2576,51.4342,37.8905,50.0,0.0,-1.1162,-1.2792,101.4217,36.7743,50.0179,-0.0179,-1.1354,-1.3007,151.4267,35.6389,,,24.6,-1.04
1803,00h 30m 03s,37.347,False,False,1.4292,39.0371,50.0181,-0.0181,-1.1466,-1.3136,51.4342,37.8904,50.0,0.0,-1.1161,-1.279,101.4217,36.7743,50.0176,-0.0176,-1.0863,-1.2445,151.4275,35.688,,,24.6,-1.04
1804,00h 30m 04s,37.372,False,False,1.4299,39.085,50.0185,-0.0185,-1.1948,-1.3688,51.4342,37.8902,50.0,0.0,-1.1156,-1.2785,101.4217,36.7746,50.0182,-0.0182,-1.0372,-1.1881,151.4291,35.7374,,,24.6,-1.04
1805,00h 30m 05s,37.44,False,False,1.4311,39.1336,50.018,-0.018,-1.1566,-1.325,51.4357,37.977,50.0,0.0,-1.1153,-1.2782,101.4233,36.8617,50.018,-0.018,-1.0749,-1.2314,151.4297,35.7868,,,26.4,-1.04
1806,00h 30m 06s,37.508,False,False,1.4323,39.1821,50.0183,-0.0183,-1.1183,-1.2811,51.4382,38.0638,50.0,0.0,-1.1151,-1.278,101.4257,36.9486,50.0183,-0.0183,-1.1128,-1.2748,151.4317,35.8358,,,27.2,-1.04
1807,00h 30m 07s,37.575,False,False,1.433,39.2302,50.0194,-0.0194,-1.0799,-1.2371,51.4407,38.1502,50.0,0.0,-1.1147,-1.2775,101.4283,37.0355,50.0194,-0.0194,-1.1504,-1.3179,151.4345,35.8851,,,28.0,-1.04
1808,00h 30m 08s,37.643,False,False,1.4346,39.2782,50.0189,-0.0189,-1.0413,-1.1929,51.4427,38.2369,50.0,0.0,-1.1142,-1.2769,101.4303,37.1226,50.0189,-0.0189,-1.188,-1.361,151.435,35.9346,,,29.4,-1.04
1809,00h 30m 09s,37.711,False,False,1.4357,39.327,50.0188,-0.0188,-1.0034,-1.1494,51.4444,38.3236,50.0,0.0,-1.1142,-1.2768,101.432,37.2095,50.0188,-0.0188,-1.2258,-1.4042,151.4357,35.9837,,,31.0,-0.86
1810,00h 30m 10s,37.779,False,False,1.437,39.3754,50.0186,-0.0186,-0.9653,-1.1058,51.4463,38.41,50.0,0.0,-1.1139,-1.2765,101.4339,37.2962,50.0185,-0.0185,-1.2632,-1.4472,151.4364,36.0329,,,32.4,-0.86
1811,00h 30m 11s,37.827,False,False,1.4389,39.4237,50.0268,-0.0268,-0.9651,-1.1054,51.4564,38.4587,50.0,0.0,-1.1135,-1.2761,101.444,37.3452,50.0089,-0.0089,-1.2628,-1.4469,151.437,36.0824,,,24.2,-0.86
1812,00h 30m 12s,37.852,False,False,1.4408,39.472,50.0259,-0.0259,-1.0135,-1.1609,51.4564,38.4585,50.0,0.0,-1.1131,-1.2756,101.444,37.3454,50.0083,-0.0083,-1.2135,-1.3905,151.4376,36.1319,,,24.1,-0.86
1813,00h 30m 13s,37.876,False,False,1.4414,39.5204,50.0263,-0.0263,-1.0621,-1.2165,51.4564,38.4583,50.0,0.0,-1.1128,-1.2753,101.444,37.3455,50.009,-0.009,-1.1643,-1.3341,151.4395,36.1812,,,24.1,-0.86
1814,00h 30m 14s,37.901,False,False,1.4431,39.5686,50.0256,-0.0256,-1.1105,-1.272,51.4564,38.4582,50.0,0.0,-1.1125,-1.2749,101.444,37.3457,50.0086,-0.0086,-1.1153,-1.2779,151.4402,36.2304,,,24.1,-0.86
1815,00h 30m 15s,37.925,False,False,1.4441,39.6169,50.0258,-0.0258,-1.1588,-1.3273,51.4564,38.458,50.0,0.0,-1.1122,-1.2746,101.444,37.3458,50.0096,-0.0096,-1.0664,-1.2219,151.4423,36.2794,,,24.1,-0.86
1816,00h 30m 16s,37.949,False,False,1.4451,39.6649,50.0258,-0.0258,-1.2071,-1.3826,51.4564,38.4578,50.0,0.0,-1.1118,-1.2741,101.444,37.346,50.009,-0.009,-1.0173,-1.1656,151.4427,36.3287,,,24.1,-0.86
1817,00h 30m 17s,38.017,False,False,1.4468,39.7128,50.0171,-0.0171,-1.1681,-1.3382,51.4503,38.5447,50.0,0.0,-1.1114,-1.2737,101.4379,37.4333,50.0172,-0.0172,-1.0555,-1.2092,151.4439,36.3779,,,33.6,-0.86
1818,00h 30m 18s,38.085,False,False,1.4481,39.761,50.0174,-0.0174,-1.1298,-1.2943,51.4527,38.6312,50.0,0.0,-1.111,-1.2732,101.4404,37.5202,50.0174,-0.0174,-1.0929,-1.2521,151.4459,36.4273,,,34.4,-0.86
1819,00h 30m 19s,38.153,False,False,1.4493,39.8098,50.0174,-0.0174,-1.0919,-1.2509,51.4548,38.7179,50.0,0.0,-1.1108,-1.273,101.4425,37.6071,50.0174,-0.0174,-1.1305,-1.2951,151.4471,36.4766,,,35.7,-0.86
1820,00h 30m 20s,38.221,False,False,1.4502,39.8586,50.0173,-0.0173,-1.0542,-1.2077,51.4564,38.8045,50.0,0.0,-1.1106,-1.2728,101.444,37.6939,50.0172,-0.0172,-1.1678,-1.3378,151.4476,36.5261,,,37.5,-0.86
1821,00h 30m 21s,38.288,False,False,1.4511,39.9068,50.0176,-0.0176,-1.0159,-1.1638,51.4584,38.8909,50.0,0.0,-1.1102,-1.2723,101.4461,37.7807,50.0175,-0.0175,-1.2052,-1.3807,151.4491,36.5755,,,38.8,-0.79
1822,00h 30m 22s,38.356,False,False,1.4511,39.9552,50.0173,-0.0173,-0.9776,-1.1199,51.4589,38.9777,50.0,0.0,-1.1099,-1.272,101.4466,37.8678,50.0172,-0.0172,-1.243,-1.424,151.4483,36.6248,,,41.6,-0.79
1823,00h 30m 23s,38.424,False,False,1.4522,40.0038,50.0172,-0.0172,-0.9396,-1.0765,51.4606,39.0642,50.0,0.0,-1.1097,-1.2717,101.4483,37.9545,50.0172,-0.0172,-1.2804,-1.4669,151.4491,36.6741,,,43.2,-0.79
1824,00h 30m 24s,38.449,False,False,1.4535,40.052,50.0169,-0.0169,-0.988,-1.1318,51.4606,39.064,50.0,0.0,-1.1092,-1.2712,101.4483,37.9548,50.0164,-0.0164,-1.2312,-1.4105,151.4495,36.7236,,,43.2,-0.79
1825,00h 30m 25s,38.473,False,False,1.4549,40.1007,50.0165,-0.0165,-1.0368,-1.1878,51.4606,39.0639,50.0,0.0,-1.109,-1.2709,101.4483,37.9549,50.0156,-0.0156,-1.1819,-1.354,151.4499,36.773,,,43.2,-0.79
1826,00h 30m 26s,38.498,False,False,1.4569,40.1493,50.0155,-0.0155,-1.0855,-1.2436,51.4606,39.0637,50.0,0.0,-1.1087,-1.2706,101.4483,37.955,50.0159,-0.0159,-1.1327,-1.2976,151.4514,36.8223,,,43.2,-0.79
1827,00h 30m 27s,38.522,False,False,1.4582,40.1981,50.0153,-0.0153,-1.1344,-1.2997,51.4606,39.0637,50.0,0.0,-1.1086,-1.2704,101.4483,37.9551,50.0153,-0.0153,-1.0834,-1.2412,151.4519,36.8717,,,43.2,-0.79
1828,00h 30m 28s,38.547,False,False,1.4591,40.2464,50.0155,-0.0155,-1.1829,-1.3553,51.4606,39.0635,50.0,0.0,-1.1082,-1.27,101.4483,37.9553,50.0148,-0.0148,-1.0342,-1.1848,151.4525,36.9211,,,43.2,-0.79
1829,00h 30m 29s,38.614,False,False,1.4594,40.2947,50.0159,-0.0159,-1.1448,-1.3115,51.4621,39.1499,50.0,0.0,-1.1079,-1.2697,101.4499,38.042,50.0159,-0.0159,-1.0717,-1.2278,151.4542,36.9703,,,45.0,-0.79
1830,00h 30m 30s,38.658,False,False,1.4594,40.2947,50.0159,-0.0159,-1.0581,-1.2122,51.4641,39.2365,50.0,0.0,-1.1079,-1.2697,101.4518,38.1286,50.0159,-0.0159,-1.1584,-1.3271,151.4542,36.9703,,,46.4,-0.79
1831,00h 30m 31s,38.701,False,False,1.4594,40.2947,50.0161,-0.0161,-0.9713,-1.1128,51.466,39.3233,50.0,0.0,-1.1079,-1.2697,101.4537,38.2154,50.016,-0.016,-1.2452,-1.4265,151.4542,36.9703,,,47.7,-0.79
1832,00h 30m 32s,38.701,False,False,1.4594,40.2947,50.0161,-0.0161,-0.9713,-1.1128,51.466,39.3233,50.0,0.0,-1.1079,-1.2697,101.4537,38.2154,50.016,-0.016,-1.2452,-1.4265,151.4542,36.9703,,,47.7,-0.79
1833,00h 30m 33s,38.701,False,False,1.4594,40.2947,50.0161,-0.0161,-0.9713,-1.1128,51.466,39.3233,50.0,0.0,-1.1079,-1.2697,101.4537,38.2154,50.016,-0.016,-1.2452,-1.4265,151.4542,36.9703,,,47.7,-0.79
1834,00h 30m 34s,38.701,False,False,1.4594,40.2947,50.0161,-0.0161,-0.9713,-1.1128,51.466,39.3233,50.0,0.0,-1.1079,-1.2697,101.4537,38.2154,50.016,-0.016,-1.2452,-1.4265,151.4542,36.9703,,,47.7,-0.79
1835,00h 30m 35s,38.701,False,False,1.4594,40.2947,50.0161,-0.0161,-0.9713,-1.1128,51.466,39.3233,50.0,0.0,-1.1079,-1.2697,101.4537,38.2154,50.016,-0.016,-1.2452,-1.4265,151.4542,36.9703,,,47.7,-0.79
1836,00h 30m 36s,38.701,False,False,1.4594,40.2947,50.0161,-0.0161,-0.9713,-1.1128,51.466,39.3233,50.0,0.0,-1.1079,-1.2697,101.4537,38.2154,50.016,-0.016,-1.2452,-1.4265,151.4542,36.9703,,,47.7,-0.79
1837,00h 30m 37s,38.701,False,False,1.4594,40.2947,50.0161,-0.0161,-0.9713,-1.1128,51.466,39.3233,50.0,0.0,-1.1079,-1.2697,101.4537,38.2154,50.016,-0.016,-1.2452,-1.4265,151.4542,36.9703,,,47.7,-0.79
1838,00h 30m 38s,38.701,False,False,1.4594,40.2947,50.0161,-0.0161,-0.9713,-1.1128,51.466,39.3233,50.0,0.0,-1.1079,-1.2697,101.4537,38.2154,50.016,-0.016,-1.2452,-1.4265,151.4542,36.9703,,,47.7,-0.79
1839,00h 30m 39s,38.701,False,False,1.4594,40.2947,50.0161,-0.0161,-0.9713,-1.1128,51.466,39.3233,50.0,0.0,-1.1079,-1.2697,101.4537,38.2154,50.016,-0.016,-1.2452,-1.4265,151.4542,36.9703,,,47.7,-0.79
1840,00h 30m 40s,38.701,False,False,1.4594,40.2947,50.0161,-0.0161,-0.9713,-1.1128,51.466,39.3233,50.0,0.0,-1.1079,-1.2697,101.4537,38.2154,50.016,-0.016,-1.2452,-1.4265,151.4542,36.9703,,,47.7,-0.79
1841,00h 30m 41s,38.701,False,False,1.4594,40.2947,50.0161,-0.0161,-0.9713,-1.1128,51.466,39.3233,50.0,0.0,-1.1079,-1.2697,101.4537,38.2154,50.016,-0.016,-1.2452,-1.4265,151.4542,36.9703,,,47.7,-0.79
1842,00h 30m 42s,38.701,False,False,1.4594,40.2947,50.0161,-0.0161,-0.9713,-1.1128,51.466,39.3233,50.0,0.0,-1.1079,-1.2697,101.4537,38.2154,50.016,-0.016,-1.2452,-1.4265,151.4542,36.9703,,,47.7,-0.79
1843,00h 30m 43s,38.701,False,False,1.4594,40.2947,50.0161,-0.0161,-0.9713,-1.1128,51.466,39.3233,50.0,0.0,-1.1079,-1.2697,101.4537,38.2154,50.016,-0.016,-1.2452,-1.4265,151.4542,36.9703,,,47.7,-0.79
1844,00h 30m 44s,38.701,False,False,1.4594,40.2947,50.0161,-0.0161,-0.9713,-1.1128,51.466,39.3233,50.0,0.0,-1.1079,-1.2697,101.4537,38.2154,50.016,-0.016,-1.2452,-1.4265,151.4542,36.9703,,,47.7,-0.79
1845,00h 30m 45s,38.701,False,False,1.4594,40.2947,50.0161,-0.0161,-0.9713,-1.1128,51.466,39.3233,50.0,0.0,-1.1079,-1.2697,101.4537,38.2154,50.016,-0.016,-1.2452,-1.4265,151.4542,36.9703,,,47.7,-0.79
1846,00h 30m 46s,38.701,False,False,1.4594,40.2947,50.0161,-0.0161,-0.9713,-1.1128,51.466,39.3233,50.0,0.0,-1.1079,-1.2697,101.4537,38.2154,50.016,-0.016,-1.2452,-1.4265,151.4542,36.9703,,,47.7,-0.79
1847,00h 30m 47s,38.701,False,False,1.4594,40.2947,50.0161,-0.0161,-0.9713,-1.1128,51.466,39.3233,50.0,0.0,-1.1079,-1.2697,101.4537,38.2154,50.016,-0.016,-1.2452,-1.4265,151.4542,36.9703,,,47.7,-0.79
1848,00h 30m 48s,38.701,False,False,1.4594,40.2947,50.0161,-0.0161,-0.9713,-1.1128,51.466,39.3233,50.0,0.0,-1.1079,-1.2697,101.4537,38.2154,50.016,-0.016,-1.2452,-1.4265,151.4542,36.9703,,,47.7,-0.79
1849,00h 30m 49s,38.701,False,False,1.4594,40.2947,50.0161,-0.0161,-0.9713,-1.1128,51.466,39.3233,50.0,0.0,-1.1079,-1.2697,101.4537,38.2154,50.016,-0.016,-1.2452,-1.4265,151.4542,36.9703,,,47.7,-0.79
1850,00h 30m 50s,38.701,False,False,1.4594,40.2947,50.0161,-0.0161,-0.9713,-1.1128,51.466,39.3233,50.0,0.0,-1.1079,-1.2697,101.4537,38.2154,50.016,-0.016,-1.2452,-1.4265,151.4542,36.9703,,,47.7,-0.79
1851,00h 30m 51s,38.701,False,False,1.4594,40.2947,50.0161,-0.0161,-0.9713,-1.1128,51.466,39.3233,50.0,0.0,-1.1079,-1.2697,101.4537,38.2154,50.016,-0.016,-1.2452,-1.4265,151.4542,36.9703,,,47.7,-0.79
1852,00h 30m 52s,38.701,False,False,1.4594,40.2947,50.0161,-0.0161,-0.9713,-1.1128,51.466,39.3233,50.0,0.0,-1.1079,-1.2697,101.4537,38.2154,50.016,-0.016,-1.2452,-1.4265,151.4542,36.9703,,,47.7,-0.79
1853,00h 30m 53s,38.701,False,False,1.4594,40.2947,50.0161,-0.0161,-0.9713,-1.1128,51.466,39.3233,50.0,0.0,-1.1079,-1.2697,101.4537,38.2154,50.016,-0.016,-1.2452,-1.4265,151.4542,36.9703,,,47.7,-0.79
1854,00h 30m 54s,38.701,False,False,1.4594,40.2947,50.0161,-0.0161,-0.9713,-1.1128,51.466,39.3233,50.0,0.0,-1.1079,-1.2697,101.4537,38.2154,50.016,-0.016,-1.2452,-1.4265,151.4542,36.9703,,,47.7,-0.79
1855,00h 30m 55s,38.701,False,False,1.4594,40.2947,50.0161,-0.0161,-0.9713,-1.1128,51.466,39.3233,50.0,0.0,-1.1079,-1.2697,101.4537,38.2154,50.016,-0.016,-1.2452,-1.4265,151.4542,36.9703,,,47.7,-0.79
1856,00h 30m 56s,38.701,False,False,1.4594,40.2947,50.0161,-0.0161,-0.9713,-1.1128,51.466,39.3233,50.0,0.0,-1.1079,-1.2697,101.4537,38.2154,50.016,-0.016,-1.2452,-1.4265,151.4542,36.9703,,,47.7,-0.79
1857,00h 30m 57s,38.701,False,False,1.4594,40.2947,50.0161,-0.0161,-0.9713,-1.1128,51.466,39.3233,50.0,0.0,-1.1079,-1.2697,101.4537,38.2154,50.016,-0.016,-1.2452,-1.4265,151.4542,36.9703,,,47.7,-0.79
1858,00h 30m 58s,38.701,False,False,1.4594,40.2947,50.0161,-0.0161,-0.9713,-1.1128,51.466,39.3233,50.0,0.0,-1.1079,-1.2697,101.4537,38.2154,50.016,-0.016,-1.2452,-1.4265,151.4542,36.9703,,,47.7,-0.79
1859,00h 30m 59s,38.701,False,False,1.4594,40.2947,50.0161,-0.0161,-0.9713,-1.1128,51.466,39.3233,50.0,0.0,-1.1079,-1.2697,101.4537,38.2154,50.016,-0.016,-1.2452,-1.4265,151.4542,36.9703,,,47.7,-0.79
1860,00h 31m 00s,38.725,False,False,1.4607,40.3434,50.0158,-0.0158,-1.0201,-1.1687,51.466,39.3233,50.0,0.0,-1.1078,-1.2695,101.4537,38.2155,50.0165,-0.0165,-1.1961,-1.3704,151.4559,37.0193,,,47.7,-0.79
1861,00h 31m 01s,38.75,False,False,1.4618,40.3912,50.0156,-0.0156,-1.0681,-1.2237,51.466,39.3231,50.0,0.0,-1.1073,-1.269,101.4537,38.2157,50.0159,-0.0159,-1.1472,-1.3143,151.4565,37.0685,,,47.7,-0.79
1862,00h 31m 02s,38.774,False,False,1.4637,40.4394,50.0148,-0.0148,-1.1166,-1.2792,51.466,39.3229,50.0,0.0,-1.1069,-1.2686,101.4538,38.2159,50.016,-0.016,-1.098,-1.2579,151.4577,37.1179,,,47.7,-0.79
1863,00h 31m 03s,38.798,False,False,1.4641,40.4878,50.0155,-0.0155,-1.1651,-1.3348,51.466,39.3227,50.0,0.0,-1.1066,-1.2682,101.4538,38.2161,50.0174,-0.0174,-1.0489,-1.2016,151.4601,37.1672,,,47.7,-0.79
1864,00h 31m 04s,38.866,False,False,1.4652,40.5356,50.0167,-0.0167,-1.1264,-1.2904,51.4692,39.4092,50.0,0.0,-1.1061,-1.2676,101.4569,38.3031,50.0167,-0.0167,-1.0866,-1.2449,151.4618,37.2165,,,47.9,-1.01
1865,00h 31m 05s,38.934,False,False,1.4662,40.5843,50.0163,-0.0163,-1.0884,-1.2469,51.4707,39.4958,50.0,0.0,-1.1059,-1.2674,101.4584,38.3899,50.0163,-0.0163,-1.1242,-1.2879,151.4621,37.2657,,,49.7,-1.01
1866,00h 31m 06s,39.002,False,False,1.4664,40.6326,50.0174,-0.0174,-1.0504,-1.2033,51.4728,39.5822,50.0,0.0,-1.1056,-1.267,101.4606,38.4766,50.0174,-0.0174,-1.1617,-1.3308,151.4645,37.315,,,50.9,-1.01
1867,00h 31m 07s,39.069,False,False,1.4681,40.6811,50.0173,-0.0173,-1.0125,-1.1599,51.4751,39.6686,50.0,0.0,-1.1053,-1.2667,101.4629,38.5633,50.0172,-0.0172,-1.1989,-1.3735,151.4657,37.3644,,,51.9,-1.01
1868,00h 31m 08s,39.137,False,False,1.4688,40.7294,50.0175,-0.0175,-0.9742,-1.116,51.4768,39.7553,50.0,0.0,-1.105,-1.2663,101.4646,38.6503,50.0175,-0.0175,-1.2366,-1.4167,151.4668,37.4137,,,53.5,-1.01
1869,00h 31m 09s,39.205,False,False,1.4697,40.7776,50.017,-0.017,-0.9358,-1.0721,51.478,39.8418,50.0,0.0,-1.1047,-1.266,101.4658,38.7371,50.0169,-0.0169,-1.2743,-1.4599,151.4665,37.4628,,,55.7,-1.01
1870,00h 31m 10s,39.229,False,False,1.4709,40.8261,50.0168,-0.0168,-0.9845,-1.1278,51.478,39.8417,50.0,0.0,-1.1044,-1.2657,101.4658,38.7372,50.0155,-0.0155,-1.2251,-1.4036,151.4663,37.5121,,,55.7,-1.01
1871,00h 31m 11s,39.254,False,False,1.4717,40.875,50.017,-0.017,-1.0333,-1.1838,51.478,39.8416,50.0,0.0,-1.1043,-1.2656,101.4658,38.7373,50.0151,-0.0151,-1.176,-1.3474,151.4671,37.5612,,,55.7,-1.01
1872,00h 31m 12s,39.278,False,False,1.4726,40.9228,50.017,-0.017,-1.0814,-1.2389,51.478,39.8414,50.0,0.0,-1.1039,-1.265,101.4658,38.7375,50.0145,-0.0145,-1.127,-1.2912,151.4676,37.6105,,,55.7,-1.01
1873,00h 31m 13s,39.302,False,False,1.4735,40.9708,50.0172,-0.0172,-1.1297,-1.2942,51.478,39.8411,50.0,0.0,-1.1034,-1.2645,101.4658,38.7378,50.0139,-0.0139,-1.0778,-1.2348,151.468,37.66,,,55.7,-1.01
1874,00h 31m 14s,39.327,False,False,1.4756,41.0188,50.0163,-0.0163,-1.1778,-1.3494,51.478,39.841,50.0,0.0,-1.103,-1.264,101.4658,38.738,50.0151,-0.0151,-1.0288,-1.1787,151.4703,37.7091,,,55.7,-1.01
1875,00h 31m 15s,39.395,False,False,1.4764,41.0675,50.0157,-0.0157,-1.1398,-1.3058,51.4791,39.9277,50.0,0.0,-1.1028,-1.2639,101.467,38.8249,50.0158,-0.0158,-1.0666,-1.2219,151.4714,37.7583,,,57.8,-1.1
1876,00h 31m 16s,39.462,False,False,1.4773,41.1158,50.0161,-0.0161,-1.1014,-1.2618,51.4813,40.0144,50.0,0.0,-1.1026,-1.2636,101.4691,38.9118,50.0161,-0.0161,-1.1045,-1.2654,151.473,37.8073,,,59.0,-1.1
1877,00h 31m 17s,39.53,False,False,1.4786,41.1646,50.0159,-0.0159,-1.0635,-1.2184,51.4832,40.1011,50.0,0.0,-1.1025,-1.2635,101.4711,38.9986,50.0159,-0.0159,-1.1422,-1.3085,151.4739,37.8564,,,60.4,-1.1
1878,00h 31m 18s,39.598,False,False,1.4804,41.2126,50.0161,-0.0161,-1.025,-1.1742,51.486,40.1876,50.0,0.0,-1.1021,-1.263,101.4738,39.0855,50.0161,-0.0161,-1.18,-1.3518,151.476,37.9055,,,60.9,-1.1
1879,00h 31m 19s,39.666,False,False,1.482,41.2608,50.0156,-0.0156,-0.9865,-1.1302,51.4879,40.2743,50.0,0.0,-1.1018,-1.2627,101.4757,39.1725,50.0155,-0.0155,-1.2177,-1.3951,151.4765,37.9547,,,62.4,-1.1
1880,00h 31m 20s,39.733,False,False,1.4833,41.3087,50.0163,-0.0163,-0.9478,-1.0858,51.4906,40.3609,50.0,0.0,-1.1014,-1.2622,101.4784,39.2595,50.0162,-0.0162,-1.2556,-1.4385,151.4789,38.0039,,,63.0,-1.1
1881,00h 31m 21s,39.758,False,False,1.4848,41.3575,50.0157,-0.0157,-0.9966,-1.1418,51.4906,40.3608,50.0,0.0,-1.1012,-1.262,101.4785,39.2596,50.0163,-0.0163,-1.2065,-1.3823,151.4802,38.0531,,,63.0,-1.1
1882,00h 31m 22s,39.782,False,False,1.4853,41.4053,50.0162,-0.0162,-1.0447,-1.1968,51.4906,40.3606,50.0,0.0,-1.1007,-1.2615,101.4785,39.2599,50.0161,-0.0161,-1.1575,-1.3261,151.4812,38.1024,,,63.0,-1.1
1883,00h 31m 23s,39.807,False,False,1.4866,41.454,50.0159,-0.0159,-1.0935,-1.2528,51.4906,40.3605,50.0,0.0,-1.1005,-1.2612,101.4785,39.26,50.0157,-0.0157,-1.1082,-1.2696,151.4819,38.1518,,,63.0,-1.1
1884,00h 31m 24s,39.831,False,False,1.4875,41.5021,50.0162,-0.0162,-1.1419,-1.3082,51.4906,40.3603,50.0,0.0,-1.1001,-1.2607,101.4785,39.2602,50.0168,-0.0168,-1.059,-1.2132,151.484,38.2012,,,63.0,-1.1
1885,00h 31m 25s,39.855,False,False,1.4884,41.5509,50.0164,-0.0164,-1.1907,-1.3642,51.4906,40.3602,50.0,0.0,-1.0999,-1.2605,101.4785,39.2603,50.0178,-0.0178,-1.0098,-1.1568,151.4861,38.2505,,,63.0,-1.1
1886,00h 31m 26s,39.923,False,False,1.4894,41.5994,50.0171,-0.0171,-1.1526,-1.3204,51.4932,40.4468,50.0,0.0,-1.0997,-1.2602,101.4812,39.3471,50.0171,-0.0171,-1.0476,-1.2001,151.4873,38.2996,,,63.6,-0.64
1887,00h 31m 27s,39.991,False,False,1.4907,41.6476,50.0165,-0.0165,-1.1142,-1.2764,51.4947,40.5334,50.0,0.0,-1.0993,-1.2598,101.4827,39.4341,50.0165,-0.0165,-1.0852,-1.2432,151.4874,38.3489,,,65.5,-0.64
1888,00h 31m 28s,40.059,False,False,1.4923,41.6955,50.0167,-0.0167,-1.0756,-1.2322,51.4974,40.6199,50.0,0.0,-1.0989,-1.2593,101.4854,39.521,50.0167,-0.0167,-1.123,-1.2865,151.4894,38.3981,,,66.1,-0.64
1889,00h 31m 29s,40.126,False,False,1.4937,41.7436,50.0164,-0.0164,-1.0369,-1.1879,51.4993,40.7066,50.0,0.0,-1.0985,-1.2589,101.4873,39.6081,50.0164,-0.0164,-1.1608,-1.3298,151.4901,38.4473,,,67.5,-0.64
1890,00h 31m 30s,40.17,False,False,1.4937,41.7436,50.0166,-0.0166,-0.95,-1.0884,51.5013,40.7935,50.0,0.0,-1.0985,-1.2589,101.4892,39.695,50.0165,-0.0165,-1.2477,-1.4294,151.4901,38.4473,,,68.9,-0.64
1891,00h 31m 31s,40.17,False,False,1.4937,41.7436,50.0166,-0.0166,-0.95,-1.0884,51.5013,40.7935,50.0,0.0,-1.0985,-1.2589,101.4892,39.695,50.0165,-0.0165,-1.2477,-1.4294,151.4901,38.4473,,,68.9,-0.64
1892,00h 31m 32s,40.17,False,False,1.4937,41.7436,50.0166,-0.0166,-0.95,-1.0884,51.5013,40.7935,50.0,0.0,-1.0985,-1.2589,101.4892,39.695,50.0165,-0.0165,-1.2477,-1.4294,151.4901,38.4473,,,68.9,-0.64
1893,00h 31m 33s,40.17,False,False,1.4937,41.7436,50.0166,-0.0166,-0.95,-1.0884,51.5013,40.7935,50.0,0.0,-1.0985,-1.2589,101.4892,39.695,50.0165,-0.0165,-1.2477,-1.4294,151.4901,38.4473,,,68.9,-0.64
1894,00h 31m 34s,40.17,False,False,1.4937,41.7436,50.0166,-0.0166,-0.95,-1.0884,51.5013,40.7935,50.0,0.0,-1.0985,-1.2589,101.4892,39.695,50.0165,-0.0165,-1.2477,-1.4294,151.4901,38.4473,,,68.9,-0.64
1895,00h 31m 35s,40.17,False,False,1.4937,41.7436,50.0166,-0.0166,-0.95,-1.0884,51.5013,40.7935,50.0,0.0,-1.0985,-1.2589,101.4892,39.695,50.0165,-0.0165,-1.2477,-1.4294,151.4901,38.4473,,,68.9,-0.64
1896,00h 31m 36s,40.17,False,False,1.4937,41.7436,50.0166,-0.0166,-0.95,-1.0884,51.5013,40.7935,50.0,0.0,-1.0985,-1.2589,101.4892,39.695,50.0165,-0.0165,-1.2477,-1.4294,151.4901,38.4473,,,68.9,-0.64
1897,00h 31m 37s,40.17,False,False,1.4937,41.7436,50.0166,-0.0166,-0.95,-1.0884,51.5013,40.7935,50.0,0.0,-1.0985,-1.2589,101.4892,39.695,50.0165,-0.0165,-1.2477,-1.4294,151.4901,38.4473,,,68.9,-0.64
1898,00h 31m 38s,40.17,False,False,1.4937,41.7436,50.0166,-0.0166,-0.95,-1.0884,51.5013,40.7935,50.0,0.0,-1.0985,-1.2589,101.4892,39.695,50.0165,-0.0165,-1.2477,-1.4294,151.4901,38.4473,,,68.9,-0.64
1899,00h 31m 39s,40.17,False,False,1.4937,41.7436,50.0166,-0.0166,-0.95,-1.0884,51.5013,40.7935,50.0,0.0,-1.0985,-1.2589,101.4892,39.695,50.0165,-0.0165,-1.2477,-1.4294,151.4901,38.4473,,,68.9,-0.64
1900,00h 31m 40s,40.17,False,False,1.4937,41.7436,50.0166,-0.0166,-0.95,-1.0884,51.5013,40.7935,50.0,0.0,-1.0985,-1.2589,101.4892,39.695,50.0165,-0.0165,-1.2477,-1.4294,151.4901,38.4473,,,68.9,-0.64
1901,00h 31m 41s,40.17,False,False,1.4937,41.7436,50.0166,-0.0166,-0.95,-1.0884,51.5013,40.7935,50.0,0.0,-1.0985,-1.2589,101.4892,39.695,50.0165,-0.0165,-1.2477,-1.4294,151.4901,38.4473,,,68.9,-0.64
1902,00h 31m 42s,40.17,False,False,1.4937,41.7436,50.0166,-0.0166,-0.95,-1.0884,51.5013,40.7935,50.0,0.0,-1.0985,-1.2589,101.4892,39.695,50.0165,-0.0165,-1.2477,-1.4294,151.4901,38.4473,,,68.9,-0.64
1903,00h 31m 43s,40.17,False,False,1.4937,41.7436,50.0166,-0.0166,-0.95,-1.0884,51.5013,40.7935,50.0,0.0,-1.0985,-1.2589,101.4892,39.695,50.0165,-0.0165,-1.2477,-1.4294,151.4901,38.4473,,,68.9,-0.64
1904,00h 31m 44s,40.17,False,False,1.4937,41.7436,50.0166,-0.0166,-0.95,-1.0884,51.5013,40.7935,50.0,0.0,-1.0985,-1.2589,101.4892,39.695,50.0165,-0.0165,-1.2477,-1.4294,151.4901,38.4473,,,68.9,-0.64
1905,00h 31m 45s,40.17,False,False,1.4937,41.7436,50.0166,-0.0166,-0.95,-1.0884,51.5013,40.7935,50.0,0.0,-1.0985,-1.2589,101.4892,39.695,50.0165,-0.0165,-1.2477,-1.4294,151.4901,38.4473,,,68.9,-0.64
1906,00h 31m 46s,40.17,False,False,1.4937,41.7436,50.0166,-0.0166,-0.95,-1.0884,51.5013,40.7935,50.0,0.0,-1.0985,-1.2589,101.4892,39.695,50.0165,-0.0165,-1.2477,-1.4294,151.4901,38.4473,,,68.9,-0.64
1907,00h 31m 47s,40.17,False,False,1.4937,41.7436,50.0166,-0.0166,-0.95,-1.0884,51.5013,40.7935,50.0,0.0,-1.0985,-1.2589,101.4892,39.695,50.0165,-0.0165,-1.2477,-1.4294,151.4901,38.4473,,,68.9,-0.64
1908,00h 31m 48s,40.17,False,False,1.4937,41.7436,50.0166,-0.0166,-0.95,-1.0884,51.5013,40.7935,50.0,0.0,-1.0985,-1.2589,101.4892,39.695,50.0165,-0.0165,-1.2477,-1.4294,151.4901,38.4473,,,68.9,-0.64
1909,00h 31m 49s,40.17,False,False,1.4937,41.7436,50.0166,-0.0166,-0.95,-1.0884,51.5013,40.7935,50.0,0.0,-1.0985,-1.2589,101.4892,39.695,50.0165,-0.0165,-1.2477,-1.4294,151.4901,38.4473,,,68.9,-0.64
1910,00h 31m 50s,40.17,False,False,1.4937,41.7436,50.0166,-0.0166,-0.95,-1.0884,51.5013,40.7935,50.0,0.0,-1.0985,-1.2589,101.4892,39.695,50.0165,-0.0165,-1.2477,-1.4294,151.4901,38.4473,,,68.9,-0.64
1911,00h 31m 51s,40.17,False,False,1.4937,41.7436,50.0166,-0.0166,-0.95,-1.0884,51.5013,40.7935,50.0,0.0,-1.0985,-1.2589,101.4892,39.695,50.0165,-0.0165,-1.2477,-1.4294,151.4901,38.4473,,,68.9,-0.64
1912,00h 31m 52s,40.17,False,False,1.4937,41.7436,50.0166,-0.0166,-0.95,-1.0884,51.5013,40.7935,50.0,0.0,-1.0985,-1.2589,101.4892,39.695,50.0165,-0.0165,-1.2477,-1.4294,151.4901,38.4473,,,68.9,-0.64
1913,00h 31m 53s,40.17,False,False,1.4937,41.7436,50.0166,-0.0166,-0.95,-1.0884,51.5013,40.7935,50.0,0.0,-1.0985,-1.2589,101.4892,39.695,50.0165,-0.0165,-1.2477,-1.4294,151.4901,38.4473,,,68.9,-0.64
1914,00h 31m 54s,40.17,False,False,1.4937,41.7436,50.0166,-0.0166,-0.95,-1.0884,51.5013,40.7935,50.0,0.0,-1.0985,-1.2589,101.4892,39.695,50.0165,-0.0165,-1.2477,-1.4294,151.4901,38.4473,,,68.9,-0.64
1915,00h 31m 55s,40.17,False,False,1.4937,41.7436,50.0166,-0.0166,-0.95,-1.0884,51.5013,40.7935,50.0,0.0,-1.0985,-1.2589,101.4892,39.695,50.0165,-0.0165,-1.2477,-1.4294,151.4901,38.4473,,,68.9,-0.64
1916,00h 31m 56s,40.17,False,False,1.4937,41.7436,50.0166,-0.0166,-0.95,-1.0884,51.5013,40.7935,50.0,0.0,-1.0985,-1.2589,101.4892,39.695,50.0165,-0.0165,-1.2477,-1.4294,151.4901,38.4473,,,68.9,-0.64
1917,00h 31m 57s,40.17,False,False,1.4937,41.7436,50.0166,-0.0166,-0.95,-1.0884,51.5013,40.7935,50.0,0.0,-1.0985,-1.2589,101.4892,39.695,50.0165,-0.0165,-1.2477,-1.4294,151.4901,38.4473,,,68.9,-0.64
1918,00h 31m 58s,40.17,False,False,1.4937,41.7436,50.0166,-0.0166,-0.95,-1.0884,51.5013,40.7935,50.0,0.0,-1.0985,-1.2589,101.4892,39.695,50.0165,-0.0165,-1.2477,-1.4294,151.4901,38.4473,,,68.9,-0.64
1919,00h 31m 59s,40.17,False,False,1.4937,41.7436,50.0166,-0.0166,-0.95,-1.0884,51.5013,40.7935,50.0,0.0,-1.0985,-1.2589,101.4892,39.695,50.0165,-0.0165,-1.2477,-1.4294,151.4901,38.4473,,,68.9,-0.64
1920,00h 32m 00s,40.194,False,False,1.4938,41.7924,50.0175,-0.0175,-0.999,-1.1444,51.5012,40.7934,50.0,0.0,-1.0983,-1.2587,101.4892,39.6951,50.0156,-0.0156,-1.1984,-1.373,151.4904,38.4967,,,68.9,-0.64
1921,00h 32m 01s,40.219,False,False,1.4941,41.8407,50.0182,-0.0182,-1.0474,-1.1999,51.5012,40.7933,50.0,0.0,-1.098,-1.2583,101.4892,39.6953,50.0162,-0.0162,-1.1493,-1.3167,151.4921,38.546,,,68.9,-0.64
1922,00h 32m 02s,40.243,False,False,1.495,41.8894,50.0182,-0.0182,-1.0962,-1.2558,51.5012,40.7932,50.0,0.0,-1.0978,-1.2581,101.4892,39.6954,50.0146,-0.0146,-1.1001,-1.2603,151.4917,38.5953,,,68.9,-0.64
1923,00h 32m 03s,40.268,False,False,1.4962,41.938,50.0182,-0.0182,-1.145,-1.3117,51.5012,40.793,50.0,0.0,-1.0975,-1.2578,101.4892,39.6955,50.015,-0.015,-1.0508,-1.2038,151.4932,38.6447,,,68.9,-0.64
1924,00h 32m 04s,40.292,False,False,1.4971,41.9864,50.0184,-0.0184,-1.1935,-1.3673,51.5012,40.7929,50.0,0.0,-1.0973,-1.2575,101.4892,39.6956,50.015,-0.015,-1.0018,-1.1477,151.4941,38.6938,,,68.9,-0.64
1925,00h 32m 05s,40.36,False,False,1.4985,42.0343,50.0163,-0.0163,-1.1546,-1.3227,51.5014,40.8797,50.0,0.0,-1.0969,-1.257,101.4894,39.7828,50.0163,-0.0163,-1.0399,-1.1913,151.4949,38.743,,,72.1,-0.64
1926,00h 32m 06s,40.428,False,False,1.4995,42.0828,50.0169,-0.0169,-1.1166,-1.2792,51.504,40.9663,50.0,0.0,-1.0967,-1.2568,101.4919,39.8696,50.017,-0.017,-1.0775,-1.2344,151.4973,38.7921,,,72.9,-1.02
1927,00h 32m 07s,40.495,False,False,1.5006,42.1307,50.0169,-0.0169,-1.078,-1.235,51.5058,41.0527,50.0,0.0,-1.0962,-1.2563,101.4938,39.9565,50.0169,-0.0169,-1.1151,-1.2775,151.4983,38.8414,,,74.3,-1.02
1928,00h 32m 08s,40.563,False,True,1.5013,42.1788,50.017,-0.017,-1.0397,-1.1911,51.5075,41.1391,50.0,0.0,-1.0959,-1.2559,101.4955,40.0432,50.017,-0.017,-1.1528,-1.3207,151.4992,38.8904,,,76.0,-1.02
1929,00h 32m 09s,40.631,False,False,1.503,42.2266,50.0169,-0.0169,-1.0009,-1.1466,51.5099,41.2257,50.0,0.0,-1.0954,-1.2553,101.4979,40.1304,50.0169,-0.0169,-1.1906,-1.364,151.5006,38.9398,,,76.9,-1.02
1930,00h 32m 10s,40.698,False,False,1.5039,42.2749,50.0174,-0.0174,-0.9624,-1.1025,51.512,41.3125,50.0,0.0,-1.0951,-1.255,101.5,40.2174,50.0173,-0.0173,-1.2286,-1.4075,151.5022,38.9888,,,78.1,-1.02
1931,00h 32m 11s,40.766,False,False,1.5046,42.323,50.0175,-0.0175,-0.9238,-1.0583,51.5137,41.3992,50.0,0.0,-1.0947,-1.2545,101.5017,40.3045,50.0175,-0.0175,-1.2663,-1.4507,151.5031,39.0382,,,79.8,-1.02
1932,00h 32m 12s,40.791,False,True,1.5072,42.3714,50.0159,-0.0159,-0.9723,-1.1139,51.5137,41.3991,50.0,0.0,-1.0944,-1.2542,101.5017,40.3047,50.0174,-0.0174,-1.2173,-1.3945,151.5043,39.0874,,,79.8,-1.02
1933,00h 32m 13s,40.803,False,True,1.508,42.4192,50.016,-0.016,-1.0122,-1.1596,51.5138,41.407,50.0,0.0,-1.1104,-1.2725,101.5015,40.2967,50.0174,-0.0174,-1.2093,-1.3854,151.5043,39.0874,,,79.9,-1.02
1934,00h 32m 14s,40.827,False,False,1.5098,42.4679,50.0153,-0.0153,-1.0609,-1.2154,51.5138,41.407,50.0,0.0,-1.1102,-1.2723,101.5015,40.2968,50.0173,-0.0173,-1.1602,-1.3292,151.5053,39.1365,,,79.9,-1.02
1935,00h 32m 15s,40.852,False,False,1.5112,42.5167,50.0149,-0.0149,-1.1098,-1.2714,51.5138,41.4069,50.0,0.0,-1.1101,-1.2722,101.5015,40.2968,50.0176,-0.0176,-1.1111,-1.2729,151.5067,39.1857,,,79.9,-1.02
1936,00h 32m 16s,40.876,False,False,1.5114,42.5646,50.0159,-0.0159,-1.158,-1.3267,51.5138,41.4066,50.0,0.0,-1.1096,-1.2716,101.5015,40.2971,50.0175,-0.0175,-1.0619,-1.2165,151.5077,39.2352,,,79.9,-1.02
1937,00h 32m 17s,40.9,False,False,1.5118,42.6134,50.0166,-0.0166,-1.2068,-1.3826,51.5138,41.4065,50.0,0.0,-1.1094,-1.2713,101.5015,40.2972,50.0174,-0.0174,-1.0126,-1.1601,151.5087,39.2846,,,79.9,-1.02
1938,00h 32m 18s,40.968,False,False,1.5123,42.6617,50.0175,-0.0175,-1.1683,-1.3384,51.5161,41.4934,50.0,0.0,-1.1091,-1.271,101.5038,40.3843,50.0175,-0.0175,-1.0506,-1.2036,151.5103,39.3337,,,80.9,-0.87
1939,00h 32m 19s,41.036,False,False,1.5124,42.7101,50.0177,-0.0177,-1.1301,-1.2947,51.5173,41.58,50.0,0.0,-1.1088,-1.2707,101.5051,40.4712,50.0177,-0.0177,-1.0883,-1.2468,151.5109,39.3829,,,83.0,-0.87
1940,00h 32m 20s,41.104,False,False,1.5143,42.7579,50.0173,-0.0173,-1.0916,-1.2505,51.5197,41.6664,50.0,0.0,-1.1084,-1.2702,101.5074,40.5579,50.0173,-0.0173,-1.126,-1.29,151.512,39.4319,,,84.0,-0.87
1941,00h 32m 21s,41.171,False,True,1.5147,42.8062,50.0176,-0.0176,-1.0533,-1.2067,51.5212,41.7529,50.0,0.0,-1.1082,-1.27,101.5089,40.6447,50.0175,-0.0175,-1.1638,-1.3332,151.5129,39.481,,,85.8,-0.87
1942,00h 32m 22s,41.239,False,True,1.5163,42.8547,50.0182,-0.0182,-1.0154,-1.1632,51.5242,41.8393,50.0,0.0,-1.1079,-1.2697,101.5119,40.7314,50.0181,-0.0181,-1.2012,-1.3761,151.5156,39.5301,,,86.2,-0.87
1943,00h 32m 23s,41.307,False,True,1.5184,42.9033,50.0179,-0.0179,-0.9772,-1.1195,51.5268,41.9261,50.0,0.0,-1.1078,-1.2695,101.5145,40.8183,50.0179,-0.0179,-1.2391,-1.4195,151.5171,39.5792,,,86.9,-0.87
1944,00h 32m 24s,41.375,False,False,1.5195,42.9512,50.0177,-0.0177,-0.9385,-1.0751,51.5284,42.0127,50.0,0.0,-1.1073,-1.2689,101.5161,40.9054,50.0177,-0.0177,-1.2768,-1.4628,151.5175,39.6286,,,88.6,-0.85
1945,00h 32m 25s,41.399,False,True,1.5203,42.9998,50.0178,-0.0178,-0.9872,-1.1309,51.5284,42.0126,50.0,0.0,-1.107,-1.2686,101.5161,40.9056,50.0186,-0.0186,-1.2276,-1.4064,151.5197,39.678,,,88.6,-0.85
1946,00h 32m 26s,41.411,False,True,1.5222,43.0478,50.0169,-0.0169,-1.0272,-1.1767,51.5286,42.0206,50.0,0.0,-1.123,-1.287,101.516,40.8976,50.0186,-0.0186,-1.2196,-1.3972,151.5197,39.678,,,88.7,-0.85
1947,00h 32m 27s,41.423,False,True,1.5234,43.0959,50.0168,-0.0168,-1.0673,-1.2227,51.5288,42.0286,50.0,0.0,-1.139,-1.3054,101.5158,40.8896,50.0185,-0.0185,-1.2116,-1.388,151.5197,39.678,,,88.9,-0.85
1948,00h 32m 28s,41.435,False,True,1.5245,43.1444,50.0167,-0.0167,-1.1078,-1.2691,51.5289,42.0367,50.0,0.0,-1.1552,-1.3239,101.5156,40.8815,50.0185,-0.0185,-1.2035,-1.3787,151.5197,39.678,,,89.0,-0.85
1949,00h 32m 29s,41.447,False,True,1.526,43.1924,50.0163,-0.0163,-1.1477,-1.3148,51.5291,42.0447,50.0,0.0,-1.1712,-1.3422,101.5154,40.8735,50.0185,-0.0185,-1.1955,-1.3696,151.5197,39.678,,,89.1,-0.85
1950,00h 32m 30s,41.447,False,True,1.526,43.1924,50.0163,-0.0163,-1.1477,-1.3148,51.5291,42.0447,50.0,0.0,-1.1712,-1.3422,101.5154,40.8735,50.0185,-0.0185,-1.1955,-1.3696,151.5197,39.678,,,89.1,-0.85
1951,00h 32m 31s,41.447,False,True,1.526,43.1924,50.0163,-0.0163,-1.1477,-1.3148,51.5291,42.0447,50.0,0.0,-1.1712,-1.3422,101.5154,40.8735,50.0185,-0.0185,-1.1955,-1.3696,151.5197,39.678,,,89.1,-0.85
1952,00h 32m 32s,41.447,False,True,1.526,43.1924,50.0163,-0.0163,-1.1477,-1.3148,51.5291,42.0447,50.0,0.0,-1.1712,-1.3422,101.5154,40.8735,50.0185,-0.0185,-1.1955,-1.3696,151.5197,39.678,,,89.1,-0.85
1953,00h 32m 33s,41.447,False,True,1.526,43.1924,50.0163,-0.0163,-1.1477,-1.3148,51.5291,42.0447,50.0,0.0,-1.1712,-1.3422,101.5154,40.8735,50.0185,-0.0185,-1.1955,-1.3696,151.5197,39.678,,,89.1,-0.85
1954,00h 32m 34s,41.447,False,True,1.526,43.1924,50.0163,-0.0163,-1.1477,-1.3148,51.5291,42.0447,50.0,0.0,-1.1712,-1.3422,101.5154,40.8735,50.0185,-0.0185,-1.1955,-1.3696,151.5197,39.678,,,89.1,-0.85
1955,00h 32m 35s,41.447,False,True,1.526,43.1924,50.0163,-0.0163,-1.1477,-1.3148,51.5291,42.0447,50.0,0.0,-1.1712,-1.3422,101.5154,40.8735,50.0185,-0.0185,-1.1955,-1.3696,151.5197,39.678,,,89.1,-0.85
1956,00h 32m 36s,41.447,False,True,1.526,43.1924,50.0163,-0.0163,-1.1477,-1.3148,51.5291,42.0447,50.0,0.0,-1.1712,-1.3422,101.5154,40.8735,50.0185,-0.0185,-1.1955,-1.3696,151.5197,39.678,,,89.1,-0.85
1957,00h 32m 37s,41.447,False,True,1.526,43.1924,50.0163,-0.0163,-1.1477,-1.3148,51.5291,42.0447,50.0,0.0,-1.1712,-1.3422,101.5154,40.8735,50.0185,-0.0185,-1.1955,-1.3696,151.5197,39.678,,,89.1,-0.85
1958,00h 32m 38s,41.447,False,True,1.526,43.1924,50.0163,-0.0163,-1.1477,-1.3148,51.5291,42.0447,50.0,0.0,-1.1712,-1.3422,101.5154,40.8735,50.0185,-0.0185,-1.1955,-1.3696,151.5197,39.678,,,89.1,-0.85
1959,00h 32m 39s,41.447,False,True,1.526,43.1924,50.0163,-0.0163,-1.1477,-1.3148,51.5291,42.0447,50.0,0.0,-1.1712,-1.3422,101.5154,40.8735,50.0185,-0.0185,-1.1955,-1.3696,151.5197,39.678,,,89.1,-0.85
1960,00h 32m 40s,41.447,False,True,1.526,43.1924,50.0163,-0.0163,-1.1477,-1.3148,51.5291,42.0447,50.0,0.0,-1.1712,-1.3422,101.5154,40.8735,50.0185,-0.0185,-1.1955,-1.3696,151.5197,39.678,,,89.1,-0.85
1961,00h 32m 41s,41.447,False,True,1.526,43.1924,50.0163,-0.0163,-1.1477,-1.3148,51.5291,42.0447,50.0,0.0,-1.1712,-1.3422,101.5154,40.8735,50.0185,-0.0185,-1.1955,-1.3696,151.5197,39.678,,,89.1,-0.85
1962,00h 32m 42s,41.447,False,True,1.526,43.1924,50.0163,-0.0163,-1.1477,-1.3148,51.5291,42.0447,50.0,0.0,-1.1712,-1.3422,101.5154,40.8735,50.0185,-0.0185,-1.1955,-1.3696,151.5197,39.678,,,89.1,-0.85
1963,00h 32m 43s,41.447,False,True,1.526,43.1924,50.0163,-0.0163,-1.1477,-1.3148,51.5291,42.0447,50.0,0.0,-1.1712,-1.3422,101.5154,40.8735,50.0185,-0.0185,-1.1955,-1.3696,151.5197,39.678,,,89.1,-0.85
1964,00h 32m 44s,41.447,False,True,1.526,43.1924,50.0163,-0.0163,-1.1477,-1.3148,51.5291,42.0447,50.0,0.0,-1.1712,-1.3422,101.5154,40.8735,50.0185,-0.0185,-1.1955,-1.3696,151.5197,39.678,,,89.1,-0.85
1965,00h 32m 45s,41.447,False,True,1.526,43.1924,50.0163,-0.0163,-1.1477,-1.3148,51.5291,42.0447,50.0,0.0,-1.1712,-1.3422,101.5154,40.8735,50.0185,-0.0185,-1.1955,-1.3696,151.5197,39.678,,,89.1,-0.85
1966,00h 32m 46s,41.447,False,True,1.526,43.1924,50.0163,-0.0163,-1.1477,-1.3148,51.5291,42.0447,50.0,0.0,-1.1712,-1.3422,101.5154,40.8735,50.0185,-0.0185,-1.1955,-1.3696,151.5197,39.678,,,89.1,-0.85
1967,00h 32m 47s,41.447,False,True,1.526,43.1924,50.0163,-0.0163,-1.1477,-1.3148,51.5291,42.0447,50.0,0.0,-1.1712,-1.3422,101.5154,40.8735,50.0185,-0.0185,-1.1955,-1.3696,151.5197,39.678,,,89.1,-0.85
1968,00h 32m 48s,41.447,False,True,1.526,43.1924,50.0163,-0.0163,-1.1477,-1.3148,51.5291,42.0447,50.0,0.0,-1.1712,-1.3422,101.5154,40.8735,50.0185,-0.0185,-1.1955,-1.3696,151.5197,39.678,,,89.1,-0.85
1969,00h 32m 49s,41.447,False,True,1.526,43.1924,50.0163,-0.0163,-1.1477,-1.3148,51.5291,42.0447,50.0,0.0,-1.1712,-1.3422,101.5154,40.8735,50.0185,-0.0185,-1.1955,-1.3696,151.5197,39.678,,,89.1,-0.85
1970,00h 32m 50s,41.447,False,True,1.526,43.1924,50.0163,-0.0163,-1.1477,-1.3148,51.5291,42.0447,50.0,0.0,-1.1712,-1.3422,101.5154,40.8735,50.0185,-0.0185,-1.1955,-1.3696,151.5197,39.678,,,89.1,-0.85
1971,00h 32m 51s,41.447,False,True,1.526,43.1924,50.0163,-0.0163,-1.1477,-1.3148,51.5291,42.0447,50.0,0.0,-1.1712,-1.3422,101.5154,40.8735,50.0185,-0.0185,-1.1955,-1.3696,151.5197,39.678,,,89.1,-0.85
1972,00h 32m 52s,41.447,False,True,1.526,43.1924,50.0163,-0.0163,-1.1477,-1.3148,51.5291,42.0447,50.0,0.0,-1.1712,-1.3422,101.5154,40.8735,50.0185,-0.0185,-1.1955,-1.3696,151.5197,39.678,,,89.1,-0.85
1973,00h 32m 53s,41.447,False,True,1.526,43.1924,50.0163,-0.0163,-1.1477,-1.3148,51.5291,42.0447,50.0,0.0,-1.1712,-1.3422,101.5154,40.8735,50.0185,-0.0185,-1.1955,-1.3696,151.5197,39.678,,,89.1,-0.85
1974,00h 32m 54s,41.447,False,True,1.526,43.1924,50.0163,-0.0163,-1.1477,-1.3148,51.5291,42.0447,50.0,0.0,-1.1712,-1.3422,101.5154,40.8735,50.0185,-0.0185,-1.1955,-1.3696,151.5197,39.678,,,89.1,-0.85
1975,00h 32m 55s,41.447,False,True,1.526,43.1924,50.0163,-0.0163,-1.1477,-1.3148,51.5291,42.0447,50.0,0.0,-1.1712,-1.3422,101.5154,40.8735,50.0185,-0.0185,-1.1955,-1.3696,151.5197,39.678,,,89.1,-0.85
1976,00h 32m 56s,41.447,False,True,1.526,43.1924,50.0163,-0.0163,-1.1477,-1.3148,51.5291,42.0447,50.0,0.0,-1.1712,-1.3422,101.5154,40.8735,50.0185,-0.0185,-1.1955,-1.3696,151.5197,39.678,,,89.1,-0.85
1977,00h 32m 57s,41.447,False,True,1.526,43.1924,50.0163,-0.0163,-1.1477,-1.3148,51.5291,42.0447,50.0,0.0,-1.1712,-1.3422,101.5154,40.8735,50.0185,-0.0185,-1.1955,-1.3696,151.5197,39.678,,,89.1,-0.85
1978,00h 32m 58s,41.447,False,True,1.526,43.1924,50.0163,-0.0163,-1.1477,-1.3148,51.5291,42.0447,50.0,0.0,-1.1712,-1.3422,101.5154,40.8735,50.0185,-0.0185,-1.1955,-1.3696,151.5197,39.678,,,89.1,-0.85
1979,00h 32m 59s,41.447,False,True,1.526,43.1924,50.0163,-0.0163,-1.1477,-1.3148,51.5291,42.0447,50.0,0.0,-1.1712,-1.3422,101.5154,40.8735,50.0185,-0.0185,-1.1955,-1.3696,151.5197,39.678,,,89.1,-0.85
1980,00h 33m 00s,41.459,False,True,1.5272,43.2403,50.0162,-0.0162,-1.1876,-1.3606,51.5293,42.0527,50.0,0.0,-1.1872,-1.3605,101.5152,40.8655,50.0185,-0.0185,-1.1875,-1.3604,151.5197,39.678,,,89.2,-0.85
1981,00h 33m 01s,41.471,False,True,1.5287,43.2887,50.0159,-0.0159,-1.228,-1.4069,51.5295,42.0607,50.0,0.0,-1.2033,-1.379,101.515,40.8574,50.0185,-0.0185,-1.1795,-1.3512,151.5197,39.678,,,89.3,-0.85
1982,00h 33m 02s,41.483,False,True,1.5297,43.3367,50.016,-0.016,-1.268,-1.4527,51.5297,42.0687,50.0,0.0,-1.2193,-1.3973,101.5148,40.8494,50.0185,-0.0185,-1.1715,-1.342,151.5197,39.678,,,89.5,-0.85
1983,00h 33m 03s,41.495,False,True,1.5304,43.3851,50.0167,-0.0167,-1.3083,-1.4989,51.5299,42.0768,50.0,0.0,-1.2354,-1.4158,101.5146,40.8414,50.0185,-0.0185,-1.1634,-1.3328,151.5197,39.678,,,89.6,-0.85
1984,00h 33m 04s,41.526,False,True,1.5315,43.433,50.0084,-0.0084,-1.3105,-1.5016,51.5227,42.1225,50.0,0.0,-1.2514,-1.4341,101.507,40.8711,50.0268,-0.0268,-1.1931,-1.3666,151.5197,39.678,,,98.5,-0.85
1985,00h 33m 05s,41.594,False,False,1.5334,43.4811,50.0173,-0.0173,-1.2722,-1.4575,51.5346,42.2089,50.0,0.0,-1.251,-1.4337,101.5189,40.9579,50.0173,-0.0173,-1.2306,-1.4098,151.5211,39.7273,,,90.0,-0.85
1986,00h 33m 06s,41.661,False,True,1.5343,43.529,50.0174,-0.0174,-1.2338,-1.4134,51.5365,42.2952,50.0,0.0,-1.2506,-1.4332,101.5209,41.0447,50.0174,-0.0174,-1.2683,-1.453,151.5222,39.7764,,,91.3,-0.85
1987,00h 33m 07s,41.729,False,True,1.5345,43.577,50.0179,-0.0179,-1.1952,-1.3692,51.5381,42.3818,50.0,0.0,-1.2501,-1.4326,101.5225,41.1317,50.0179,-0.0179,-1.3059,-1.496,151.5233,39.8259,,,93.1,-0.85
1988,00h 33m 08s,41.797,False,True,1.5357,43.6256,50.0178,-0.0178,-1.157,-1.3254,51.5402,42.4686,50.0,0.0,-1.2498,-1.4323,101.5245,41.2188,50.0178,-0.0178,-1.3435,-1.5392,151.5243,39.8753,,,94.3,-0.85
1989,00h 33m 09s,41.865,False,False,1.5369,43.6737,50.0177,-0.0177,-1.1185,-1.2813,51.5421,42.5553,50.0,0.0,-1.2494,-1.4318,101.5265,41.3059,50.0177,-0.0177,-1.3811,-1.5823,151.5251,39.9248,,,95.7,-0.75
1990,00h 33m 10s,41.933,False,False,1.5378,43.7223,50.0178,-0.0178,-1.0804,-1.2377,51.5439,42.6419,50.0,0.0,-1.2491,-1.4315,101.5283,41.3929,50.0178,-0.0178,-1.4186,-1.6252,151.526,39.9743,,,97.2,-0.75
1991,00h 33m 11s,41.957,False,True,1.5388,43.7705,50.0178,-0.0178,-1.1288,-1.2932,51.5439,42.6417,50.0,0.0,-1.2487,-1.431,101.5283,41.393,50.0185,-0.0185,-1.3695,-1.5689,151.5281,40.0236,,,97.2,-0.75
1992,00h 33m 12s,41.969,False,True,1.5394,43.8186,50.0184,-0.0184,-1.1689,-1.3391,51.5441,42.6497,50.0,0.0,-1.2647,-1.4494,101.5281,41.385,50.0185,-0.0185,-1.3615,-1.5597,151.5281,40.0236,,,97.3,-0.75
1993,00h 33m 13s,41.981,False,True,1.5404,43.8672,50.0186,-0.0186,-1.2093,-1.3854,51.5443,42.6578,50.0,0.0,-1.2809,-1.4679,101.5279,41.3769,50.0185,-0.0185,-1.3534,-1.5505,151.5281,40.0236,,,97.4,-0.75
1994,00h 33m 14s,41.993,False,True,1.5408,43.9152,50.0193,-0.0193,-1.2494,-1.4313,51.5446,42.6658,50.0,0.0,-1.2969,-1.4863,101.5277,41.3689,50.0185,-0.0185,-1.3454,-1.5413,151.5281,40.0236,,,97.5,-0.75
1995,00h 33m 15s,42.006,False,True,1.542,43.9638,50.0194,-0.0194,-1.2898,-1.4776,51.5448,42.6739,50.0,0.0,-1.3131,-1.5048,101.5275,41.3609,50.0185,-0.0185,-1.3373,-1.532,151.5281,40.0236,,,97.6,-0.75
1996,00h 33m 16s,42.018,False,True,1.5433,44.0122,50.0194,-0.0194,-1.3302,-1.5239,51.545,42.682,50.0,0.0,-1.3292,-1.5233,101.5273,41.3528,50.0185,-0.0185,-1.3292,-1.5228,151.5281,40.0236,,,97.7,-0.75
1997,00h 33m 17s,42.03,False,True,1.5437,44.0605,50.0203,-0.0203,-1.3705,-1.57,51.5452,42.69,50.0,0.0,-1.3453,-1.5418,101.5271,41.3447,50.0185,-0.0185,-1.3212,-1.5136,151.5281,40.0236,,,97.8,-0.75
1998,00h 33m 18s,42.042,False,True,1.5449,44.1088,50.0204,-0.0204,-1.4107,-1.6161,51.5454,42.6981,50.0,0.0,-1.3614,-1.5602,101.5269,41.3367,50.0185,-0.0185,-1.3131,-1.5043,151.5281,40.0236,,,97.9,-0.75
1999,00h 33m 19s,42.054,False,True,1.5457,44.1569,50.021,-0.021,-1.4508,-1.662,51.5456,42.7061,50.0,0.0,-1.3774,-1.5786,101.5267,41.3287,50.0185,-0.0185,-1.3051,-1.4952,151.5281,40.0236,,,98.0,-0.75
2000,00h 33m 20s,42.085,False,True,1.5455,44.2053,50.0113,-0.0113,-1.4534,-1.6653,51.5357,42.7519,50.0,0.0,-1.3935,-1.5971,101.5162,41.3584,50.0297,-0.0297,-1.3348,-1.5289,151.5281,40.0236,,,109.7,-0.75
2001,00h 33m 21s,42.116,False,True,1.5476,44.2532,50.0053,-0.0053,-1.4557,-1.6681,51.5317,42.7975,50.0,0.0,-1.4095,-1.6154,101.5118,41.388,50.0349,-0.0349,-1.3645,-1.5627,151.5281,40.0236,,,115.4,-0.75
2002,00h 33m 22s,42.146,False,True,1.5489,44.3012,50.0027,-0.0027,-1.4581,-1.671,51.5303,42.8431,50.0,0.0,-1.4255,-1.6337,101.51,41.4176,50.0376,-0.0376,-1.394,-1.5964,151.5281,40.0236,,,118.6,-0.75
2003,00h 33m 23s,42.177,False,True,1.5509,44.3499,50.001,-0.001,-1.4612,-1.6747,51.5306,42.8887,50.0,0.0,-1.4417,-1.6523,101.5098,41.447,50.0386,-0.0386,-1.4234,-1.63,151.5281,40.0236,,,120.0,-0.75
2004,00h 33m 24s,42.208,False,True,1.5515,44.3987,50.0009,-0.0009,-1.4644,-1.6783,51.531,42.9343,50.0,0.0,-1.458,-1.671,101.5097,41.4763,50.0395,-0.0395,-1.4528,-1.6637,151.5281,40.0236,,,121.4,-0.75
2005,00h 33m 25s,42.239,False,True,1.5522,44.4471,50.0008,-0.0008,-1.4672,-1.6815,51.5315,42.9799,50.0,0.0,-1.4741,-1.6894,101.5097,41.5058,50.0403,-0.0403,-1.4822,-1.6973,151.5281,40.0236,,,122.6,-0.75
2006,00h 33m 26s,42.27,False,True,1.5543,44.4954,50.0001,-0.0001,-1.47,-1.6848,51.5327,43.0254,50.0,0.0,-1.4902,-1.7079,101.5105,41.5352,50.0404,-0.0404,-1.5116,-1.731,151.5281,40.0236,,,123.1,-0.75
2007,00h 33m 27s,42.301,False,True,1.556,44.5437,49.9999,0.0001,-1.4728,-1.688,51.5342,43.0709,50.0,0.0,-1.5063,-1.7264,101.5115,41.5646,50.0404,-0.0404,-1.541,-1.7647,151.5281,40.0236,,,123.4,-3.08
2008,00h 33m 28s,42.332,False,True,1.5577,44.5922,49.9998,0.0002,-1.4758,-1.6914,51.5357,43.1164,50.0,0.0,-1.5225,-1.7449,101.5126,41.594,50.0402,-0.0402,-1.5704,-1.7984,151.5281,40.0236,,,123.6,-3.08
2009,00h 33m 29s,42.362,False,True,1.5591,44.6403,49.9999,0.0001,-1.4784,-1.6944,51.5372,43.1619,50.0,0.0,-1.5385,-1.7633,101.5135,41.6234,50.0402,-0.0402,-1.5998,-1.8321,151.5281,40.0236,,,123.9,-3.08
2010,00h 33m 30s,42.381,False,True,1.5591,44.6403,50.0,0.0,-1.441,-1.6515,51.5383,43.1994,50.0,0.0,-1.5385,-1.7633,101.5146,41.6609,50.0403,-0.0403,-1.6373,-1.875,151.5281,40.0236,,,124.3,-3.08
2011,00h 33m 31s,42.4,False,True,1.5591,44.6403,50.0,0.0,-1.4035,-1.6085,51.5394,43.2368,50.0,0.0,-1.5385,-1.7633,101.5157,41.6983,50.0405,-0.0405,-1.6747,-1.9179,151.5281,40.0236,,,124.6,-3.08
2012,00h 33m 32s,42.4,False,True,1.5591,44.6403,50.0,0.0,-1.4035,-1.6085,51.5394,43.2368,50.0,0.0,-1.5385,-1.7633,101.5157,41.6983,50.0405,-0.0405,-1.6747,-1.9179,151.5281,40.0236,,,124.6,-3.08
2013,00h 33m 33s,42.4,False,True,1.5591,44.6403,50.0,0.0,-1.4035,-1.6085,51.5394,43.2368,50.0,0.0,-1.5385,-1.7633,101.5157,41.6983,50.0405,-0.0405,-1.6747,-1.9179,151.5281,40.0236,,,124.6,-3.08
2014,00h 33m 34s,42.4,False,True,1.5591,44.6403,50.0,0.0,-1.4035,-1.6085,51.5394,43.2368,50.0,0.0,-1.5385,-1.7633,101.5157,41.6983,50.0405,-0.0405,-1.6747,-1.9179,151.5281,40.0236,,,124.6,-3.08
2015,00h 33m 35s,42.4,False,True,1.5591,44.6403,50.0,0.0,-1.4035,-1.6085,51.5394,43.2368,50.0,0.0,-1.5385,-1.7633,101.5157,41.6983,50.0405,-0.0405,-1.6747,-1.9179,151.5281,40.0236,,,124.6,-3.08
2016,00h 33m 36s,42.4,False,True,1.5591,44.6403,50.0,0.0,-1.4035,-1.6085,51.5394,43.2368,50.0,0.0,-1.5385,-1.7633,101.5157,41.6983,50.0405,-0.0405,-1.6747,-1.9179,151.5281,40.0236,,,124.6,-3.08
2017,00h 33m 37s,42.4,False,True,1.5591,44.6403,50.0,0.0,-1.4035,-1.6085,51.5394,43.2368,50.0,0.0,-1.5385,-1.7633,101.5157,41.6983,50.0405,-0.0405,-1.6747,-1.9179,151.5281,40.0236,,,124.6,-3.08
2018,00h 33m 38s,42.4,False,True,1.5591,44.6403,50.0,0.0,-1.4035,-1.6085,51.5394,43.2368,50.0,0.0,-1.5385,-1.7633,101.5157,41.6983,50.0405,-0.0405,-1.6747,-1.9179,151.5281,40.0236,,,124.6,-3.08
2019,00h 33m 39s,42.4,False,True,1.5591,44.6403,50.0,0.0,-1.4035,-1.6085,51.5394,43.2368,50.0,0.0,-1.5385,-1.7633,101.5157,41.6983,50.0405,-0.0405,-1.6747,-1.9179,151.5281,40.0236,,,124.6,-3.08
2020,00h 33m 40s,42.4,False,True,1.5591,44.6403,50.0,0.0,-1.4035,-1.6085,51.5394,43.2368,50.0,0.0,-1.5385,-1.7633,101.5157,41.6983,50.0405,-0.0405,-1.6747,-1.9179,151.5281,40.0236,,,124.6,-3.08
2021,00h 33m 41s,42.4,False,True,1.5591,44.6403,50.0,0.0,-1.4035,-1.6085,51.5394,43.2368,50.0,0.0,-1.5385,-1.7633,101.5157,41.6983,50.0405,-0.0405,-1.6747,-1.9179,151.5281,40.0236,,,124.6,-3.08
2022,00h 33m 42s,42.4,False,True,1.5591,44.6403,50.0,0.0,-1.4035,-1.6085,51.5394,43.2368,50.0,0.0,-1.5385,-1.7633,101.5157,41.6983,50.0405,-0.0405,-1.6747,-1.9179,151.5281,40.0236,,,124.6,-3.08
2023,00h 33m 43s,42.4,False,True,1.5591,44.6403,50.0,0.0,-1.4035,-1.6085,51.5394,43.2368,50.0,0.0,-1.5385,-1.7633,101.5157,41.6983,50.0405,-0.0405,-1.6747,-1.9179,151.5281,40.0236,,,124.6,-3.08
2024,00h 33m 44s,42.4,False,True,1.5591,44.6403,50.0,0.0,-1.4035,-1.6085,51.5394,43.2368,50.0,0.0,-1.5385,-1.7633,101.5157,41.6983,50.0405,-0.0405,-1.6747,-1.9179,151.5281,40.0236,,,124.6,-3.08
2025,00h 33m 45s,42.4,False,True,1.5591,44.6403,50.0,0.0,-1.4035,-1.6085,51.5394,43.2368,50.0,0.0,-1.5385,-1.7633,101.5157,41.6983,50.0405,-0.0405,-1.6747,-1.9179,151.5281,40.0236,,,124.6,-3.08
2026,00h 33m 46s,42.4,False,True,1.5591,44.6403,50.0,0.0,-1.4035,-1.6085,51.5394,43.2368,50.0,0.0,-1.5385,-1.7633,101.5157,41.6983,50.0405,-0.0405,-1.6747,-1.9179,151.5281,40.0236,,,124.6,-3.08
2027,00h 33m 47s,42.4,False,True,1.5591,44.6403,50.0,0.0,-1.4035,-1.6085,51.5394,43.2368,50.0,0.0,-1.5385,-1.7633,101.5157,41.6983,50.0405,-0.0405,-1.6747,-1.9179,151.5281,40.0236,,,124.6,-3.08
2028,00h 33m 48s,42.4,False,True,1.5591,44.6403,50.0,0.0,-1.4035,-1.6085,51.5394,43.2368,50.0,0.0,-1.5385,-1.7633,101.5157,41.6983,50.0405,-0.0405,-1.6747,-1.9179,151.5281,40.0236,,,124.6,-3.08
2029,00h 33m 49s,42.4,False,True,1.5591,44.6403,50.0,0.0,-1.4035,-1.6085,51.5394,43.2368,50.0,0.0,-1.5385,-1.7633,101.5157,41.6983,50.0405,-0.0405,-1.6747,-1.9179,151.5281,40.0236,,,124.6,-3.08
2030,00h 33m 50s,42.4,False,True,1.5591,44.6403,50.0,0.0,-1.4035,-1.6085,51.5394,43.2368,50.0,0.0,-1.5385,-1.7633,101.5157,41.6983,50.0405,-0.0405,-1.6747,-1.9179,151.5281,40.0236,,,124.6,-3.08
2031,00h 33m 51s,42.4,False,True,1.5591,44.6403,50.0,0.0,-1.4035,-1.6085,51.5394,43.2368,50.0,0.0,-1.5385,-1.7633,101.5157,41.6983,50.0405,-0.0405,-1.6747,-1.9179,151.5281,40.0236,,,124.6,-3.08
2032,00h 33m 52s,42.4,False,True,1.5591,44.6403,50.0,0.0,-1.4035,-1.6085,51.5394,43.2368,50.0,0.0,-1.5385,-1.7633,101.5157,41.6983,50.0405,-0.0405,-1.6747,-1.9179,151.5281,40.0236,,,124.6,-3.08
2033,00h 33m 53s,42.4,False,True,1.5591,44.6403,50.0,0.0,-1.4035,-1.6085,51.5394,43.2368,50.0,0.0,-1.5385,-1.7633,101.5157,41.6983,50.0405,-0.0405,-1.6747,-1.9179,151.5281,40.0236,,,124.6,-3.08
2034,00h 33m 54s,42.4,False,True,1.5591,44.6403,50.0,0.0,-1.4035,-1.6085,51.5394,43.2368,50.0,0.0,-1.5385,-1.7633,101.5157,41.6983,50.0405,-0.0405,-1.6747,-1.9179,151.5281,40.0236,,,124.6,-3.08
2035,00h 33m 55s,42.4,False,True,1.5591,44.6403,50.0,0.0,-1.4035,-1.6085,51.5394,43.2368,50.0,0.0,-1.5385,-1.7633,101.5157,41.6983,50.0405,-0.0405,-1.6747,-1.9179,151.5281,40.0236,,,124.6,-3.08
2036,00h 33m 56s,42.4,False,True,1.5591,44.6403,50.0,0.0,-1.4035,-1.6085,51.5394,43.2368,50.0,0.0,-1.5385,-1.7633,101.5157,41.6983,50.0405,-0.0405,-1.6747,-1.9179,151.5281,40.0236,,,124.6,-3.08
2037,00h 33m 57s,42.4,False,True,1.5591,44.6403,50.0,0.0,-1.4035,-1.6085,51.5394,43.2368,50.0,0.0,-1.5385,-1.7633,101.5157,41.6983,50.0405,-0.0405,-1.6747,-1.9179,151.5281,40.0236,,,124.6,-3.08
2038,00h 33m 58s,42.4,False,True,1.5591,44.6403,50.0,0.0,-1.4035,-1.6085,51.5394,43.2368,50.0,0.0,-1.5385,-1.7633,101.5157,41.6983,50.0405,-0.0405,-1.6747,-1.9179,151.5281,40.0236,,,124.6,-3.08
2039,00h 33m 59s,42.4,False,True,1.5591,44.6403,50.0,0.0,-1.4035,-1.6085,51.5394,43.2368,50.0,0.0,-1.5385,-1.7633,101.5157,41.6983,50.0405,-0.0405,-1.6747,-1.9179,151.5281,40.0236,,,124.6,-3.08
2040,00h 34m 00s,42.412,False,True,1.5601,44.6883,50.0003,-0.0003,-1.4435,-1.6543,51.5396,43.2448,50.0,0.0,-1.5545,-1.7816,101.5154,41.6903,50.0405,-0.0405,-1.6668,-1.9088,151.5281,40.0236,,,124.7,-3.08
2041,00h 34m 01s,42.424,False,True,1.561,44.7365,50.0009,-0.0009,-1.4837,-1.7004,51.5399,43.2529,50.0,0.0,-1.5705,-1.8,101.5152,41.6823,50.0404,-0.0404,-1.6587,-1.8996,151.5281,40.0236,,,124.7,-3.08
2042,00h 34m 02s,42.436,False,True,1.5629,44.785,50.0005,-0.0005,-1.5241,-1.7467,51.5401,43.2609,50.0,0.0,-1.5867,-1.8185,101.5149,41.6742,50.0404,-0.0404,-1.6506,-1.8903,151.5281,40.0236,,,124.8,-3.08
2043,00h 34m 03s,42.448,False,True,1.5644,44.8338,50.0005,-0.0005,-1.5648,-1.7934,51.5404,43.2691,50.0,0.0,-1.603,-1.8372,101.5147,41.6661,50.0404,-0.0404,-1.6425,-1.881,151.5281,40.0236,,,124.9,-3.08
2044,00h 34m 04s,42.46,False,True,1.5651,44.8822,50.0013,-0.0013,-1.6051,-1.8395,51.5406,43.2771,50.0,0.0,-1.6191,-1.8557,101.5144,41.658,50.0404,-0.0404,-1.6345,-1.8718,151.5281,40.0236,,,124.9,-3.08
2045,00h 34m 05s,42.472,False,True,1.5669,44.9309,50.0011,-0.0011,-1.6457,-1.8861,51.5409,43.2852,50.0,0.0,-1.6353,-1.8743,101.5141,41.6499,50.0404,-0.0404,-1.6263,-1.8625,151.5281,40.0236,,,124.9,-3.08
2046,00h 34m 06s,42.485,False,True,1.5675,44.9793,50.0021,-0.0021,-1.686,-1.9323,51.5412,43.2933,50.0,0.0,-1.6514,-1.8927,101.5139,41.6419,50.0404,-0.0404,-1.6183,-1.8532,151.5281,40.0236,,,125.0,-3.08
2047,00h 34m 07s,42.497,False,True,1.5687,45.0274,50.0025,-0.0025,-1.7261,-1.9783,51.5414,43.3013,50.0,0.0,-1.6675,-1.9111,101.5136,41.6338,50.0404,-0.0404,-1.6103,-1.844,151.5281,40.0236,,,125.0,-3.08
2048,00h 34m 08s,42.509,False,True,1.5698,45.0758,50.0031,-0.0031,-1.7664,-2.0245,51.5417,43.3094,50.0,0.0,-1.6836,-1.9296,101.5133,41.6258,50.0404,-0.0404,-1.6022,-1.8348,151.5281,40.0236,,,125.1,-3.08
2049,00h 34m 09s,42.539,False,True,1.5724,45.1236,50.0011,-0.0011,-1.7687,-2.0272,51.5422,43.3548,50.0,0.0,-1.6995,-1.9479,101.5133,41.6553,50.0414,-0.0414,-1.6317,-1.8686,151.5281,40.0236,,,126.3,-3.08
2050,00h 34m 10s,42.57,False,True,1.5742,45.1718,50.0005,-0.0005,-1.7715,-2.0304,51.5433,43.4003,50.0,0.0,-1.7156,-1.9663,101.5138,41.6847,50.0419,-0.0419,-1.6612,-1.9023,151.5281,40.0236,,,127.0,-3.08
2051,00h 34m 11s,42.601,False,True,1.5763,45.2204,50.0,0.0,-1.7745,-2.0338,51.5448,43.4459,50.0,0.0,-1.7318,-1.9849,101.5148,41.7141,50.0419,-0.0419,-1.6905,-1.9359,151.5281,40.0236,,,127.2,-3.08
2052,00h 34m 12s,42.632,False,True,1.5785,45.2687,49.9998,0.0002,-1.7773,-2.0371,51.5467,43.4914,50.0,0.0,-1.7479,-2.0033,101.5161,41.7435,50.0416,-0.0416,-1.7199,-1.9696,151.5281,40.0236,,,127.1,-3.08
2053,00h 34m 13s,42.663,False,True,1.5792,45.3169,50.0004,-0.0004,-1.78,-2.0402,51.5479,43.5369,50.0,0.0,-1.7639,-2.0217,101.5168,41.7729,50.0419,-0.0419,-1.7493,-2.0033,151.5281,40.0236,,,127.6,-3.08
2054,00h 34m 14s,42.693,False,True,1.5798,45.3657,50.0008,-0.0008,-1.7832,-2.0438,51.5487,43.5824,50.0,0.0,-1.7802,-2.0404,101.517,41.8023,50.0427,-0.0427,-1.7787,-2.0369,151.5281,40.0236,,,128.5,-0.57
2055,00h 34m 15s,42.724,False,True,1.5825,45.4136,49.9999,0.0001,-1.7857,-2.0467,51.5505,43.6279,50.0,0.0,-1.7962,-2.0587,101.5182,41.8317,50.0426,-0.0426,-1.8081,-2.0707,151.5281,40.0236,,,128.5,-0.57
2056,00h 34m 16s,42.755,False,True,1.5837,45.4619,50.0002,-0.0002,-1.7885,-2.0499,51.5519,43.6734,50.0,0.0,-1.8122,-2.0771,101.519,41.8611,50.0428,-0.0428,-1.8376,-2.1044,151.5281,40.0236,,,128.8,-0.57
2057,00h 34m 17s,42.786,False,True,1.5854,45.5105,50.0001,-0.0001,-1.7916,-2.0534,51.5534,43.719,50.0,0.0,-1.8285,-2.0957,101.52,41.8905,50.043,-0.043,-1.8669,-2.138,151.5281,40.0236,,,129.1,-0.57
2058,00h 34m 18s,42.817,False,True,1.5859,45.5583,50.0007,-0.0007,-1.794,-2.0561,51.5544,43.7644,50.0,0.0,-1.8444,-2.114,101.5204,41.92,50.0437,-0.0437,-1.8964,-2.1718,151.5281,40.0236,,,129.8,-0.57
2059,00h 34m 19s,42.848,False,True,1.5873,45.6072,50.0005,-0.0005,-1.7972,-2.0599,51.5555,43.81,50.0,0.0,-1.8607,-2.1326,101.5209,41.9493,50.0443,-0.0443,-1.9258,-2.2054,151.5281,40.0236,,,130.5,-0.57
2060,00h 34m 20s,42.878,False,True,1.5898,45.6559,49.9999,0.0001,-1.8004,-2.0635,51.5573,43.8556,50.0,0.0,-1.8769,-2.1513,101.522,41.9787,50.0443,-0.0443,-1.9551,-2.2389,151.5281,40.0236,,,130.5,-0.57
2061,00h 34m 21s,42.909,False,True,1.5921,45.7045,49.9997,0.0003,-1.8034,-2.067,51.5593,43.9011,50.0,0.0,-1.8931,-2.1698,101.5234,42.008,50.0441,-0.0441,-1.9844,-2.2726,151.5281,40.0236,,,130.2,-0.57
2062,00h 34m 22s,42.94,False,True,1.5937,45.7533,49.9999,0.0001,-1.8066,-2.0707,51.561,43.9467,50.0,0.0,-1.9094,-2.1885,101.5245,42.0373,50.0441,-0.0441,-2.0137,-2.3062,151.5281,40.0236,,,130.3,-0.57
2063,00h 34m 23s,42.971,False,True,1.5957,45.8021,49.9999,0.0001,-1.8098,-2.0744,51.5628,43.9923,50.0,0.0,-1.9256,-2.2071,101.5257,42.0666,50.0441,-0.0441,-2.0431,-2.3398,151.5281,40.0236,,,130.2,-0.57
2064,00h 34m 24s,43.002,False,True,1.5966,45.85,50.0004,-0.0004,-1.8123,-2.0772,51.5641,44.0377,50.0,0.0,-1.9416,-2.2254,101.5264,42.0961,50.0446,-0.0446,-2.0725,-2.3735,151.5281,40.0236,,,130.6,-0.57
2065,00h 34m 25s,43.033,False,True,1.598,45.8981,50.0004,-0.0004,-1.8149,-2.0802,51.5655,44.0832,50.0,0.0,-1.9576,-2.2438,101.5271,42.1256,50.0452,-0.0452,-2.102,-2.4072,151.5281,40.0236,,,131.0,-0.29
2066,00h 34m 26s,43.045,False,True,1.5986,45.9466,50.0016,-0.0016,-1.8554,-2.1265,51.5658,44.0912,50.0,0.0,-1.9737,-2.2623,101.5268,42.1175,50.0451,-0.0451,-2.0939,-2.398,151.5281,40.0236,,,131.0,-0.29
2067,00h 34m 27s,43.057,False,True,1.5997,45.9955,50.0024,-0.0024,-1.8961,-2.1732,51.5661,44.0994,50.0,0.0,-1.99,-2.281,101.5265,42.1094,50.0451,-0.0451,-2.0858,-2.3887,151.5281,40.0236,,,131.0,-0.29
2068,00h 34m 28s,43.069,False,True,1.6012,46.044,50.0027,-0.0027,-1.9366,-2.2196,51.5664,44.1075,50.0,0.0,-2.0062,-2.2995,101.5262,42.1013,50.0451,-0.0451,-2.0777,-2.3794,151.5281,40.0236,,,131.0,-0.29
2069,00h 34m 29s,43.081,False,True,1.6034,46.0926,50.0024,-0.0024,-1.9771,-2.266,51.5667,44.1156,50.0,0.0,-2.0224,-2.3181,101.5258,42.0932,50.0451,-0.0451,-2.0696,-2.3701,151.5281,40.0236,,,131.0,-0.29
2070,00h 34m 30s,43.081,False,True,1.6034,46.0926,50.0024,-0.0024,-1.9771,-2.266,51.5667,44.1156,50.0,0.0,-2.0224,-2.3181,101.5258,42.0932,50.0451,-0.0451,-2.0696,-2.3701,151.5281,40.0236,,,131.0,-0.29
2071,00h 34m 31s,43.081,False,True,1.6034,46.0926,50.0024,-0.0024,-1.9771,-2.266,51.5667,44.1156,50.0,0.0,-2.0224,-2.3181,101.5258,42.0932,50.0451,-0.0451,-2.0696,-2.3701,151.5281,40.0236,,,131.0,-0.29
2072,00h 34m 32s,43.081,False,True,1.6034,46.0926,50.0024,-0.0024,-1.9771,-2.266,51.5667,44.1156,50.0,0.0,-2.0224,-2.3181,101.5258,42.0932,50.0451,-0.0451,-2.0696,-2.3701,151.5281,40.0236,,,131.0,-0.29
2073,00h 34m 33s,43.081,False,True,1.6034,46.0926,50.0024,-0.0024,-1.9771,-2.266,51.5667,44.1156,50.0,0.0,-2.0224,-2.3181,101.5258,42.0932,50.0451,-0.0451,-2.0696,-2.3701,151.5281,40.0236,,,131.0,-0.29
2074,00h 34m 34s,43.081,False,True,1.6034,46.0926,50.0024,-0.0024,-1.9771,-2.266,51.5667,44.1156,50.0,0.0,-2.0224,-2.3181,101.5258,42.0932,50.0451,-0.0451,-2.0696,-2.3701,151.5281,40.0236,,,131.0,-0.29
2075,00h 34m 35s,43.081,False,True,1.6034,46.0926,50.0024,-0.0024,-1.9771,-2.266,51.5667,44.1156,50.0,0.0,-2.0224,-2.3181,101.5258,42.0932,50.0451,-0.0451,-2.0696,-2.3701,151.5281,40.0236,,,131.0,-0.29
2076,00h 34m 36s,43.081,False,True,1.6034,46.0926,50.0024,-0.0024,-1.9771,-2.266,51.5667,44.1156,50.0,0.0,-2.0224,-2.3181,101.5258,42.0932,50.0451,-0.0451,-2.0696,-2.3701,151.5281,40.0236,,,131.0,-0.29
2077,00h 34m 37s,43.081,False,True,1.6034,46.0926,50.0024,-0.0024,-1.9771,-2.266,51.5667,44.1156,50.0,0.0,-2.0224,-2.3181,101.5258,42.0932,50.0451,-0.0451,-2.0696,-2.3701,151.5281,40.0236,,,131.0,-0.29
2078,00h 34m 38s,43.081,False,True,1.6034,46.0926,50.0024,-0.0024,-1.9771,-2.266,51.5667,44.1156,50.0,0.0,-2.0224,-2.3181,101.5258,42.0932,50.0451,-0.0451,-2.0696,-2.3701,151.5281,40.0236,,,131.0,-0.29
2079,00h 34m 39s,43.081,False,True,1.6034,46.0926,50.0024,-0.0024,-1.9771,-2.266,51.5667,44.1156,50.0,0.0,-2.0224,-2.3181,101.5258,42.0932,50.0451,-0.0451,-2.0696,-2.3701,151.5281,40.0236,,,131.0,-0.29
2080,00h 34m 40s,43.081,False,True,1.6034,46.0926,50.0024,-0.0024,-1.9771,-2.266,51.5667,44.1156,50.0,0.0,-2.0224,-2.3181,101.5258,42.0932,50.0451,-0.0451,-2.0696,-2.3701,151.5281,40.0236,,,131.0,-0.29
2081,00h 34m 41s,43.081,False,True,1.6034,46.0926,50.0024,-0.0024,-1.9771,-2.266,51.5667,44.1156,50.0,0.0,-2.0224,-2.3181,101.5258,42.0932,50.0451,-0.0451,-2.0696,-2.3701,151.5281,40.0236,,,131.0,-0.29
2082,00h 34m 42s,43.081,False,True,1.6034,46.0926,50.0024,-0.0024,-1.9771,-2.266,51.5667,44.1156,50.0,0.0,-2.0224,-2.3181,101.5258,42.0932,50.0451,-0.0451,-2.0696,-2.3701,151.5281,40.0236,,,131.0,-0.29
2083,00h 34m 43s,43.081,False,True,1.6034,46.0926,50.0024,-0.0024,-1.9771,-2.266,51.5667,44.1156,50.0,0.0,-2.0224,-2.3181,101.5258,42.0932,50.0451,-0.0451,-2.0696,-2.3701,151.5281,40.0236,,,131.0,-0.29
2084,00h 34m 44s,43.081,False,True,1.6034,46.0926,50.0024,-0.0024,-1.9771,-2.266,51.5667,44.1156,50.0,0.0,-2.0224,-2.3181,101.5258,42.0932,50.0451,-0.0451,-2.0696,-2.3701,151.5281,40.0236,,,131.0,-0.29
2085,00h 34m 45s,43.081,False,True,1.6034,46.0926,50.0024,-0.0024,-1.9771,-2.266,51.5667,44.1156,50.0,0.0,-2.0224,-2.3181,101.5258,42.0932,50.0451,-0.0451,-2.0696,-2.3701,151.5281,40.0236,,,131.0,-0.29
2086,00h 34m 46s,43.081,False,True,1.6034,46.0926,50.0024,-0.0024,-1.9771,-2.266,51.5667,44.1156,50.0,0.0,-2.0224,-2.3181,101.5258,42.0932,50.0451,-0.0451,-2.0696,-2.3701,151.5281,40.0236,,,131.0,-0.29
2087,00h 34m 47s,43.081,False,True,1.6034,46.0926,50.0024,-0.0024,-1.9771,-2.266,51.5667,44.1156,50.0,0.0,-2.0224,-2.3181,101.5258,42.0932,50.0451,-0.0451,-2.0696,-2.3701,151.5281,40.0236,,,131.0,-0.29
2088,00h 34m 48s,43.081,False,True,1.6034,46.0926,50.0024,-0.0024,-1.9771,-2.266,51.5667,44.1156,50.0,0.0,-2.0224,-2.3181,101.5258,42.0932,50.0451,-0.0451,-2.0696,-2.3701,151.5281,40.0236,,,131.0,-0.29
2089,00h 34m 49s,43.081,False,True,1.6034,46.0926,50.0024,-0.0024,-1.9771,-2.266,51.5667,44.1156,50.0,0.0,-2.0224,-2.3181,101.5258,42.0932,50.0451,-0.0451,-2.0696,-2.3701,151.5281,40.0236,,,131.0,-0.29
2090,00h 34m 50s,43.081,False,True,1.6034,46.0926,50.0024,-0.0024,-1.9771,-2.266,51.5667,44.1156,50.0,0.0,-2.0224,-2.3181,101.5258,42.0932,50.0451,-0.0451,-2.0696,-2.3701,151.5281,40.0236,,,131.0,-0.29
2091,00h 34m 51s,43.081,False,True,1.6034,46.0926,50.0024,-0.0024,-1.9771,-2.266,51.5667,44.1156,50.0,0.0,-2.0224,-2.3181,101.5258,42.0932,50.0451,-0.0451,-2.0696,-2.3701,151.5281,40.0236,,,131.0,-0.29
2092,00h 34m 52s,43.081,False,True,1.6034,46.0926,50.0024,-0.0024,-1.9771,-2.266,51.5667,44.1156,50.0,0.0,-2.0224,-2.3181,101.5258,42.0932,50.0451,-0.0451,-2.0696,-2.3701,151.5281,40.0236,,,131.0,-0.29
2093,00h 34m 53s,43.081,False,True,1.6034,46.0926,50.0024,-0.0024,-1.9771,-2.266,51.5667,44.1156,50.0,0.0,-2.0224,-2.3181,101.5258,42.0932,50.0451,-0.0451,-2.0696,-2.3701,151.5281,40.0236,,,131.0,-0.29
2094,00h 34m 54s,43.081,False,True,1.6034,46.0926,50.0024,-0.0024,-1.9771,-2.266,51.5667,44.1156,50.0,0.0,-2.0224,-2.3181,101.5258,42.0932,50.0451,-0.0451,-2.0696,-2.3701,151.5281,40.0236,,,131.0,-0.29
2095,00h 34m 55s,43.081,False,True,1.6034,46.0926,50.0024,-0.0024,-1.9771,-2.266,51.5667,44.1156,50.0,0.0,-2.0224,-2.3181,101.5258,42.0932,50.0451,-0.0451,-2.0696,-2.3701,151.5281,40.0236,,,131.0,-0.29
2096,00h 34m 56s,43.081,False,True,1.6034,46.0926,50.0024,-0.0024,-1.9771,-2.266,51.5667,44.1156,50.0,0.0,-2.0224,-2.3181,101.5258,42.0932,50.0451,-0.0451,-2.0696,-2.3701,151.5281,40.0236,,,131.0,-0.29
2097,00h 34m 57s,43.081,False,True,1.6034,46.0926,50.0024,-0.0024,-1.9771,-2.266,51.5667,44.1156,50.0,0.0,-2.0224,-2.3181,101.5258,42.0932,50.0451,-0.0451,-2.0696,-2.3701,151.5281,40.0236,,,131.0,-0.29
2098,00h 34m 58s,43.081,False,True,1.6034,46.0926,50.0024,-0.0024,-1.9771,-2.266,51.5667,44.1156,50.0,0.0,-2.0224,-2.3181,101.5258,42.0932,50.0451,-0.0451,-2.0696,-2.3701,151.5281,40.0236,,,131.0,-0.29
2099,00h 34m 59s,43.081,False,True,1.6034,46.0926,50.0024,-0.0024,-1.9771,-2.266,51.5667,44.1156,50.0,0.0,-2.0224,-2.3181,101.5258,42.0932,50.0451,-0.0451,-2.0696,-2.3701,151.5281,40.0236,,,131.0,-0.29
2100,00h 35m 00s,43.093,False,True,1.6055,46.1413,50.0023,-0.0023,-2.0176,-2.3126,51.5671,44.1237,50.0,0.0,-2.0386,-2.3367,101.5255,42.0851,50.0451,-0.0451,-2.0615,-2.3608,151.5281,40.0236,,,131.0,-0.29
2101,00h 35m 01s,43.106,False,True,1.6086,46.1901,50.0012,-0.0012,-2.0583,-2.3593,51.5674,44.1318,50.0,0.0,-2.0549,-2.3554,101.5252,42.0769,50.0451,-0.0451,-2.0533,-2.3515,151.5281,40.0236,,,130.9,-0.29
2102,00h 35m 02s,43.118,False,True,1.6096,46.2388,50.0023,-0.0023,-2.0989,-2.4058,51.5677,44.1399,50.0,0.0,-2.0711,-2.374,101.5248,42.0688,50.0451,-0.0451,-2.0452,-2.3422,151.5281,40.0236,,,130.9,-0.29
2103,00h 35m 03s,43.13,False,True,1.6119,46.2872,50.002,-0.002,-2.1392,-2.452,51.5681,44.148,50.0,0.0,-2.0872,-2.3925,101.5245,42.0608,50.0451,-0.0451,-2.0372,-2.333,151.5281,40.0236,,,130.9,-0.29
2104,00h 35m 04s,43.142,False,True,1.6141,46.3355,50.0019,-0.0019,-2.1795,-2.4982,51.5684,44.156,50.0,0.0,-2.1033,-2.4109,101.5242,42.0527,50.0451,-0.0451,-2.0291,-2.3238,151.5281,40.0236,,,130.9,-0.29
2105,00h 35m 05s,43.173,False,True,1.6162,46.3835,50.0009,-0.0009,-2.182,-2.5011,51.5695,44.2015,50.0,0.0,-2.1193,-2.4293,101.5245,42.0822,50.0459,-0.0459,-2.0586,-2.3575,151.5281,40.0236,,,131.5,-0.29
2106,00h 35m 06s,43.204,False,True,1.6182,46.4323,50.0005,-0.0005,-2.1852,-2.5048,51.571,44.2471,50.0,0.0,-2.1356,-2.4479,101.5253,42.1115,50.0464,-0.0464,-2.0879,-2.3911,151.5281,40.0236,,,131.8,-0.29
2107,00h 35m 07s,43.234,False,True,1.6198,46.4808,50.0005,-0.0005,-2.1882,-2.5082,51.5724,44.2926,50.0,0.0,-2.1517,-2.4665,101.5261,42.1409,50.0468,-0.0468,-2.1173,-2.4247,151.5281,40.0236,,,132.1,-0.29
2108,00h 35m 08s,43.265,False,True,1.6223,46.5295,50.0001,-0.0001,-2.1913,-2.5118,51.5743,44.3382,50.0,0.0,-2.168,-2.4851,101.5273,42.1702,50.0469,-0.0469,-2.1467,-2.4583,151.5281,40.0236,,,132.0,-0.29
2109,00h 35m 09s,43.296,False,True,1.6252,46.5777,49.9996,0.0004,-2.1941,-2.515,51.5767,44.3837,50.0,0.0,-2.184,-2.5035,101.5289,42.1996,50.0465,-0.0465,-2.176,-2.492,151.5281,40.0236,,,131.4,-0.29
2110,00h 35m 10s,43.327,False,True,1.6274,46.6262,49.9998,0.0002,-2.1971,-2.5185,51.5789,44.4292,50.0,0.0,-2.2002,-2.5221,101.5304,42.229,50.0463,-0.0463,-2.2054,-2.5257,151.5281,40.0236,,,130.9,-0.29
2111,00h 35m 11s,43.358,False,True,1.6297,46.6745,49.9998,0.0002,-2.1999,-2.5217,51.5811,44.4746,50.0,0.0,-2.2163,-2.5405,101.5319,42.2583,50.0461,-0.0461,-2.2348,-2.5593,151.5281,40.0236,,,130.4,-0.29
2112,00h 35m 12s,43.389,False,True,1.6325,46.723,49.9996,0.0004,-2.2028,-2.5251,51.5835,44.5201,50.0,0.0,-2.2325,-2.5591,101.5336,42.2877,50.0457,-0.0457,-2.2641,-2.593,151.5281,40.0236,,,129.8,-0.29
2113,00h 35m 13s,43.419,False,True,1.6345,46.7708,49.9998,0.0002,-2.2052,-2.5278,51.5857,44.5655,50.0,0.0,-2.2484,-2.5773,101.5351,42.3171,50.0456,-0.0456,-2.2936,-2.6268,151.5281,40.0236,,,129.3,-0.29
2114,00h 35m 14s,43.45,False,True,1.6368,46.8188,49.9998,0.0002,-2.2078,-2.5308,51.5879,44.611,50.0,0.0,-2.2644,-2.5957,101.5366,42.3466,50.0455,-0.0455,-2.323,-2.6605,151.5281,40.0236,,,128.9,0.23
2115,00h 35m 15s,43.481,False,True,1.6389,46.8674,49.9999,0.0001,-2.2109,-2.5343,51.59,44.6565,50.0,0.0,-2.2806,-2.6142,101.5379,42.3759,50.0455,-0.0455,-2.3523,-2.6941,151.5281,40.0236,,,128.5,0.23
2116,00h 35m 16s,43.512,False,True,1.6413,46.9157,49.9999,0.0001,-2.2137,-2.5375,51.5921,44.702,50.0,0.0,-2.2967,-2.6327,101.5394,42.4053,50.0455,-0.0455,-2.3817,-2.7278,151.5281,40.0236,,,128.1,0.23
2117,00h 35m 17s,43.543,False,True,1.6428,46.9645,50.0003,-0.0003,-2.2169,-2.5412,51.5939,44.7475,50.0,0.0,-2.3129,-2.6514,101.5404,42.4346,50.0458,-0.0458,-2.411,-2.7614,151.5281,40.0236,,,128.1,0.23
2118,00h 35m 18s,43.573,False,True,1.6444,47.0129,50.0005,-0.0005,-2.2199,-2.5446,51.5955,44.7931,50.0,0.0,-2.3291,-2.6699,101.5412,42.464,50.0464,-0.0464,-2.4404,-2.795,151.5281,40.0236,,,128.2,0.23
2119,00h 35m 19s,43.604,False,True,1.6461,47.0615,50.0004,-0.0004,-2.2229,-2.5481,51.5971,44.8386,50.0,0.0,-2.3452,-2.6884,101.5421,42.4934,50.047,-0.047,-2.4698,-2.8287,151.5281,40.0236,,,128.4,0.23
2120,00h 35m 20s,43.635,False,True,1.6486,47.11,50.0001,-0.0001,-2.2258,-2.5515,51.5991,44.8841,50.0,0.0,-2.3614,-2.707,101.5433,42.5227,50.0473,-0.0473,-2.4992,-2.8623,151.5281,40.0236,,,128.1,0.23
2121,00h 35m 21s,43.678,False,False,1.6516,47.1581,49.9996,0.0004,-2.2368,-2.564,51.6011,44.9214,50.0,0.0,-2.361,-2.7065,101.5454,42.5604,50.0477,-0.0477,-2.4874,-2.8488,151.5312,40.0729,,,127.5,0.23
2122,00h 35m 22s,43.709,False,True,1.6549,47.2059,49.9992,0.0008,-2.2392,-2.5668,51.604,44.9667,50.0,0.0,-2.3769,-2.7248,101.5475,42.5898,50.0471,-0.0471,-2.5169,-2.8826,151.5312,40.0729,,,126.4,0.23
2123,00h 35m 23s,43.721,False,True,1.6567,47.2538,49.9997,0.0003,-2.2791,-2.6126,51.6044,44.9747,50.0,0.0,-2.3929,-2.7431,101.5471,42.5818,50.047,-0.047,-2.5089,-2.8735,151.5312,40.0729,,,126.3,0.23
2124,00h 35m 24s,43.733,False,True,1.6576,47.3018,50.0009,-0.0009,-2.3191,-2.6584,51.6048,44.9827,50.0,0.0,-2.4089,-2.7614,101.5467,42.5738,50.047,-0.047,-2.5009,-2.8643,151.5312,40.0729,,,126.3,0.23
2125,00h 35m 25s,43.745,False,True,1.6592,47.3498,50.0016,-0.0016,-2.3591,-2.7043,51.6051,44.9907,50.0,0.0,-2.4248,-2.7797,101.5463,42.5658,50.047,-0.047,-2.4929,-2.8552,151.5312,40.0729,,,126.2,0.23
2126,00h 35m 26s,43.757,False,True,1.6615,47.3976,50.0016,-0.0016,-2.399,-2.75,51.6055,44.9986,50.0,0.0,-2.4408,-2.798,101.5459,42.5579,50.047,-0.047,-2.4849,-2.846,151.5312,40.0729,,,126.1,0.23
2127,00h 35m 27s,43.781,False,False,1.6636,47.4457,50.0018,-0.0018,-2.4473,-2.8054,51.6055,44.9984,50.0,0.0,-2.4403,-2.7975,101.5459,42.5581,50.0457,-0.0457,-2.4357,-2.7897,151.5323,40.1224,,,126.1,0.23
2128,00h 35m 28s,43.806,False,False,1.6668,47.4943,50.0011,-0.0011,-2.496,-2.8613,51.6055,44.9983,50.0,0.0,-2.4401,-2.7973,101.5459,42.5582,50.0452,-0.0452,-2.3865,-2.7333,151.5342,40.1717,,,126.1,0.23
2129,00h 35m 29s,43.873,False,False,1.6689,47.5421,50.0231,-0.0231,-2.4586,-2.8172,51.6316,45.0835,50.0,0.0,-2.4396,-2.7967,101.572,42.6439,50.0231,-0.0231,-2.4228,-2.7761,151.5365,40.2211,,,103.3,0.23
2130,00h 35m 30s,43.916,False,False,1.6689,47.5421,50.0232,-0.0232,-2.3722,-2.7181,51.6358,45.1699,50.0,0.0,-2.4396,-2.7967,101.5763,42.7303,50.0232,-0.0232,-2.5092,-2.8752,151.5365,40.2211,,,102.4,2.7
2131,00h 35m 31s,43.959,False,False,1.6689,47.5421,50.0234,-0.0234,-2.2856,-2.6188,51.6401,45.2565,50.0,0.0,-2.4396,-2.7967,101.5805,42.8169,50.0233,-0.0233,-2.5958,-2.9745,151.5365,40.2211,,,101.5,2.7
2132,00h 35m 32s,43.959,False,False,1.6689,47.5421,50.0234,-0.0234,-2.2856,-2.6188,51.6401,45.2565,50.0,0.0,-2.4396,-2.7967,101.5805,42.8169,50.0233,-0.0233,-2.5958,-2.9745,151.5365,40.2211,,,101.5,2.7
2133,00h 35m 33s,43.959,False,False,1.6689,47.5421,50.0234,-0.0234,-2.2856,-2.6188,51.6401,45.2565,50.0,0.0,-2.4396,-2.7967,101.5805,42.8169,50.0233,-0.0233,-2.5958,-2.9745,151.5365,40.2211,,,101.5,2.7
2134,00h 35m 34s,43.959,False,False,1.6689,47.5421,50.0234,-0.0234,-2.2856,-2.6188,51.6401,45.2565,50.0,0.0,-2.4396,-2.7967,101.5805,42.8169,50.0233,-0.0233,-2.5958,-2.9745,151.5365,40.2211,,,101.5,2.7
2135,00h 35m 35s,43.959,False,False,1.6689,47.5421,50.0234,-0.0234,-2.2856,-2.6188,51.6401,45.2565,50.0,0.0,-2.4396,-2.7967,101.5805,42.8169,50.0233,-0.0233,-2.5958,-2.9745,151.5365,40.2211,,,101.5,2.7
2136,00h 35m 36s,43.959,False,False,1.6689,47.5421,50.0234,-0.0234,-2.2856,-2.6188,51.6401,45.2565,50.0,0.0,-2.4396,-2.7967,101.5805,42.8169,50.0233,-0.0233,-2.5958,-2.9745,151.5365,40.2211,,,101.5,2.7
2137,00h 35m 37s,43.959,False,False,1.6689,47.5421,50.0234,-0.0234,-2.2856,-2.6188,51.6401,45.2565,50.0,0.0,-2.4396,-2.7967,101.5805,42.8169,50.0233,-0.0233,-2.5958,-2.9745,151.5365,40.2211,,,101.5,2.7
2138,00h 35m 38s,43.959,False,False,1.6689,47.5421,50.0234,-0.0234,-2.2856,-2.6188,51.6401,45.2565,50.0,0.0,-2.4396,-2.7967,101.5805,42.8169,50.0233,-0.0233,-2.5958,-2.9745,151.5365,40.2211,,,101.5,2.7
2139,00h 35m 39s,43.959,False,False,1.6689,47.5421,50.0234,-0.0234,-2.2856,-2.6188,51.6401,45.2565,50.0,0.0,-2.4396,-2.7967,101.5805,42.8169,50.0233,-0.0233,-2.5958,-2.9745,151.5365,40.2211,,,101.5,2.7
2140,00h 35m 40s,43.959,False,False,1.6689,47.5421,50.0234,-0.0234,-2.2856,-2.6188,51.6401,45.2565,50.0,0.0,-2.4396,-2.7967,101.5805,42.8169,50.0233,-0.0233,-2.5958,-2.9745,151.5365,40.2211,,,101.5,2.7
2141,00h 35m 41s,43.959,False,False,1.6689,47.5421,50.0234,-0.0234,-2.2856,-2.6188,51.6401,45.2565,50.0,0.0,-2.4396,-2.7967,101.5805,42.8169,50.0233,-0.0233,-2.5958,-2.9745,151.5365,40.2211,,,101.5,2.7
2142,00h 35m 42s,43.959,False,False,1.6689,47.5421,50.0234,-0.0234,-2.2856,-2.6188,51.6401,45.2565,50.0,0.0,-2.4396,-2.7967,101.5805,42.8169,50.0233,-0.0233,-2.5958,-2.9745,151.5365,40.2211,,,101.5,2.7
2143,00h 35m 43s,43.959,False,False,1.6689,47.5421,50.0234,-0.0234,-2.2856,-2.6188,51.6401,45.2565,50.0,0.0,-2.4396,-2.7967,101.5805,42.8169,50.0233,-0.0233,-2.5958,-2.9745,151.5365,40.2211,,,101.5,2.7
2144,00h 35m 44s,43.959,False,False,1.6689,47.5421,50.0234,-0.0234,-2.2856,-2.6188,51.6401,45.2565,50.0,0.0,-2.4396,-2.7967,101.5805,42.8169,50.0233,-0.0233,-2.5958,-2.9745,151.5365,40.2211,,,101.5,2.7
2145,00h 35m 45s,43.959,False,False,1.6689,47.5421,50.0234,-0.0234,-2.2856,-2.6188,51.6401,45.2565,50.0,0.0,-2.4396,-2.7967,101.5805,42.8169,50.0233,-0.0233,-2.5958,-2.9745,151.5365,40.2211,,,101.5,2.7
2146,00h 35m 46s,43.959,False,False,1.6689,47.5421,50.0234,-0.0234,-2.2856,-2.6188,51.6401,45.2565,50.0,0.0,-2.4396,-2.7967,101.5805,42.8169,50.0233,-0.0233,-2.5958,-2.9745,151.5365,40.2211,,,101.5,2.7
2147,00h 35m 47s,43.959,False,False,1.6689,47.5421,50.0234,-0.0234,-2.2856,-2.6188,51.6401,45.2565,50.0,0.0,-2.4396,-2.7967,101.5805,42.8169,50.0233,-0.0233,-2.5958,-2.9745,151.5365,40.2211,,,101.5,2.7
2148,00h 35m 48s,43.959,False,False,1.6689,47.5421,50.0234,-0.0234,-2.2856,-2.6188,51.6401,45.2565,50.0,0.0,-2.4396,-2.7967,101.5805,42.8169,50.0233,-0.0233,-2.5958,-2.9745,151.5365,40.2211,,,101.5,2.7
2149,00h 35m 49s,43.959,False,False,1.6689,47.5421,50.0234,-0.0234,-2.2856,-2.6188,51.6401,45.2565,50.0,0.0,-2.4396,-2.7967,101.5805,42.8169,50.0233,-0.0233,-2.5958,-2.9745,151.5365,40.2211,,,101.5,2.7
2150,00h 35m 50s,43.959,False,False,1.6689,47.5421,50.0234,-0.0234,-2.2856,-2.6188,51.6401,45.2565,50.0,0.0,-2.4396,-2.7967,101.5805,42.8169,50.0233,-0.0233,-2.5958,-2.9745,151.5365,40.2211,,,101.5,2.7
2151,00h 35m 51s,43.959,False,False,1.6689,47.5421,50.0234,-0.0234,-2.2856,-2.6188,51.6401,45.2565,50.0,0.0,-2.4396,-2.7967,101.5805,42.8169,50.0233,-0.0233,-2.5958,-2.9745,151.5365,40.2211,,,101.5,2.7
2152,00h 35m 52s,43.959,False,False,1.6689,47.5421,50.0234,-0.0234,-2.2856,-2.6188,51.6401,45.2565,50.0,0.0,-2.4396,-2.7967,101.5805,42.8169,50.0233,-0.0233,-2.5958,-2.9745,151.5365,40.2211,,,101.5,2.7
2153,00h 35m 53s,43.959,False,False,1.6689,47.5421,50.0234,-0.0234,-2.2856,-2.6188,51.6401,45.2565,50.0,0.0,-2.4396,-2.7967,101.5805,42.8169,50.0233,-0.0233,-2.5958,-2.9745,151.5365,40.2211,,,101.5,2.7
2154,00h 35m 54s,43.959,False,False,1.6689,47.5421,50.0234,-0.0234,-2.2856,-2.6188,51.6401,45.2565,50.0,0.0,-2.4396,-2.7967,101.5805,42.8169,50.0233,-0.0233,-2.5958,-2.9745,151.5365,40.2211,,,101.5,2.7
2155,00h 35m 55s,43.959,False,False,1.6689,47.5421,50.0234,-0.0234,-2.2856,-2.6188,51.6401,45.2565,50.0,0.0,-2.4396,-2.7967,101.5805,42.8169,50.0233,-0.0233,-2.5958,-2.9745,151.5365,40.2211,,,101.5,2.7
2156,00h 35m 56s,43.959,False,False,1.6689,47.5421,50.0234,-0.0234,-2.2856,-2.6188,51.6401,45.2565,50.0,0.0,-2.4396,-2.7967,101.5805,42.8169,50.0233,-0.0233,-2.5958,-2.9745,151.5365,40.2211,,,101.5,2.7
2157,00h 35m 57s,43.959,False,False,1.6689,47.5421,50.0234,-0.0234,-2.2856,-2.6188,51.6401,45.2565,50.0,0.0,-2.4396,-2.7967,101.5805,42.8169,50.0233,-0.0233,-2.5958,-2.9745,151.5365,40.2211,,,101.5,2.7
2158,00h 35m 58s,43.959,False,False,1.6689,47.5421,50.0234,-0.0234,-2.2856,-2.6188,51.6401,45.2565,50.0,0.0,-2.4396,-2.7967,101.5805,42.8169,50.0233,-0.0233,-2.5958,-2.9745,151.5365,40.2211,,,101.5,2.7
2159,00h 35m 59s,43.959,False,False,1.6689,47.5421,50.0234,-0.0234,-2.2856,-2.6188,51.6401,45.2565,50.0,0.0,-2.4396,-2.7967,101.5805,42.8169,50.0233,-0.0233,-2.5958,-2.9745,151.5365,40.2211,,,101.5,2.7
2160,00h 36m 00s,43.983,False,False,1.6713,47.5902,50.0233,-0.0233,-2.3338,-2.6741,51.6401,45.2563,50.0,0.0,-2.4393,-2.7963,101.5805,42.8171,50.0244,-0.0244,-2.547,-2.9185,151.5401,40.27,,,101.5,2.7
2161,00h 36m 01s,44.008,False,False,1.6743,47.6384,50.0225,-0.0225,-2.3823,-2.7297,51.6401,45.2562,50.0,0.0,-2.4389,-2.7959,101.5805,42.8172,50.0241,-0.0241,-2.4978,-2.8621,151.5422,40.3194,,,101.5,2.7
2162,00h 36m 02s,44.032,False,False,1.6762,47.6866,50.0229,-0.0229,-2.4306,-2.7851,51.64,45.256,50.0,0.0,-2.4386,-2.7955,101.5805,42.8174,50.023,-0.023,-2.4488,-2.8059,151.5436,40.3687,,,101.5,2.7
2163,00h 36m 03s,44.057,False,False,1.6788,47.7348,50.0227,-0.0227,-2.479,-2.8406,51.64,45.2558,50.0,0.0,-2.4382,-2.7951,101.5806,42.8176,50.0235,-0.0235,-2.3997,-2.7496,151.5464,40.4179,,,101.5,2.7
2164,00h 36m 04s,44.081,False,False,1.6815,47.7831,50.0224,-0.0224,-2.5275,-2.8962,51.64,45.2556,50.0,0.0,-2.4379,-2.7947,101.5806,42.8178,50.023,-0.023,-2.3505,-2.6932,151.5483,40.4673,,,101.5,2.7
2165,00h 36m 05s,44.149,False,False,1.6838,47.8311,50.0229,-0.0229,-2.4889,-2.8519,51.6448,45.3422,50.0,0.0,-2.4375,-2.7942,101.5854,42.9047,50.023,-0.023,-2.3882,-2.7365,151.5513,40.5165,,,100.0,2.7
2166,00h 36m 06s,44.216,False,False,1.6862,47.8791,50.0232,-0.0232,-2.4503,-2.8077,51.6493,45.4288,50.0,0.0,-2.4371,-2.7938,101.5899,42.9917,50.0232,-0.0232,-2.4261,-2.7799,151.5542,40.5656,,,98.9,2.7
2167,00h 36m 07s,44.284,False,False,1.6885,47.9279,50.0232,-0.0232,-2.4126,-2.7645,51.6536,45.5153,50.0,0.0,-2.437,-2.7937,101.5941,43.0783,50.0232,-0.0232,-2.4635,-2.8228,151.5567,40.6148,,,97.9,2.7
2168,00h 36m 08s,44.352,False,False,1.6903,47.9762,50.0236,-0.0236,-2.3744,-2.7206,51.6575,45.6017,50.0,0.0,-2.4367,-2.7933,101.5981,43.1651,50.0235,-0.0235,-2.5012,-2.866,151.559,40.6638,,,97.3,2.7
2169,00h 36m 09s,44.419,False,False,1.6927,48.0242,50.0234,-0.0234,-2.3358,-2.6763,51.6615,45.6884,50.0,0.0,-2.4363,-2.7929,101.6021,43.2522,50.0233,-0.0233,-2.539,-2.9094,151.561,40.7131,,,96.6,0.64
2170,00h 36m 10s,44.487,False,False,1.6957,48.0726,50.0232,-0.0232,-2.2976,-2.6325,51.6661,45.775,50.0,0.0,-2.4361,-2.7926,101.6067,43.339,50.0231,-0.0231,-2.5768,-2.9527,151.5634,40.7622,,,95.4,0.64
2171,00h 36m 11s,44.555,False,False,1.6979,48.1213,50.0235,-0.0235,-2.2598,-2.5892,51.6703,45.8616,50.0,0.0,-2.436,-2.7925,101.611,43.4256,50.0234,-0.0234,-2.6144,-2.9958,151.566,40.8112,,,94.4,0.64
2172,00h 36m 12s,44.579,False,False,1.7007,48.1698,50.023,-0.023,-2.3084,-2.6449,51.6703,45.8615,50.0,0.0,-2.4357,-2.7923,101.611,43.4257,50.0252,-0.0252,-2.5654,-2.9396,151.5704,40.8603,,,94.5,0.64
2173,00h 36m 13s,44.604,False,False,1.7034,48.2178,50.0225,-0.0225,-2.3566,-2.7003,51.6703,45.8612,50.0,0.0,-2.4353,-2.7917,101.611,43.4259,50.0254,-0.0254,-2.5163,-2.8832,151.5731,40.9097,,,94.5,0.64
2174,00h 36m 14s,44.628,False,False,1.7053,48.2667,50.0229,-0.0229,-2.4056,-2.7564,51.6703,45.8611,50.0,0.0,-2.4351,-2.7915,101.611,43.426,50.0253,-0.0253,-2.467,-2.8267,151.5754,40.959,,,94.5,0.64
2175,00h 36m 15s,44.652,False,False,1.7081,48.3147,50.0225,-0.0225,-2.4538,-2.8117,51.6703,45.861,50.0,0.0,-2.4348,-2.7911,101.611,43.4262,50.0259,-0.0259,-2.4181,-2.7706,151.5785,41.0081,,,94.5,0.64
2176,00h 36m 16s,44.677,False,False,1.7112,48.3629,50.0217,-0.0217,-2.5021,-2.8671,51.6703,45.8608,50.0,0.0,-2.4345,-2.7908,101.611,43.4263,50.0256,-0.0256,-2.3692,-2.7145,151.5805,41.0572,,,94.5,0.64
2177,00h 36m 17s,44.745,False,False,1.7131,48.4114,50.0238,-0.0238,-2.4639,-2.8232,51.6762,45.9475,50.0,0.0,-2.4341,-2.7904,101.6169,43.5134,50.0238,-0.0238,-2.4068,-2.7577,151.5828,41.1066,,,91.9,0.64
2178,00h 36m 18s,44.812,False,False,1.7145,48.4594,50.024,-0.024,-2.4254,-2.779,51.6797,46.034,50.0,0.0,-2.4337,-2.7899,101.6204,43.6003,50.024,-0.024,-2.4443,-2.8008,151.5847,41.156,,,91.7,0.64
2179,00h 36m 19s,44.88,False,False,1.717,48.5082,50.0239,-0.0239,-2.3875,-2.7356,51.6839,46.1207,50.0,0.0,-2.4336,-2.7898,101.6246,43.6871,50.0238,-0.0238,-2.4821,-2.8441,151.5868,41.205,,,90.9,0.64
2180,00h 36m 20s,44.948,False,False,1.7195,48.5566,50.0236,-0.0236,-2.3495,-2.6921,51.6879,46.2071,50.0,0.0,-2.4334,-2.7896,101.6287,43.7736,50.0236,-0.0236,-2.5196,-2.8871,151.5888,41.2541,,,90.2,0.71
2181,00h 36m 21s,45.015,False,False,1.7219,48.6053,50.0239,-0.0239,-2.3119,-2.6489,51.6923,46.2934,50.0,0.0,-2.4333,-2.7894,101.6331,43.8601,50.0238,-0.0238,-2.557,-2.93,151.5915,41.3031,,,89.0,0.71
2182,00h 36m 22s,45.083,False,False,1.7243,48.6534,50.024,-0.024,-2.2736,-2.605,51.6966,46.3798,50.0,0.0,-2.4329,-2.789,101.6374,43.9469,50.0239,-0.0239,-2.5945,-2.9729,151.594,41.3525,,,88.1,0.71
2183,00h 36m 23s,45.108,False,False,1.7261,48.7021,50.0244,-0.0244,-2.3224,-2.6609,51.6966,46.3797,50.0,0.0,-2.4326,-2.7887,101.6374,43.947,50.0246,-0.0246,-2.5453,-2.9165,151.5972,41.4018,,,88.1,0.71
2184,00h 36m 24s,45.132,False,False,1.729,48.7506,50.0238,-0.0238,-2.371,-2.7167,51.6966,46.3796,50.0,0.0,-2.4324,-2.7885,101.6374,43.9471,50.0243,-0.0243,-2.4962,-2.8603,151.5994,41.4509,,,88.1,0.71
2185,00h 36m 25s,45.156,False,False,1.7321,48.7989,50.023,-0.023,-2.4195,-2.7723,51.6966,46.3794,50.0,0.0,-2.4322,-2.7882,101.6374,43.9473,50.024,-0.024,-2.4472,-2.804,151.6015,41.5001,,,88.1,0.71
2186,00h 36m 26s,45.181,False,False,1.735,48.8477,50.0225,-0.0225,-2.4683,-2.8283,51.6966,46.3794,50.0,0.0,-2.432,-2.788,101.6374,43.9473,50.0247,-0.0247,-2.398,-2.7477,151.6046,41.5493,,,88.1,0.71
2187,00h 36m 27s,45.205,False,False,1.7368,48.8957,50.023,-0.023,-2.5166,-2.8837,51.6966,46.3791,50.0,0.0,-2.4316,-2.7875,101.6374,43.9476,50.0241,-0.0241,-2.3488,-2.6913,151.6064,41.5987,,,88.1,0.71
2188,00h 36m 28s,45.273,False,False,1.7389,48.9444,50.0237,-0.0237,-2.4785,-2.84,51.7012,46.4659,50.0,0.0,-2.4315,-2.7874,101.642,44.0344,50.0238,-0.0238,-2.3867,-2.7347,151.6088,41.6477,,,86.8,0.71
2189,00h 36m 29s,45.341,False,False,1.7406,48.9923,50.0247,-0.0247,-2.4399,-2.7957,51.7057,46.5524,50.0,0.0,-2.4309,-2.7867,101.6466,44.1214,50.0247,-0.0247,-2.4243,-2.7778,151.6125,41.6971,,,85.6,0.71
2190,00h 36m 30s,45.384,False,False,1.7406,48.9923,50.0248,-0.0248,-2.3531,-2.6961,51.71,46.6392,50.0,0.0,-2.4309,-2.7867,101.6508,44.2083,50.0247,-0.0247,-2.5112,-2.8774,151.6125,41.6971,,,84.7,0.71
2191,00h 36m 31s,45.428,False,False,1.7406,48.9923,50.025,-0.025,-2.2662,-2.5965,51.7142,46.726,50.0,0.0,-2.4309,-2.7867,101.6551,44.2951,50.0249,-0.0249,-2.598,-2.977,151.6125,41.6971,,,83.8,0.7
2192,00h 36m 32s,45.428,False,False,1.7406,48.9923,50.025,-0.025,-2.2662,-2.5965,51.7142,46.726,50.0,0.0,-2.4309,-2.7867,101.6551,44.2951,50.0249,-0.0249,-2.598,-2.977,151.6125,41.6971,,,83.8,0.7
2193,00h 36m 33s,45.428,False,False,1.7406,48.9923,50.025,-0.025,-2.2662,-2.5965,51.7142,46.726,50.0,0.0,-2.4309,-2.7867,101.6551,44.2951,50.0249,-0.0249,-2.598,-2.977,151.6125,41.6971,,,83.8,0.7
2194,00h 36m 34s,45.428,False,False,1.7406,48.9923,50.025,-0.025,-2.2662,-2.5965,51.7142,46.726,50.0,0.0,-2.4309,-2.7867,101.6551,44.2951,50.0249,-0.0249,-2.598,-2.977,151.6125,41.6971,,,83.8,0.7
2195,00h 36m 35s,45.428,False,False,1.7406,48.9923,50.025,-0.025,-2.2662,-2.5965,51.7142,46.726,50.0,0.0,-2.4309,-2.7867,101.6551,44.2951,50.0249,-0.0249,-2.598,-2.977,151.6125,41.6971,,,83.8,0.7
2196,00h 36m 36s,45.428,False,False,1.7406,48.9923,50.025,-0.025,-2.2662,-2.5965,51.7142,46.726,50.0,0.0,-2.4309,-2.7867,101.6551,44.2951,50.0249,-0.0249,-2.598,-2.977,151.6125,41.6971,,,83.8,0.7
2197,00h 36m 37s,45.428,False,False,1.7406,48.9923,50.025,-0.025,-2.2662,-2.5965,51.7142,46.726,50.0,0.0,-2.4309,-2.7867,101.6551,44.2951,50.0249,-0.0249,-2.598,-2.977,151.6125,41.6971,,,83.8,0.7
2198,00h 36m 38s,45.428,False,False,1.7406,48.9923,50.025,-0.025,-2.2662,-2.5965,51.7142,46.726,50.0,0.0,-2.4309,-2.7867,101.6551,44.2951,50.0249,-0.0249,-2.598,-2.977,151.6125,41.6971,,,83.8,0.7
2199,00h 36m 39s,45.428,False,False,1.7406,48.9923,50.025,-0.025,-2.2662,-2.5965,51.7142,46.726,50.0,0.0,-2.4309,-2.7867,101.6551,44.2951,50.0249,-0.0249,-2.598,-2.977,151.6125,41.6971,,,83.8,0.7
2200,00h 36m 40s,45.428,False,False,1.7406,48.9923,50.025,-0.025,-2.2662,-2.5965,51.7142,46.726,50.0,0.0,-2.4309,-2.7867,101.6551,44.2951,50.0249,-0.0249,-2.598,-2.977,151.6125,41.6971,,,83.8,0.7
2201,00h 36m 41s,45.428,False,False,1.7406,48.9923,50.025,-0.025,-2.2662,-2.5965,51.7142,46.726,50.0,0.0,-2.4309,-2.7867,101.6551,44.2951,50.0249,-0.0249,-2.598,-2.977,151.6125,41.6971,,,83.8,0.7
2202,00h 36m 42s,45.428,False,False,1.7406,48.9923,50.025,-0.025,-2.2662,-2.5965,51.7142,46.726,50.0,0.0,-2.4309,-2.7867,101.6551,44.2951,50.0249,-0.0249,-2.598,-2.977,151.6125,41.6971,,,83.8,0.7
2203,00h 36m 43s,45.428,False,False,1.7406,48.9923,50.025,-0.025,-2.2662,-2.5965,51.7142,46.726,50.0,0.0,-2.4309,-2.7867,101.6551,44.2951,50.0249,-0.0249,-2.598,-2.977,151.6125,41.6971,,,83.8,0.7
2204,00h 36m 44s,45.428,False,False,1.7406,48.9923,50.025,-0.025,-2.2662,-2.5965,51.7142,46.726,50.0,0.0,-2.4309,-2.7867,101.6551,44.2951,50.0249,-0.0249,-2.598,-2.977,151.6125,41.6971,,,83.8,0.7
2205,00h 36m 45s,45.428,False,False,1.7406,48.9923,50.025,-0.025,-2.2662,-2.5965,51.7142,46.726,50.0,0.0,-2.4309,-2.7867,101.6551,44.2951,50.0249,-0.0249,-2.598,-2.977,151.6125,41.6971,,,83.8,0.7
2206,00h 36m 46s,45.428,False,False,1.7406,48.9923,50.025,-0.025,-2.2662,-2.5965,51.7142,46.726,50.0,0.0,-2.4309,-2.7867,101.6551,44.2951,50.0249,-0.0249,-2.598,-2.977,151.6125,41.6971,,,83.8,0.7
2207,00h 36m 47s,45.428,False,False,1.7406,48.9923,50.025,-0.025,-2.2662,-2.5965,51.7142,46.726,50.0,0.0,-2.4309,-2.7867,101.6551,44.2951,50.0249,-0.0249,-2.598,-2.977,151.6125,41.6971,,,83.8,0.7
2208,00h 36m 48s,45.428,False,False,1.7406,48.9923,50.025,-0.025,-2.2662,-2.5965,51.7142,46.726,50.0,0.0,-2.4309,-2.7867,101.6551,44.2951,50.0249,-0.0249,-2.598,-2.977,151.6125,41.6971,,,83.8,0.7
2209,00h 36m 49s,45.428,False,False,1.7406,48.9923,50.025,-0.025,-2.2662,-2.5965,51.7142,46.726,50.0,0.0,-2.4309,-2.7867,101.6551,44.2951,50.0249,-0.0249,-2.598,-2.977,151.6125,41.6971,,,83.8,0.7
2210,00h 36m 50s,45.428,False,False,1.7406,48.9923,50.025,-0.025,-2.2662,-2.5965,51.7142,46.726,50.0,0.0,-2.4309,-2.7867,101.6551,44.2951,50.0249,-0.0249,-2.598,-2.977,151.6125,41.6971,,,83.8,0.7
2211,00h 36m 51s,45.428,False,False,1.7406,48.9923,50.025,-0.025,-2.2662,-2.5965,51.7142,46.726,50.0,0.0,-2.4309,-2.7867,101.6551,44.2951,50.0249,-0.0249,-2.598,-2.977,151.6125,41.6971,,,83.8,0.7
2212,00h 36m 52s,45.428,False,False,1.7406,48.9923,50.025,-0.025,-2.2662,-2.5965,51.7142,46.726,50.0,0.0,-2.4309,-2.7867,101.6551,44.2951,50.0249,-0.0249,-2.598,-2.977,151.6125,41.6971,,,83.8,0.7
2213,00h 36m 53s,45.428,False,False,1.7406,48.9923,50.025,-0.025,-2.2662,-2.5965,51.7142,46.726,50.0,0.0,-2.4309,-2.7867,101.6551,44.2951,50.0249,-0.0249,-2.598,-2.977,151.6125,41.6971,,,83.8,0.7
2214,00h 36m 54s,45.428,False,False,1.7406,48.9923,50.025,-0.025,-2.2662,-2.5965,51.7142,46.726,50.0,0.0,-2.4309,-2.7867,101.6551,44.2951,50.0249,-0.0249,-2.598,-2.977,151.6125,41.6971,,,83.8,0.7
2215,00h 36m 55s,45.428,False,False,1.7406,48.9923,50.025,-0.025,-2.2662,-2.5965,51.7142,46.726,50.0,0.0,-2.4309,-2.7867,101.6551,44.2951,50.0249,-0.0249,-2.598,-2.977,151.6125,41.6971,,,83.8,0.7
2216,00h 36m 56s,45.428,False,False,1.7406,48.9923,50.025,-0.025,-2.2662,-2.5965,51.7142,46.726,50.0,0.0,-2.4309,-2.7867,101.6551,44.2951,50.0249,-0.0249,-2.598,-2.977,151.6125,41.6971,,,83.8,0.7
2217,00h 36m 57s,45.428,False,False,1.7406,48.9923,50.025,-0.025,-2.2662,-2.5965,51.7142,46.726,50.0,0.0,-2.4309,-2.7867,101.6551,44.2951,50.0249,-0.0249,-2.598,-2.977,151.6125,41.6971,,,83.8,0.7
2218,00h 36m 58s,45.428,False,False,1.7406,48.9923,50.025,-0.025,-2.2662,-2.5965,51.7142,46.726,50.0,0.0,-2.4309,-2.7867,101.6551,44.2951,50.0249,-0.0249,-2.598,-2.977,151.6125,41.6971,,,83.8,0.7
2219,00h 36m 59s,45.428,False,False,1.7406,48.9923,50.025,-0.025,-2.2662,-2.5965,51.7142,46.726,50.0,0.0,-2.4309,-2.7867,101.6551,44.2951,50.0249,-0.0249,-2.598,-2.977,151.6125,41.6971,,,83.8,0.7
2220,00h 37m 00s,45.452,False,False,1.7423,49.0401,50.0255,-0.0255,-2.3143,-2.6516,51.7142,46.7258,50.0,0.0,-2.4305,-2.7863,101.6551,44.2953,50.025,-0.025,-2.5492,-2.9209,151.6151,41.7462,,,83.8,0.7
2221,00h 37m 01s,45.476,False,False,1.7442,49.0884,50.0258,-0.0258,-2.3628,-2.7071,51.7142,46.7257,50.0,0.0,-2.4302,-2.7859,101.6551,44.2955,50.0256,-0.0256,-2.5002,-2.8647,151.6182,41.7953,,,83.8,0.7
2222,00h 37m 02s,45.501,False,False,1.747,49.1364,50.0253,-0.0253,-2.411,-2.7625,51.7142,46.7254,50.0,0.0,-2.4297,-2.7854,101.6551,44.2957,50.0269,-0.0269,-2.451,-2.8083,151.622,41.8447,,,83.8,0.7
2223,00h 37m 03s,45.525,False,False,1.7495,49.1844,50.0251,-0.0251,-2.4591,-2.8177,51.7142,46.7253,50.0,0.0,-2.4294,-2.785,101.6551,44.2959,50.026,-0.026,-2.4021,-2.7523,151.6235,41.8938,,,83.8,0.7
2224,00h 37m 04s,45.549,False,False,1.7522,49.2321,50.0249,-0.0249,-2.5071,-2.8727,51.7142,46.7251,50.0,0.0,-2.429,-2.7845,101.6551,44.2961,50.027,-0.027,-2.3534,-2.6963,151.6267,41.9427,,,83.8,0.7
2225,00h 37m 05s,45.617,False,False,1.7542,49.2803,50.0261,-0.0261,-2.4685,-2.8283,51.7193,46.8118,50.0,0.0,-2.4286,-2.7841,101.6603,44.3832,50.0261,-0.0261,-2.3914,-2.7399,151.6292,41.9918,,,82.0,0.7
2226,00h 37m 06s,45.685,False,False,1.7565,49.3288,50.0259,-0.0259,-2.4304,-2.7847,51.7233,46.8985,50.0,0.0,-2.4285,-2.7839,101.6643,44.47,50.0259,-0.0259,-2.4291,-2.7832,151.6312,42.0409,,,81.3,0.7
2227,00h 37m 07s,45.752,False,False,1.7581,49.3775,50.0266,-0.0266,-2.3925,-2.7411,51.7275,46.985,50.0,0.0,-2.4283,-2.7837,101.6685,44.5567,50.0266,-0.0266,-2.4667,-2.8263,151.6342,42.0901,,,80.5,0.7
2228,00h 37m 08s,45.82,False,False,1.761,49.4263,50.0265,-0.0265,-2.3549,-2.6981,51.7321,47.0714,50.0,0.0,-2.4282,-2.7836,101.6731,44.6432,50.0265,-0.0265,-2.504,-2.8691,151.6368,42.1392,,,79.2,0.7
2229,00h 37m 09s,45.888,False,False,1.7628,49.474,50.0272,-0.0272,-2.3161,-2.6536,51.7363,47.1579,50.0,0.0,-2.4277,-2.783,101.6774,44.7303,50.0271,-0.0271,-2.5418,-2.9124,151.6399,42.1885,,,78.2,0.7
2230,00h 37m 10s,45.956,False,False,1.7667,49.5227,50.0266,-0.0266,-2.2781,-2.61,51.7414,47.2446,50.0,0.0,-2.4275,-2.7828,101.6824,44.8171,50.0266,-0.0266,-2.5795,-2.9556,151.6424,42.2376,,,76.5,0.8
2231,00h 37m 11s,45.98,False,False,1.7684,49.5715,50.0272,-0.0272,-2.327,-2.666,51.7414,47.2445,50.0,0.0,-2.4273,-2.7826,101.6824,44.8172,50.0258,-0.0258,-2.5302,-2.8991,151.6442,42.2871,,,76.5,0.8
2232,00h 37m 12s,46.004,False,False,1.7703,49.6199,50.0276,-0.0276,-2.3755,-2.7217,51.7414,47.2444,50.0,0.0,-2.427,-2.7823,101.6824,44.8173,50.0259,-0.0259,-2.4811,-2.8429,151.6468,42.3362,,,76.5,0.8
2233,00h 37m 13s,46.029,False,False,1.7724,49.6678,50.0277,-0.0277,-2.4236,-2.7768,51.7414,47.2442,50.0,0.0,-2.4266,-2.7818,101.6825,44.8176,50.0259,-0.0259,-2.4322,-2.7868,151.6491,42.3853,,,76.5,0.8
2234,00h 37m 14s,46.053,False,False,1.7748,49.7163,50.0277,-0.0277,-2.4722,-2.8325,51.7414,47.2441,50.0,0.0,-2.4265,-2.7816,101.6825,44.8176,50.0275,-0.0275,-2.3834,-2.7307,151.6532,42.4342,,,76.5,0.8
2235,00h 37m 15s,46.077,False,False,1.7765,49.7648,50.0284,-0.0284,-2.5208,-2.8882,51.7414,47.244,50.0,0.0,-2.4263,-2.7814,101.6825,44.8177,50.0282,-0.0282,-2.3345,-2.6745,151.6561,42.4833,,,76.5,0.8
2236,00h 37m 16s,46.145,False,False,1.7785,49.813,50.0284,-0.0284,-2.4826,-2.8444,51.7452,47.3304,50.0,0.0,-2.4259,-2.781,101.6863,44.9045,50.0284,-0.0284,-2.372,-2.7176,151.6584,42.5325,,,76.0,0.8
2237,00h 37m 17s,46.213,False,False,1.7804,49.8617,50.0287,-0.0287,-2.4448,-2.8011,51.7493,47.4169,50.0,0.0,-2.4257,-2.7807,101.6904,44.9912,50.0287,-0.0287,-2.4094,-2.7604,151.661,42.5818,,,75.3,0.8
2238,00h 37m 18s,46.281,False,False,1.7839,49.9095,50.0283,-0.0283,-2.406,-2.7566,51.7543,47.5035,50.0,0.0,-2.4253,-2.7803,101.6954,45.0782,50.0283,-0.0283,-2.4474,-2.8041,151.6638,42.6308,,,73.6,0.8
2239,00h 37m 19s,46.348,False,False,1.7876,49.9574,50.028,-0.028,-2.3674,-2.7123,51.7595,47.59,50.0,0.0,-2.4249,-2.7798,101.7007,45.1651,50.028,-0.028,-2.485,-2.8472,151.6669,42.6801,,,71.6,0.8
2240,00h 37m 20s,46.416,False,False,1.791,50.0051,50.0278,-0.0278,-2.329,-2.6683,51.7645,47.6762,50.0,0.0,-2.4243,-2.7792,101.7057,45.2518,50.0277,-0.0277,-2.5224,-2.8901,151.6698,42.7294,,,70.0,0.8
2241,00h 37m 21s,46.483,False,False,1.793,50.0531,50.0282,-0.0282,-2.2907,-2.6244,51.7687,47.7624,50.0,0.0,-2.424,-2.7788,101.7099,45.3384,50.0281,-0.0281,-2.56,-2.9332,151.6725,42.7784,,,69.1,0.82
2242,00h 37m 22s,46.551,False,False,1.7959,50.1011,50.0283,-0.0283,-2.2523,-2.5804,51.7735,47.8488,50.0,0.0,-2.4236,-2.7784,101.7148,45.4252,50.0283,-0.0283,-2.5977,-2.9764,151.6755,42.8275,,,67.6,0.82
2243,00h 37m 23s,46.575,False,False,1.7986,50.1497,50.0279,-0.0279,-2.301,-2.6362,51.7735,47.8487,50.0,0.0,-2.4234,-2.7781,101.7148,45.4253,50.0288,-0.0288,-2.5485,-2.9199,151.6786,42.8768,,,67.6,0.82
2244,00h 37m 24s,46.599,False,False,1.8014,50.1975,50.0273,-0.0273,-2.349,-2.6913,51.7735,47.8485,50.0,0.0,-2.423,-2.7776,101.7148,45.4255,50.028,-0.028,-2.4996,-2.8639,151.6803,42.9259,,,67.6,0.82
2245,00h 37m 25s,46.624,False,False,1.8032,50.2458,50.0278,-0.0278,-2.3975,-2.7468,51.7735,47.8483,50.0,0.0,-2.4227,-2.7773,101.7148,45.4257,50.0284,-0.0284,-2.4506,-2.8078,151.6831,42.975,,,67.6,0.82
2246,00h 37m 26s,46.648,False,False,1.8056,50.2937,50.0278,-0.0278,-2.4455,-2.8019,51.7735,47.8481,50.0,0.0,-2.4223,-2.7768,101.7148,45.4259,50.0276,-0.0276,-2.4017,-2.7517,151.6847,43.0241,,,67.6,0.82
2247,00h 37m 27s,46.672,False,False,1.8068,50.3425,50.0289,-0.0289,-2.4944,-2.8579,51.7735,47.8481,50.0,0.0,-2.4222,-2.7767,101.7148,45.4259,50.0274,-0.0274,-2.3527,-2.6955,151.6868,43.0733,,,67.6,0.82
2248,00h 37m 28s,46.74,False,False,1.8089,50.3908,50.0282,-0.0282,-2.4563,-2.8142,51.7768,47.9345,50.0,0.0,-2.4219,-2.7764,101.7181,45.5126,50.0282,-0.0282,-2.3902,-2.7385,151.6891,43.1224,,,67.7,0.82
2249,00h 37m 29s,46.808,False,False,1.8108,50.4388,50.0279,-0.0279,-2.4176,-2.7699,51.7803,48.0211,50.0,0.0,-2.4215,-2.7759,101.7216,45.5997,50.0279,-0.0279,-2.4281,-2.7819,151.6906,43.1716,,,67.4,0.82
2250,00h 37m 30s,46.851,False,False,1.8108,50.4388,50.028,-0.028,-2.3312,-2.6708,51.7845,48.1076,50.0,0.0,-2.4215,-2.7759,101.7258,45.6861,50.028,-0.028,-2.5145,-2.881,151.6906,43.1716,,,66.6,0.82
2251,00h 37m 31s,46.894,False,False,1.8108,50.4388,50.0283,-0.0283,-2.2444,-2.5712,51.7887,48.1944,50.0,0.0,-2.4215,-2.7759,101.7301,45.7729,50.0282,-0.0282,-2.6013,-2.9806,151.6906,43.1716,,,65.7,0.82
2252,00h 37m 32s,46.894,False,False,1.8108,50.4388,50.0283,-0.0283,-2.2444,-2.5712,51.7887,48.1944,50.0,0.0,-2.4215,-2.7759,101.7301,45.7729,50.0282,-0.0282,-2.6013,-2.9806,151.6906,43.1716,,,65.7,0.82
2253,00h 37m 33s,46.894,False,False,1.8108,50.4388,50.0283,-0.0283,-2.2444,-2.5712,51.7887,48.1944,50.0,0.0,-2.4215,-2.7759,101.7301,45.7729,50.0282,-0.0282,-2.6013,-2.9806,151.6906,43.1716,,,65.7,0.82
2254,00h 37m 34s,46.894,False,False,1.8108,50.4388,50.0283,-0.0283,-2.2444,-2.5712,51.7887,48.1944,50.0,0.0,-2.4215,-2.7759,101.7301,45.7729,50.0282,-0.0282,-2.6013,-2.9806,151.6906,43.1716,,,65.7,0.82
2255,00h 37m 35s,46.894,False,False,1.8108,50.4388,50.0283,-0.0283,-2.2444,-2.5712,51.7887,48.1944,50.0,0.0,-2.4215,-2.7759,101.7301,45.7729,50.0282,-0.0282,-2.6013,-2.9806,151.6906,43.1716,,,65.7,0.82
2256,00h 37m 36s,46.894,False,False,1.8108,50.4388,50.0283,-0.0283,-2.2444,-2.5712,51.7887,48.1944,50.0,0.0,-2.4215,-2.7759,101.7301,45.7729,50.0282,-0.0282,-2.6013,-2.9806,151.6906,43.1716,,,65.7,0.82
2257,00h 37m 37s,46.894,False,False,1.8108,50.4388,50.0283,-0.0283,-2.2444,-2.5712,51.7887,48.1944,50.0,0.0,-2.4215,-2.7759,101.7301,45.7729,50.0282,-0.0282,-2.6013,-2.9806,151.6906,43.1716,,,65.7,0.82
2258,00h 37m 38s,46.894,False,False,1.8108,50.4388,50.0283,-0.0283,-2.2444,-2.5712,51.7887,48.1944,50.0,0.0,-2.4215,-2.7759,101.7301,45.7729,50.0282,-0.0282,-2.6013,-2.9806,151.6906,43.1716,,,65.7,0.82
2259,00h 37m 39s,46.894,False,False,1.8108,50.4388,50.0283,-0.0283,-2.2444,-2.5712,51.7887,48.1944,50.0,0.0,-2.4215,-2.7759,101.7301,45.7729,50.0282,-0.0282,-2.6013,-2.9806,151.6906,43.1716,,,65.7,0.82
2260,00h 37m 40s,46.894,False,False,1.8108,50.4388,50.0283,-0.0283,-2.2444,-2.5712,51.7887,48.1944,50.0,0.0,-2.4215,-2.7759,101.7301,45.7729,50.0282,-0.0282,-2.6013,-2.9806,151.6906,43.1716,,,65.7,0.82
2261,00h 37m 41s,46.894,False,False,1.8108,50.4388,50.0283,-0.0283,-2.2444,-2.5712,51.7887,48.1944,50.0,0.0,-2.4215,-2.7759,101.7301,45.7729,50.0282,-0.0282,-2.6013,-2.9806,151.6906,43.1716,,,65.7,0.82
2262,00h 37m 42s,46.894,False,False,1.8108,50.4388,50.0283,-0.0283,-2.2444,-2.5712,51.7887,48.1944,50.0,0.0,-2.4215,-2.7759,101.7301,45.7729,50.0282,-0.0282,-2.6013,-2.9806,151.6906,43.1716,,,65.7,0.82
2263,00h 37m 43s,46.894,False,False,1.8108,50.4388,50.0283,-0.0283,-2.2444,-2.5712,51.7887,48.1944,50.0,0.0,-2.4215,-2.7759,101.7301,45.7729,50.0282,-0.0282,-2.6013,-2.9806,151.6906,43.1716,,,65.7,0.82
2264,00h 37m 44s,46.894,False,False,1.8108,50.4388,50.0283,-0.0283,-2.2444,-2.5712,51.7887,48.1944,50.0,0.0,-2.4215,-2.7759,101.7301,45.7729,50.0282,-0.0282,-2.6013,-2.9806,151.6906,43.1716,,,65.7,0.82
2265,00h 37m 45s,46.894,False,False,1.8108,50.4388,50.0283,-0.0283,-2.2444,-2.5712,51.7887,48.1944,50.0,0.0,-2.4215,-2.7759,101.7301,45.7729,50.0282,-0.0282,-2.6013,-2.9806,151.6906,43.1716,,,65.7,0.82
2266,00h 37m 46s,46.894,False,False,1.8108,50.4388,50.0283,-0.0283,-2.2444,-2.5712,51.7887,48.1944,50.0,0.0,-2.4215,-2.7759,101.7301,45.7729,50.0282,-0.0282,-2.6013,-2.9806,151.6906,43.1716,,,65.7,0.82
2267,00h 37m 47s,46.894,False,False,1.8108,50.4388,50.0283,-0.0283,-2.2444,-2.5712,51.7887,48.1944,50.0,0.0,-2.4215,-2.7759,101.7301,45.7729,50.0282,-0.0282,-2.6013,-2.9806,151.6906,43.1716,,,65.7,0.82
2268,00h 37m 48s,46.894,False,False,1.8108,50.4388,50.0283,-0.0283,-2.2444,-2.5712,51.7887,48.1944,50.0,0.0,-2.4215,-2.7759,101.7301,45.7729,50.0282,-0.0282,-2.6013,-2.9806,151.6906,43.1716,,,65.7,0.82
2269,00h 37m 49s,46.894,False,False,1.8108,50.4388,50.0283,-0.0283,-2.2444,-2.5712,51.7887,48.1944,50.0,0.0,-2.4215,-2.7759,101.7301,45.7729,50.0282,-0.0282,-2.6013,-2.9806,151.6906,43.1716,,,65.7,0.82
2270,00h 37m 50s,46.894,False,False,1.8108,50.4388,50.0283,-0.0283,-2.2444,-2.5712,51.7887,48.1944,50.0,0.0,-2.4215,-2.7759,101.7301,45.7729,50.0282,-0.0282,-2.6013,-2.9806,151.6906,43.1716,,,65.7,0.82
2271,00h 37m 51s,46.894,False,False,1.8108,50.4388,50.0283,-0.0283,-2.2444,-2.5712,51.7887,48.1944,50.0,0.0,-2.4215,-2.7759,101.7301,45.7729,50.0282,-0.0282,-2.6013,-2.9806,151.6906,43.1716,,,65.7,0.82
2272,00h 37m 52s,46.894,False,False,1.8108,50.4388,50.0283,-0.0283,-2.2444,-2.5712,51.7887,48.1944,50.0,0.0,-2.4215,-2.7759,101.7301,45.7729,50.0282,-0.0282,-2.6013,-2.9806,151.6906,43.1716,,,65.7,0.82
2273,00h 37m 53s,46.894,False,False,1.8108,50.4388,50.0283,-0.0283,-2.2444,-2.5712,51.7887,48.1944,50.0,0.0,-2.4215,-2.7759,101.7301,45.7729,50.0282,-0.0282,-2.6013,-2.9806,151.6906,43.1716,,,65.7,0.82
2274,00h 37m 54s,46.894,False,False,1.8108,50.4388,50.0283,-0.0283,-2.2444,-2.5712,51.7887,48.1944,50.0,0.0,-2.4215,-2.7759,101.7301,45.7729,50.0282,-0.0282,-2.6013,-2.9806,151.6906,43.1716,,,65.7,0.82
2275,00h 37m 55s,46.894,False,False,1.8108,50.4388,50.0283,-0.0283,-2.2444,-2.5712,51.7887,48.1944,50.0,0.0,-2.4215,-2.7759,101.7301,45.7729,50.0282,-0.0282,-2.6013,-2.9806,151.6906,43.1716,,,65.7,0.82
2276,00h 37m 56s,46.894,False,False,1.8108,50.4388,50.0283,-0.0283,-2.2444,-2.5712,51.7887,48.1944,50.0,0.0,-2.4215,-2.7759,101.7301,45.7729,50.0282,-0.0282,-2.6013,-2.9806,151.6906,43.1716,,,65.7,0.82
2277,00h 37m 57s,46.894,False,False,1.8108,50.4388,50.0283,-0.0283,-2.2444,-2.5712,51.7887,48.1944,50.0,0.0,-2.4215,-2.7759,101.7301,45.7729,50.0282,-0.0282,-2.6013,-2.9806,151.6906,43.1716,,,65.7,0.82
2278,00h 37m 58s,46.894,False,False,1.8108,50.4388,50.0283,-0.0283,-2.2444,-2.5712,51.7887,48.1944,50.0,0.0,-2.4215,-2.7759,101.7301,45.7729,50.0282,-0.0282,-2.6013,-2.9806,151.6906,43.1716,,,65.7,0.82
2279,00h 37m 59s,46.894,False,False,1.8108,50.4388,50.0283,-0.0283,-2.2444,-2.5712,51.7887,48.1944,50.0,0.0,-2.4215,-2.7759,101.7301,45.7729,50.0282,-0.0282,-2.6013,-2.9806,151.6906,43.1716,,,65.7,0.82
2280,00h 38m 00s,46.919,False,False,1.8129,50.4868,50.0283,-0.0283,-2.2926,-2.6265,51.7887,48.1942,50.0,0.0,-2.4211,-2.7754,101.7301,45.7731,50.0282,-0.0282,-2.5523,-2.9243,151.6931,43.2208,,,65.7,0.82
2281,00h 38m 01s,46.943,False,False,1.8159,50.5348,50.0276,-0.0276,-2.3408,-2.6819,51.7887,48.194,50.0,0.0,-2.4206,-2.7749,101.7301,45.7733,50.0271,-0.0271,-2.5031,-2.8679,151.6946,43.2703,,,65.7,0.82
2282,00h 38m 02s,46.968,False,False,1.8183,50.5832,50.0275,-0.0275,-2.3894,-2.7376,51.7887,48.1938,50.0,0.0,-2.4203,-2.7746,101.7301,45.7735,50.0271,-0.0271,-2.4539,-2.8115,151.697,43.3196,,,65.7,0.82
2283,00h 38m 03s,46.992,False,False,1.8214,50.6319,50.0268,-0.0268,-2.4381,-2.7935,51.7887,48.1937,50.0,0.0,-2.4202,-2.7744,101.7301,45.7736,50.0276,-0.0276,-2.4048,-2.7553,151.6999,43.3688,,,65.7,0.82
2284,00h 38m 04s,47.016,False,False,1.8237,50.6805,50.0268,-0.0268,-2.4869,-2.8494,51.7887,48.1936,50.0,0.0,-2.4199,-2.7741,101.7301,45.7737,50.0277,-0.0277,-2.3556,-2.6988,151.7023,43.4181,,,65.7,0.82
2285,00h 38m 05s,47.084,False,False,1.8268,50.7288,50.0263,-0.0263,-2.4486,-2.8055,51.7931,48.2802,50.0,0.0,-2.4197,-2.7738,101.7346,45.8606,50.0263,-0.0263,-2.3933,-2.7422,151.7036,43.4672,,,64.6,0.5
2286,00h 38m 06s,47.152,False,False,1.8284,50.7769,50.0266,-0.0266,-2.4101,-2.7613,51.7969,48.3668,50.0,0.0,-2.4192,-2.7733,101.7384,45.9476,50.0266,-0.0266,-2.431,-2.7853,151.7059,43.5166,,,64.1,0.5
2287,00h 38m 07s,47.219,False,False,1.8311,50.825,50.0264,-0.0264,-2.3719,-2.7175,51.8012,48.4532,50.0,0.0,-2.419,-2.773,101.7426,46.0342,50.0264,-0.0264,-2.4686,-2.8285,151.7081,43.5656,,,63.1,0.5
2288,00h 38m 08s,47.287,False,False,1.8328,50.8729,50.0271,-0.0271,-2.3334,-2.6734,51.8054,48.5395,50.0,0.0,-2.4185,-2.7725,101.7469,46.121,50.0271,-0.0271,-2.5062,-2.8715,151.7111,43.6148,,,62.2,0.5
2289,00h 38m 09s,47.355,False,False,1.8347,50.9217,50.0276,-0.0276,-2.2955,-2.6299,51.8096,48.6262,50.0,0.0,-2.4183,-2.7723,101.7511,46.2079,50.0276,-0.0276,-2.5438,-2.9146,151.7139,43.6641,,,61.4,0.5
2290,00h 38m 10s,47.423,False,False,1.8366,50.9704,50.0282,-0.0282,-2.2577,-2.5866,51.8139,48.7127,50.0,0.0,-2.4182,-2.7721,101.7554,46.2945,50.0282,-0.0282,-2.5814,-2.9577,151.7169,43.7131,,,60.4,0.5
2291,00h 38m 11s,47.447,False,False,1.8393,51.0191,50.0278,-0.0278,-2.3065,-2.6425,51.8139,48.7126,50.0,0.0,-2.418,-2.7719,101.7554,46.2946,50.0282,-0.0282,-2.5323,-2.9014,151.7195,43.7623,,,60.4,0.5
2292,00h 38m 12s,47.471,False,False,1.8424,51.0669,50.0269,-0.0269,-2.3545,-2.6976,51.8139,48.7124,50.0,0.0,-2.4176,-2.7715,101.7554,46.2948,50.0272,-0.0272,-2.4834,-2.8454,151.7209,43.8113,,,60.4,0.5
2293,00h 38m 13s,47.496,False,False,1.8446,51.1152,50.027,-0.027,-2.403,-2.7532,51.8139,48.7123,50.0,0.0,-2.4174,-2.7712,101.7554,46.2949,50.0266,-0.0266,-2.4343,-2.7892,151.7227,43.8606,,,60.4,0.5
2294,00h 38m 14s,47.52,False,False,1.8471,51.1637,50.0268,-0.0268,-2.4515,-2.8089,51.8139,48.7121,50.0,0.0,-2.4171,-2.7709,101.7554,46.295,50.0259,-0.0259,-2.3852,-2.7329,151.7244,43.9098,,,60.4,0.5
2295,00h 38m 15s,47.544,False,False,1.8497,51.2115,50.0266,-0.0266,-2.4996,-2.8639,51.8138,48.7119,50.0,0.0,-2.4167,-2.7704,101.7554,46.2952,50.0255,-0.0255,-2.3363,-2.6768,151.7264,43.9589,,,60.4,0.5
2296,00h 38m 16s,47.612,False,False,1.8516,51.2596,50.0266,-0.0266,-2.4611,-2.8198,51.8176,48.7985,50.0,0.0,-2.4162,-2.7699,101.7592,46.3823,50.0267,-0.0267,-2.374,-2.72,151.7295,44.0083,,,60.0,0.51
2297,00h 38m 17s,47.68,False,False,1.8541,51.3078,50.0262,-0.0262,-2.4229,-2.7761,51.8217,48.8849,50.0,0.0,-2.4159,-2.7695,101.7633,46.469,50.0263,-0.0263,-2.4114,-2.7629,151.7314,44.0576,,,59.3,0.51
2298,00h 38m 18s,47.748,False,False,1.8554,51.3566,50.0268,-0.0268,-2.3851,-2.7327,51.8252,48.9715,50.0,0.0,-2.4157,-2.7693,101.7668,46.5558,50.0268,-0.0268,-2.4489,-2.8058,151.7336,44.107,,,59.0,0.51
2299,00h 38m 19s,47.816,False,False,1.8584,51.4053,50.0266,-0.0266,-2.3472,-2.6893,51.8299,49.0581,50.0,0.0,-2.4155,-2.769,101.7715,46.6426,50.0266,-0.0266,-2.4862,-2.8487,151.7363,44.1563,,,57.7,0.51
2300,00h 38m 20s,47.883,False,False,1.8604,51.4532,50.0268,-0.0268,-2.3085,-2.6449,51.8339,49.1447,50.0,0.0,-2.4151,-2.7685,101.7755,46.7296,50.0267,-0.0267,-2.5241,-2.8921,151.7385,44.2055,,,57.0,0.51
2301,00h 38m 21s,47.951,False,False,1.8621,51.5014,50.027,-0.027,-2.2701,-2.6008,51.8376,49.2313,50.0,0.0,-2.4147,-2.7682,101.7793,46.8166,50.027,-0.027,-2.562,-2.9355,151.7406,44.2546,,,56.6,0.51
2302,00h 38m 22s,48.019,False,False,1.864,51.5496,50.0278,-0.0278,-2.232,-2.5571,51.842,49.3176,50.0,0.0,-2.4144,-2.7677,101.7837,46.9032,50.0277,-0.0277,-2.5993,-2.9783,151.7438,44.3039,,,55.5,0.49
2303,00h 38m 23s,48.043,False,False,1.8666,51.5977,50.0274,-0.0274,-2.2804,-2.6126,51.842,49.3174,50.0,0.0,-2.4139,-2.7672,101.7837,46.9034,50.0282,-0.0282,-2.5502,-2.9219,151.7468,44.3533,,,55.5,0.49
2304,00h 38m 24s,48.067,False,False,1.8687,51.6459,50.0275,-0.0275,-2.3287,-2.668,51.842,49.3172,50.0,0.0,-2.4136,-2.7669,101.7837,46.9036,50.0282,-0.0282,-2.5013,-2.8658,151.7493,44.4023,,,55.5,0.49
2305,00h 38m 25s,48.092,False,False,1.8709,51.6939,50.0276,-0.0276,-2.3769,-2.7232,51.842,49.317,50.0,0.0,-2.4132,-2.7664,101.7837,46.9038,50.0288,-0.0288,-2.4522,-2.8096,151.7523,44.4516,,,55.5,0.49
2306,00h 38m 26s,48.116,False,False,1.8728,51.742,50.028,-0.028,-2.4252,-2.7786,51.842,49.3168,50.0,0.0,-2.4129,-2.766,101.7837,46.904,50.0289,-0.0289,-2.4033,-2.7535,151.7549,44.5006,,,55.5,0.49
2307,00h 38m 27s,48.14,False,False,1.8741,51.7901,50.029,-0.029,-2.4734,-2.8339,51.8419,49.3167,50.0,0.0,-2.4125,-2.7656,101.7837,46.9041,50.0297,-0.0297,-2.3545,-2.6974,151.758,44.5497,,,55.5,0.49
2308,00h 38m 28s,48.208,False,False,1.8774,51.8382,50.029,-0.029,-2.435,-2.7898,51.8471,49.4032,50.0,0.0,-2.4123,-2.7653,101.7888,46.991,50.029,-0.029,-2.3923,-2.7408,151.7606,44.5986,,,53.7,0.49
2309,00h 38m 29s,48.275,False,False,1.8797,51.8865,50.0286,-0.0286,-2.3968,-2.746,51.8508,49.4897,50.0,0.0,-2.412,-2.765,101.7926,47.0778,50.0286,-0.0286,-2.4299,-2.784,151.7621,44.6479,,,53.3,0.49
2310,00h 38m 30s,48.319,False,False,1.8797,51.8865,50.0287,-0.0287,-2.31,-2.6465,51.855,49.5765,50.0,0.0,-2.412,-2.765,101.7968,47.1646,50.0287,-0.0287,-2.5167,-2.8835,151.7621,44.6479,,,52.4,0.49
2311,00h 38m 31s,48.319,False,False,1.8797,51.8865,50.0287,-0.0287,-2.31,-2.6465,51.855,49.5765,50.0,0.0,-2.412,-2.765,101.7968,47.1646,50.0287,-0.0287,-2.5167,-2.8835,151.7621,44.6479,,,52.4,0.49
2312,00h 38m 32s,48.319,False,False,1.8797,51.8865,50.0287,-0.0287,-2.31,-2.6465,51.855,49.5765,50.0,0.0,-2.412,-2.765,101.7968,47.1646,50.0287,-0.0287,-2.5167,-2.8835,151.7621,44.6479,,,52.4,0.49
2313,00h 38m 33s,48.319,False,False,1.8797,51.8865,50.0287,-0.0287,-2.31,-2.6465,51.855,49.5765,50.0,0.0,-2.412,-2.765,101.7968,47.1646,50.0287,-0.0287,-2.5167,-2.8835,151.7621,44.6479,,,52.4,0.49
2314,00h 38m 34s,48.319,False,False,1.8797,51.8865,50.0287,-0.0287,-2.31,-2.6465,51.855,49.5765,50.0,0.0,-2.412,-2.765,101.7968,47.1646,50.0287,-0.0287,-2.5167,-2.8835,151.7621,44.6479,,,52.4,0.49
2315,00h 38m 35s,48.319,False,False,1.8797,51.8865,50.0287,-0.0287,-2.31,-2.6465,51.855,49.5765,50.0,0.0,-2.412,-2.765,101.7968,47.1646,50.0287,-0.0287,-2.5167,-2.8835,151.7621,44.6479,,,52.4,0.49
2316,00h 38m 36s,48.319,False,False,1.8797,51.8865,50.0287,-0.0287,-2.31,-2.6465,51.855,49.5765,50.0,0.0,-2.412,-2.765,101.7968,47.1646,50.0287,-0.0287,-2.5167,-2.8835,151.7621,44.6479,,,52.4,0.49
2317,00h 38m 37s,48.319,False,False,1.8797,51.8865,50.0287,-0.0287,-2.31,-2.6465,51.855,49.5765,50.0,0.0,-2.412,-2.765,101.7968,47.1646,50.0287,-0.0287,-2.5167,-2.8835,151.7621,44.6479,,,52.4,0.49
2318,00h 38m 38s,48.319,False,False,1.8797,51.8865,50.0287,-0.0287,-2.31,-2.6465,51.855,49.5765,50.0,0.0,-2.412,-2.765,101.7968,47.1646,50.0287,-0.0287,-2.5167,-2.8835,151.7621,44.6479,,,52.4,0.49
2319,00h 38m 39s,48.319,False,False,1.8797,51.8865,50.0287,-0.0287,-2.31,-2.6465,51.855,49.5765,50.0,0.0,-2.412,-2.765,101.7968,47.1646,50.0287,-0.0287,-2.5167,-2.8835,151.7621,44.6479,,,52.4,0.49
2320,00h 38m 40s,48.319,False,False,1.8797,51.8865,50.0287,-0.0287,-2.31,-2.6465,51.855,49.5765,50.0,0.0,-2.412,-2.765,101.7968,47.1646,50.0287,-0.0287,-2.5167,-2.8835,151.7621,44.6479,,,52.4,0.49
2321,00h 38m 41s,48.319,False,False,1.8797,51.8865,50.0287,-0.0287,-2.31,-2.6465,51.855,49.5765,50.0,0.0,-2.412,-2.765,101.7968,47.1646,50.0287,-0.0287,-2.5167,-2.8835,151.7621,44.6479,,,52.4,0.49
2322,00h 38m 42s,48.319,False,False,1.8797,51.8865,50.0287,-0.0287,-2.31,-2.6465,51.855,49.5765,50.0,0.0,-2.412,-2.765,101.7968,47.1646,50.0287,-0.0287,-2.5167,-2.8835,151.7621,44.6479,,,52.4,0.49
2323,00h 38m 43s,48.319,False,False,1.8797,51.8865,50.0287,-0.0287,-2.31,-2.6465,51.855,49.5765,50.0,0.0,-2.412,-2.765,101.7968,47.1646,50.0287,-0.0287,-2.5167,-2.8835,151.7621,44.6479,,,52.4,0.49
2324,00h 38m 44s,48.319,False,False,1.8797,51.8865,50.0287,-0.0287,-2.31,-2.6465,51.855,49.5765,50.0,0.0,-2.412,-2.765,101.7968,47.1646,50.0287,-0.0287,-2.5167,-2.8835,151.7621,44.6479,,,52.4,0.49
2325,00h 38m 45s,48.319,False,False,1.8797,51.8865,50.0287,-0.0287,-2.31,-2.6465,51.855,49.5765,50.0,0.0,-2.412,-2.765,101.7968,47.1646,50.0287,-0.0287,-2.5167,-2.8835,151.7621,44.6479,,,52.4,0.49
2326,00h 38m 46s,48.319,False,False,1.8797,51.8865,50.0287,-0.0287,-2.31,-2.6465,51.855,49.5765,50.0,0.0,-2.412,-2.765,101.7968,47.1646,50.0287,-0.0287,-2.5167,-2.8835,151.7621,44.6479,,,52.4,0.49
2327,00h 38m 47s,48.319,False,False,1.8797,51.8865,50.0287,-0.0287,-2.31,-2.6465,51.855,49.5765,50.0,0.0,-2.412,-2.765,101.7968,47.1646,50.0287,-0.0287,-2.5167,-2.8835,151.7621,44.6479,,,52.4,0.49
2328,00h 38m 48s,48.319,False,False,1.8797,51.8865,50.0287,-0.0287,-2.31,-2.6465,51.855,49.5765,50.0,0.0,-2.412,-2.765,101.7968,47.1646,50.0287,-0.0287,-2.5167,-2.8835,151.7621,44.6479,,,52.4,0.49
2329,00h 38m 49s,48.319,False,False,1.8797,51.8865,50.0287,-0.0287,-2.31,-2.6465,51.855,49.5765,50.0,0.0,-2.412,-2.765,101.7968,47.1646,50.0287,-0.0287,-2.5167,-2.8835,151.7621,44.6479,,,52.4,0.49
2330,00h 38m 50s,48.319,False,False,1.8797,51.8865,50.0287,-0.0287,-2.31,-2.6465,51.855,49.5765,50.0,0.0,-2.412,-2.765,101.7968,47.1646,50.0287,-0.0287,-2.5167,-2.8835,151.7621,44.6479,,,52.4,0.49
2331,00h 38m 51s,48.319,False,False,1.8797,51.8865,50.0287,-0.0287,-2.31,-2.6465,51.855,49.5765,50.0,0.0,-2.412,-2.765,101.7968,47.1646,50.0287,-0.0287,-2.5167,-2.8835,151.7621,44.6479,,,52.4,0.49
2332,00h 38m 52s,48.319,False,False,1.8797,51.8865,50.0287,-0.0287,-2.31,-2.6465,51.855,49.5765,50.0,0.0,-2.412,-2.765,101.7968,47.1646,50.0287,-0.0287,-2.5167,-2.8835,151.7621,44.6479,,,52.4,0.49
2333,00h 38m 53s,48.319,False,False,1.8797,51.8865,50.0287,-0.0287,-2.31,-2.6465,51.855,49.5765,50.0,0.0,-2.412,-2.765,101.7968,47.1646,50.0287,-0.0287,-2.5167,-2.8835,151.7621,44.6479,,,52.4,0.49
2334,00h 38m 54s,48.319,False,False,1.8797,51.8865,50.0287,-0.0287,-2.31,-2.6465,51.855,49.5765,50.0,0.0,-2.412,-2.765,101.7968,47.1646,50.0287,-0.0287,-2.5167,-2.8835,151.7621,44.6479,,,52.4,0.49
2335,00h 38m 55s,48.319,False,False,1.8797,51.8865,50.0287,-0.0287,-2.31,-2.6465,51.855,49.5765,50.0,0.0,-2.412,-2.765,101.7968,47.1646,50.0287,-0.0287,-2.5167,-2.8835,151.7621,44.6479,,,52.4,0.49
2336,00h 38m 56s,48.319,False,False,1.8797,51.8865,50.0287,-0.0287,-2.31,-2.6465,51.855,49.5765,50.0,0.0,-2.412,-2.765,101.7968,47.1646,50.0287,-0.0287,-2.5167,-2.8835,151.7621,44.6479,,,52.4,0.49
2337,00h 38m 57s,48.319,False,False,1.8797,51.8865,50.0287,-0.0287,-2.31,-2.6465,51.855,49.5765,50.0,0.0,-2.412,-2.765,101.7968,47.1646,50.0287,-0.0287,-2.5167,-2.8835,151.7621,44.6479,,,52.4,0.49
2338,00h 38m 58s,48.319,False,False,1.8797,51.8865,50.0287,-0.0287,-2.31,-2.6465,51.855,49.5765,50.0,0.0,-2.412,-2.765,101.7968,47.1646,50.0287,-0.0287,-2.5167,-2.8835,151.7621,44.6479,,,52.4,0.49
2339,00h 38m 59s,48.319,False,False,1.8797,51.8865,50.0287,-0.0287,-2.31,-2.6465,51.855,49.5765,50.0,0.0,-2.412,-2.765,101.7968,47.1646,50.0287,-0.0287,-2.5167,-2.8835,151.7621,44.6479,,,52.4,0.49
2340,00h 39m 00s,48.343,False,False,1.8827,51.9348,50.028,-0.028,-2.3584,-2.702,51.855,49.5764,50.0,0.0,-2.4118,-2.7647,101.7968,47.1647,50.0294,-0.0294,-2.4679,-2.8275,151.7653,44.6968,,,52.5,0.49
2341,00h 39m 01s,48.368,False,False,1.885,51.9832,50.028,-0.028,-2.4069,-2.7577,51.855,49.5763,50.0,0.0,-2.4115,-2.7645,101.7968,47.1648,50.0304,-0.0304,-2.4189,-2.7713,151.7687,44.7459,,,52.5,0.49
2342,00h 39m 02s,48.392,False,False,1.8867,52.0314,50.0286,-0.0286,-2.4552,-2.813,51.855,49.5761,50.0,0.0,-2.4111,-2.764,101.7968,47.165,50.0307,-0.0307,-2.3699,-2.715,151.7714,44.7951,,,52.5,0.49
2343,00h 39m 03s,48.416,False,False,1.8884,52.08,50.0293,-0.0293,-2.504,-2.8688,51.855,49.576,50.0,0.0,-2.4109,-2.7638,101.7968,47.1651,50.0304,-0.0304,-2.3207,-2.6587,151.7733,44.8443,,,52.5,0.49
2344,00h 39m 04s,48.484,False,False,1.8907,52.1278,50.0297,-0.0297,-2.4651,-2.8243,51.8597,49.6627,50.0,0.0,-2.4105,-2.7633,101.8015,47.2522,50.0297,-0.0297,-2.3587,-2.7023,151.7756,44.8935,,,51.1,0.49
2345,00h 39m 05s,48.552,False,False,1.8928,52.1765,50.0299,-0.0299,-2.4273,-2.7809,51.8638,49.7491,50.0,0.0,-2.4103,-2.7631,101.8057,47.3388,50.03,-0.03,-2.3962,-2.7453,151.7782,44.9426,,,50.3,0.49
2346,00h 39m 06s,48.62,False,False,1.8947,52.2251,50.0299,-0.0299,-2.3894,-2.7375,51.8675,49.8357,50.0,0.0,-2.4101,-2.7629,101.8094,47.4256,50.0299,-0.0299,-2.4337,-2.7882,151.78,44.9919,,,50.0,0.62
2347,00h 39m 07s,48.687,False,False,1.8978,52.2738,50.029,-0.029,-2.3514,-2.6939,51.8716,49.9224,50.0,0.0,-2.41,-2.7627,101.8134,47.5124,50.029,-0.029,-2.4714,-2.8316,151.7813,45.041,,,49.2,0.62
2348,00h 39m 08s,48.755,False,False,1.9,52.3219,50.0296,-0.0296,-2.3132,-2.6501,51.8761,50.0087,50.0,0.0,-2.4097,-2.7624,101.818,47.599,50.0295,-0.0295,-2.5091,-2.8747,151.7846,45.0899,,,48.0,0.62
2349,00h 39m 09s,48.822,False,False,1.902,52.3696,50.03,-0.03,-2.2745,-2.6057,51.8803,50.0951,50.0,0.0,-2.4092,-2.7618,101.8222,47.6859,50.0299,-0.0299,-2.5468,-2.9179,151.7873,45.1392,,,47.1,0.62
2350,00h 39m 10s,48.89,False,False,1.904,52.4176,50.0304,-0.0304,-2.2361,-2.5617,51.8844,50.1814,50.0,0.0,-2.4087,-2.7612,101.8264,47.7727,50.0304,-0.0304,-2.5842,-2.9608,151.7899,45.1886,,,46.3,0.62
2351,00h 39m 11s,48.914,False,False,1.9066,52.466,50.03,-0.03,-2.2846,-2.6173,51.8844,50.1813,50.0,0.0,-2.4085,-2.761,101.8264,47.7728,50.0298,-0.0298,-2.5352,-2.9047,151.7919,45.2376,,,46.3,0.62
2352,00h 39m 12s,48.939,False,False,1.9092,52.5144,50.0297,-0.0297,-2.3332,-2.673,51.8844,50.1812,50.0,0.0,-2.4083,-2.7608,101.8264,47.7729,50.0305,-0.0305,-2.4863,-2.8485,151.7951,45.2867,,,46.3,0.62
2353,00h 39m 13s,48.963,False,False,1.9105,52.5631,50.0306,-0.0306,-2.3819,-2.7289,51.8844,50.1811,50.0,0.0,-2.4081,-2.7605,101.8264,47.7731,50.0307,-0.0307,-2.4371,-2.7921,151.7977,45.3359,,,46.3,0.62
2354,00h 39m 14s,48.988,False,False,1.913,52.6117,50.0305,-0.0305,-2.4307,-2.7848,51.8844,50.181,50.0,0.0,-2.4079,-2.7603,101.8264,47.7731,50.0313,-0.0313,-2.3881,-2.7359,151.8007,45.385,,,46.3,0.62
2355,00h 39m 15s,49.012,False,False,1.9153,52.6596,50.0305,-0.0305,-2.4788,-2.8399,51.8844,50.1809,50.0,0.0,-2.4075,-2.7599,101.8264,47.7733,50.0313,-0.0313,-2.3393,-2.6799,151.803,45.4341,,,46.3,0.62
2356,00h 39m 16s,49.08,False,False,1.9166,52.7085,50.0314,-0.0314,-2.4409,-2.7964,51.8884,50.2676,50.0,0.0,-2.4074,-2.7598,101.8304,47.8601,50.0314,-0.0314,-2.377,-2.7232,151.8053,45.4831,,,45.6,0.62
2357,00h 39m 17s,49.147,False,False,1.9192,52.7562,50.0311,-0.0311,-2.4023,-2.7521,51.8926,50.3539,50.0,0.0,-2.4069,-2.7592,101.8347,47.947,50.0311,-0.0311,-2.4146,-2.7663,151.8075,45.5324,,,44.7,0.58
2358,00h 39m 18s,49.215,False,False,1.9224,52.8047,50.0308,-0.0308,-2.3643,-2.7086,51.8973,50.4404,50.0,0.0,-2.4068,-2.759,101.8393,48.0336,50.0308,-0.0308,-2.4522,-2.8094,151.8099,45.5814,,,43.4,0.58
2359,00h 39m 19s,49.283,False,False,1.9248,52.8535,50.0309,-0.0309,-2.3267,-2.6655,51.9016,50.5268,50.0,0.0,-2.4065,-2.7588,101.8436,48.1203,50.0309,-0.0309,-2.4894,-2.8521,151.8126,45.6309,,,42.4,0.58
2360,00h 39m 20s,49.351,False,False,1.9271,52.9019,50.0312,-0.0312,-2.2885,-2.6217,51.9059,50.6134,50.0,0.0,-2.4062,-2.7584,101.848,48.2072,50.0312,-0.0312,-2.5269,-2.8951,151.8153,45.6803,,,41.4,0.58
2361,00h 39m 21s,49.419,False,False,1.929,52.9504,50.0316,-0.0316,-2.2503,-2.5779,51.9099,50.7001,50.0,0.0,-2.406,-2.7581,101.852,48.2941,50.0315,-0.0315,-2.5647,-2.9384,151.8178,45.7294,,,40.7,0.58
2362,00h 39m 22s,49.443,False,False,1.9308,52.9983,50.0319,-0.0319,-2.2983,-2.6329,51.9099,50.6999,50.0,0.0,-2.4056,-2.7577,101.852,48.2943,50.0306,-0.0306,-2.5159,-2.8825,151.8193,45.7784,,,40.7,0.58
2363,00h 39m 23s,49.467,False,False,1.9329,53.047,50.0322,-0.0322,-2.3472,-2.6889,51.9099,50.6999,50.0,0.0,-2.4055,-2.7575,101.852,48.2944,50.0302,-0.0302,-2.4668,-2.8262,151.8214,45.8276,,,40.7,0.58
2364,00h 39m 24s,49.492,False,False,1.9359,53.0957,50.0314,-0.0314,-2.396,-2.7449,51.9099,50.6998,50.0,0.0,-2.4053,-2.7573,101.852,48.2945,50.0297,-0.0297,-2.4175,-2.7697,151.8233,45.8769,,,40.7,0.58
2365,00h 39m 25s,49.516,False,False,1.9375,53.1443,50.0322,-0.0322,-2.4446,-2.8006,51.9099,50.6997,50.0,0.0,-2.4051,-2.7571,101.852,48.2946,50.0294,-0.0294,-2.3686,-2.7137,151.8253,45.9259,,,40.7,0.58
2366,00h 39m 26s,49.541,False,False,1.9397,53.1925,50.0324,-0.0324,-2.493,-2.8561,51.9099,50.6995,50.0,0.0,-2.4047,-2.7567,101.852,48.2948,50.0298,-0.0298,-2.3194,-2.6572,151.8281,45.9753,,,40.7,0.58
2367,00h 39m 27s,49.608,False,False,1.941,53.2408,50.0316,-0.0316,-2.4549,-2.8125,51.9124,50.7859,50.0,0.0,-2.4044,-2.7563,101.8545,48.3815,50.0317,-0.0317,-2.357,-2.7002,151.8306,46.0245,,,41.6,0.58
2368,00h 39m 28s,49.676,False,False,1.9436,53.2888,50.0311,-0.0311,-2.4163,-2.7683,51.9163,50.8724,50.0,0.0,-2.404,-2.7558,101.8585,48.4684,50.0311,-0.0311,-2.3946,-2.7434,151.8323,46.0738,,,40.9,0.42
2369,00h 39m 29s,49.743,False,False,1.9466,53.3366,50.0306,-0.0306,-2.3778,-2.7241,51.9207,50.9588,50.0,0.0,-2.4035,-2.7553,101.8629,48.5553,50.0306,-0.0306,-2.4321,-2.7864,151.8344,46.1231,,,39.9,0.42
2370,00h 39m 30s,49.787,False,False,1.9466,53.3366,50.0308,-0.0308,-2.2913,-2.625,51.9249,51.0453,50.0,0.0,-2.4035,-2.7553,101.8671,48.6418,50.0307,-0.0307,-2.5186,-2.8856,151.8344,46.1231,,,39.0,0.42
2371,00h 39m 31s,49.787,False,False,1.9466,53.3366,50.0308,-0.0308,-2.2913,-2.625,51.9249,51.0453,50.0,0.0,-2.4035,-2.7553,101.8671,48.6418,50.0307,-0.0307,-2.5186,-2.8856,151.8344,46.1231,,,39.0,0.42
2372,00h 39m 32s,49.787,False,False,1.9466,53.3366,50.0308,-0.0308,-2.2913,-2.625,51.9249,51.0453,50.0,0.0,-2.4035,-2.7553,101.8671,48.6418,50.0307,-0.0307,-2.5186,-2.8856,151.8344,46.1231,,,39.0,0.42
2373,00h 39m 33s,49.787,False,False,1.9466,53.3366,50.0308,-0.0308,-2.2913,-2.625,51.9249,51.0453,50.0,0.0,-2.4035,-2.7553,101.8671,48.6418,50.0307,-0.0307,-2.5186,-2.8856,151.8344,46.1231,,,39.0,0.42
2374,00h 39m 34s,49.787,False,False,1.9466,53.3366,50.0308,-0.0308,-2.2913,-2.625,51.9249,51.0453,50.0,0.0,-2.4035,-2.7553,101.8671,48.6418,50.0307,-0.0307,-2.5186,-2.8856,151.8344,46.1231,,,39.0,0.42
2375,00h 39m 35s,49.787,False,False,1.9466,53.3366,50.0308,-0.0308,-2.2913,-2.625,51.9249,51.0453,50.0,0.0,-2.4035,-2.7553,101.8671,48.6418,50.0307,-0.0307,-2.5186,-2.8856,151.8344,46.1231,,,39.0,0.42
2376,00h 39m 36s,49.787,False,False,1.9466,53.3366,50.0308,-0.0308,-2.2913,-2.625,51.9249,51.0453,50.0,0.0,-2.4035,-2.7553,101.8671,48.6418,50.0307,-0.0307,-2.5186,-2.8856,151.8344,46.1231,,,39.0,0.42
2377,00h 39m 37s,49.787,False,False,1.9466,53.3366,50.0308,-0.0308,-2.2913,-2.625,51.9249,51.0453,50.0,0.0,-2.4035,-2.7553,101.8671,48.6418,50.0307,-0.0307,-2.5186,-2.8856,151.8344,46.1231,,,39.0,0.42
2378,00h 39m 38s,49.787,False,False,1.9466,53.3366,50.0308,-0.0308,-2.2913,-2.625,51.9249,51.0453,50.0,0.0,-2.4035,-2.7553,101.8671,48.6418,50.0307,-0.0307,-2.5186,-2.8856,151.8344,46.1231,,,39.0,0.42
2379,00h 39m 39s,49.787,False,False,1.9466,53.3366,50.0308,-0.0308,-2.2913,-2.625,51.9249,51.0453,50.0,0.0,-2.4035,-2.7553,101.8671,48.6418,50.0307,-0.0307,-2.5186,-2.8856,151.8344,46.1231,,,39.0,0.42
2380,00h 39m 40s,49.787,False,False,1.9466,53.3366,50.0308,-0.0308,-2.2913,-2.625,51.9249,51.0453,50.0,0.0,-2.4035,-2.7553,101.8671,48.6418,50.0307,-0.0307,-2.5186,-2.8856,151.8344,46.1231,,,39.0,0.42
2381,00h 39m 41s,49.787,False,False,1.9466,53.3366,50.0308,-0.0308,-2.2913,-2.625,51.9249,51.0453,50.0,0.0,-2.4035,-2.7553,101.8671,48.6418,50.0307,-0.0307,-2.5186,-2.8856,151.8344,46.1231,,,39.0,0.42
2382,00h 39m 42s,49.787,False,False,1.9466,53.3366,50.0308,-0.0308,-2.2913,-2.625,51.9249,51.0453,50.0,0.0,-2.4035,-2.7553,101.8671,48.6418,50.0307,-0.0307,-2.5186,-2.8856,151.8344,46.1231,,,39.0,0.42
2383,00h 39m 43s,49.787,False,False,1.9466,53.3366,50.0308,-0.0308,-2.2913,-2.625,51.9249,51.0453,50.0,0.0,-2.4035,-2.7553,101.8671,48.6418,50.0307,-0.0307,-2.5186,-2.8856,151.8344,46.1231,,,39.0,0.42
2384,00h 39m 44s,49.787,False,False,1.9466,53.3366,50.0308,-0.0308,-2.2913,-2.625,51.9249,51.0453,50.0,0.0,-2.4035,-2.7553,101.8671,48.6418,50.0307,-0.0307,-2.5186,-2.8856,151.8344,46.1231,,,39.0,0.42
2385,00h 39m 45s,49.787,False,False,1.9466,53.3366,50.0308,-0.0308,-2.2913,-2.625,51.9249,51.0453,50.0,0.0,-2.4035,-2.7553,101.8671,48.6418,50.0307,-0.0307,-2.5186,-2.8856,151.8344,46.1231,,,39.0,0.42
2386,00h 39m 46s,49.787,False,False,1.9466,53.3366,50.0308,-0.0308,-2.2913,-2.625,51.9249,51.0453,50.0,0.0,-2.4035,-2.7553,101.8671,48.6418,50.0307,-0.0307,-2.5186,-2.8856,151.8344,46.1231,,,39.0,0.42
2387,00h 39m 47s,49.787,False,False,1.9466,53.3366,50.0308,-0.0308,-2.2913,-2.625,51.9249,51.0453,50.0,0.0,-2.4035,-2.7553,101.8671,48.6418,50.0307,-0.0307,-2.5186,-2.8856,151.8344,46.1231,,,39.0,0.42
2388,00h 39m 48s,49.787,False,False,1.9466,53.3366,50.0308,-0.0308,-2.2913,-2.625,51.9249,51.0453,50.0,0.0,-2.4035,-2.7553,101.8671,48.6418,50.0307,-0.0307,-2.5186,-2.8856,151.8344,46.1231,,,39.0,0.42
2389,00h 39m 49s,49.787,False,False,1.9466,53.3366,50.0308,-0.0308,-2.2913,-2.625,51.9249,51.0453,50.0,0.0,-2.4035,-2.7553,101.8671,48.6418,50.0307,-0.0307,-2.5186,-2.8856,151.8344,46.1231,,,39.0,0.42
2390,00h 39m 50s,49.787,False,False,1.9466,53.3366,50.0308,-0.0308,-2.2913,-2.625,51.9249,51.0453,50.0,0.0,-2.4035,-2.7553,101.8671,48.6418,50.0307,-0.0307,-2.5186,-2.8856,151.8344,46.1231,,,39.0,0.42
2391,00h 39m 51s,49.787,False,False,1.9466,53.3366,50.0308,-0.0308,-2.2913,-2.625,51.9249,51.0453,50.0,0.0,-2.4035,-2.7553,101.8671,48.6418,50.0307,-0.0307,-2.5186,-2.8856,151.8344,46.1231,,,39.0,0.42
2392,00h 39m 52s,49.787,False,False,1.9466,53.3366,50.0308,-0.0308,-2.2913,-2.625,51.9249,51.0453,50.0,0.0,-2.4035,-2.7553,101.8671,48.6418,50.0307,-0.0307,-2.5186,-2.8856,151.8344,46.1231,,,39.0,0.42
2393,00h 39m 53s,49.787,False,False,1.9466,53.3366,50.0308,-0.0308,-2.2913,-2.625,51.9249,51.0453,50.0,0.0,-2.4035,-2.7553,101.8671,48.6418,50.0307,-0.0307,-2.5186,-2.8856,151.8344,46.1231,,,39.0,0.42
2394,00h 39m 54s,49.787,False,False,1.9466,53.3366,50.0308,-0.0308,-2.2913,-2.625,51.9249,51.0453,50.0,0.0,-2.4035,-2.7553,101.8671,48.6418,50.0307,-0.0307,-2.5186,-2.8856,151.8344,46.1231,,,39.0,0.42
2395,00h 39m 55s,49.787,False,False,1.9466,53.3366,50.0308,-0.0308,-2.2913,-2.625,51.9249,51.0453,50.0,0.0,-2.4035,-2.7553,101.8671,48.6418,50.0307,-0.0307,-2.5186,-2.8856,151.8344,46.1231,,,39.0,0.42
2396,00h 39m 56s,49.787,False,False,1.9466,53.3366,50.0308,-0.0308,-2.2913,-2.625,51.9249,51.0453,50.0,0.0,-2.4035,-2.7553,101.8671,48.6418,50.0307,-0.0307,-2.5186,-2.8856,151.8344,46.1231,,,39.0,0.42
2397,00h 39m 57s,49.787,False,False,1.9466,53.3366,50.0308,-0.0308,-2.2913,-2.625,51.9249,51.0453,50.0,0.0,-2.4035,-2.7553,101.8671,48.6418,50.0307,-0.0307,-2.5186,-2.8856,151.8344,46.1231,,,39.0,0.42
2398,00h 39m 58s,49.787,False,False,1.9466,53.3366,50.0308,-0.0308,-2.2913,-2.625,51.9249,51.0453,50.0,0.0,-2.4035,-2.7553,101.8671,48.6418,50.0307,-0.0307,-2.5186,-2.8856,151.8344,46.1231,,,39.0,0.42
2399,00h 39m 59s,49.787,False,False,1.9466,53.3366,50.0308,-0.0308,-2.2913,-2.625,51.9249,51.0453,50.0,0.0,-2.4035,-2.7553,101.8671,48.6418,50.0307,-0.0307,-2.5186,-2.8856,151.8344,46.1231,,,39.0,0.42
2400,00h 40m 00s,49.811,False,False,1.9491,53.3846,50.0305,-0.0305,-2.3395,-2.6802,51.9249,51.0451,50.0,0.0,-2.4032,-2.7549,101.8671,48.6419,50.0304,-0.0304,-2.4698,-2.8296,151.8365,46.1722,,,39.0,0.42
2401,00h 40m 01s,49.835,False,False,1.9511,53.4333,50.0308,-0.0308,-2.3883,-2.7361,51.9249,51.045,50.0,0.0,-2.403,-2.7547,101.8671,48.642,50.0314,-0.0314,-2.4207,-2.7732,151.8399,46.2214,,,39.0,0.42
2402,00h 40m 02s,49.86,False,False,1.9523,53.4811,50.0319,-0.0319,-2.4363,-2.7911,51.9249,51.0448,50.0,0.0,-2.4025,-2.7542,101.8671,48.6422,50.0312,-0.0312,-2.3718,-2.7172,151.8421,46.2704,,,39.0,0.42
2403,00h 40m 03s,49.884,False,False,1.9543,53.5295,50.0323,-0.0323,-2.4848,-2.8467,51.9249,51.0447,50.0,0.0,-2.4023,-2.7539,101.8671,48.6423,50.0314,-0.0314,-2.3229,-2.6611,151.8445,46.3194,,,39.0,0.42
2404,00h 40m 04s,49.952,False,False,1.9563,53.5777,50.0319,-0.0319,-2.4464,-2.8027,51.9284,51.1313,50.0,0.0,-2.4019,-2.7535,101.8706,48.7293,50.032,-0.032,-2.3605,-2.7042,151.8469,46.3688,,,38.8,0.42
2405,00h 40m 05s,50.019,False,False,1.9587,53.6263,50.0327,-0.0327,-2.4086,-2.7594,51.9334,51.2176,50.0,0.0,-2.4017,-2.7532,101.8757,48.816,50.0327,-0.0327,-2.3978,-2.747,151.8508,46.4181,,,37.1,0.42
2406,00h 40m 06s,50.087,False,False,1.9605,53.6749,50.0332,-0.0332,-2.3704,-2.7155,51.9376,51.3044,50.0,0.0,-2.4015,-2.753,101.8798,48.9029,50.0332,-0.0332,-2.4358,-2.7904,151.8537,46.4672,,,36.3,0.42
2407,00h 40m 07s,50.155,False,False,1.9633,53.723,50.0331,-0.0331,-2.3318,-2.6713,51.942,51.3911,50.0,0.0,-2.4012,-2.7526,101.8843,48.9899,50.033,-0.033,-2.4738,-2.834,151.8562,46.5162,,,35.2,0.63
2408,00h 40m 08s,50.223,False,False,1.9647,53.7712,50.0339,-0.0339,-2.2937,-2.6276,51.946,51.4775,50.0,0.0,-2.4009,-2.7523,101.8883,49.0766,50.0339,-0.0339,-2.5113,-2.877,151.8592,46.5653,,,34.5,0.63
2409,00h 40m 09s,50.29,False,False,1.9676,53.8193,50.0337,-0.0337,-2.2553,-2.5836,51.9505,51.564,50.0,0.0,-2.4005,-2.7518,101.8928,49.1635,50.0337,-0.0337,-2.5488,-2.92,151.8616,46.6147,,,33.3,0.63
2410,00h 40m 10s,50.358,False,False,1.9687,53.8672,50.0336,-0.0336,-2.2168,-2.5393,51.9531,51.6504,50.0,0.0,-2.4,-2.7512,101.8955,49.2504,50.0335,-0.0335,-2.5864,-2.9631,151.8621,46.664,,,34.0,0.63
2411,00h 40m 11s,50.383,False,False,1.971,53.9159,50.0334,-0.0334,-2.2656,-2.5954,51.9531,51.6503,50.0,0.0,-2.3998,-2.751,101.8955,49.2505,50.0344,-0.0344,-2.5372,-2.9067,151.8656,46.7133,,,34.0,0.63
2412,00h 40m 12s,50.407,False,False,1.9743,53.9645,50.0324,-0.0324,-2.3143,-2.6513,51.9531,51.6502,50.0,0.0,-2.3995,-2.7507,101.8955,49.2507,50.0332,-0.0332,-2.4878,-2.8501,151.8668,46.7628,,,34.0,0.63
2413,00h 40m 13s,50.431,False,False,1.9761,54.0127,50.0328,-0.0328,-2.3627,-2.7067,51.9531,51.65,50.0,0.0,-2.3992,-2.7503,101.8955,49.2508,50.0337,-0.0337,-2.4389,-2.794,151.8697,46.8119,,,34.0,0.63
2414,00h 40m 14s,50.456,False,False,1.9791,54.0606,50.0321,-0.0321,-2.4108,-2.7619,51.9531,51.6498,50.0,0.0,-2.3987,-2.7497,101.8955,49.2511,50.0344,-0.0344,-2.3897,-2.7376,151.8728,46.8613,,,34.0,0.63
2415,00h 40m 15s,50.48,False,False,1.9805,54.1094,50.0331,-0.0331,-2.4597,-2.8178,51.9531,51.6497,50.0,0.0,-2.3986,-2.7496,101.8955,49.2511,50.0347,-0.0347,-2.3408,-2.6815,151.8755,46.9103,,,34.0,0.63
2416,00h 40m 16s,50.548,False,False,1.9831,54.1581,50.0335,-0.0335,-2.4219,-2.7746,51.958,51.7362,50.0,0.0,-2.3984,-2.7494,101.9004,49.3378,50.0335,-0.0335,-2.3781,-2.7243,151.8774,46.9597,,,32.5,0.63
2417,00h 40m 17s,50.616,False,False,1.9858,54.206,50.0336,-0.0336,-2.3836,-2.7306,51.9626,51.8225,50.0,0.0,-2.3979,-2.7488,101.9051,49.4246,50.0336,-0.0336,-2.4154,-2.7671,151.8803,47.0091,,,31.1,0.63
2418,00h 40m 18s,50.683,False,False,1.9885,54.2543,50.0332,-0.0332,-2.3453,-2.6867,51.9667,51.909,50.0,0.0,-2.3975,-2.7484,101.9092,49.5114,50.0332,-0.0332,-2.453,-2.8101,151.8822,47.0585,,,30.4,0.53
2419,00h 40m 19s,50.751,False,False,1.9913,54.3026,50.0327,-0.0327,-2.3074,-2.6432,51.9708,51.9952,50.0,0.0,-2.3972,-2.7481,101.9133,49.598,50.0327,-0.0327,-2.4902,-2.8529,151.8839,47.1078,,,29.6,0.53
2420,00h 40m 20s,50.818,False,False,1.9931,54.3507,50.0334,-0.0334,-2.2692,-2.5995,51.9751,52.0815,50.0,0.0,-2.3969,-2.7477,101.9176,49.6846,50.0334,-0.0334,-2.5278,-2.8959,151.887,47.1568,,,28.6,0.53
2421,00h 40m 21s,50.886,False,False,1.9943,54.3988,50.0343,-0.0343,-2.2308,-2.5554,51.9788,52.168,50.0,0.0,-2.3966,-2.7473,101.9214,49.7715,50.0342,-0.0342,-2.5656,-2.9392,151.8898,47.2059,,,28.2,0.53
2422,00h 40m 22s,50.911,False,False,1.9967,54.4475,50.0341,-0.0341,-2.2796,-2.6113,51.9788,52.1679,50.0,0.0,-2.3963,-2.747,101.9214,49.7716,50.0343,-0.0343,-2.5164,-2.8828,151.8923,47.2552,,,28.2,0.53
2423,00h 40m 23s,50.935,False,False,1.9986,54.4961,50.0344,-0.0344,-2.3283,-2.6672,51.9788,52.1678,50.0,0.0,-2.3962,-2.7469,101.9214,49.7716,50.0344,-0.0344,-2.4673,-2.8265,151.895,47.3043,,,28.2,0.53
2424,00h 40m 24s,50.959,False,False,2.0005,54.5446,50.0348,-0.0348,-2.3769,-2.7228,51.9788,52.1677,50.0,0.0,-2.396,-2.7466,101.9214,49.7717,50.0351,-0.0351,-2.4184,-2.7705,151.898,47.3533,,,28.2,0.53
2425,00h 40m 25s,50.984,False,False,2.0035,54.5923,50.0341,-0.0341,-2.4249,-2.7779,51.9788,52.1674,50.0,0.0,-2.3954,-2.746,101.9214,49.772,50.0353,-0.0353,-2.3693,-2.7141,151.9006,47.4028,,,28.2,0.53
2426,00h 40m 26s,51.008,False,False,2.006,54.6407,50.034,-0.034,-2.4734,-2.8335,51.9788,52.1673,50.0,0.0,-2.3952,-2.7457,101.9214,49.7721,50.0347,-0.0347,-2.3203,-2.658,151.9023,47.4518,,,28.2,0.53
2427,00h 40m 27s,51.076,False,False,2.0089,54.6888,50.0334,-0.0334,-2.435,-2.7895,51.983,52.2538,50.0,0.0,-2.3949,-2.7454,101.9256,49.8589,50.0334,-0.0334,-2.358,-2.7012,151.9034,47.5009,,,27.3,0.53
2428,00h 40m 28s,51.143,False,False,2.0103,54.7367,50.0338,-0.0338,-2.3965,-2.7453,51.9867,52.3403,50.0,0.0,-2.3945,-2.745,101.9293,49.9457,50.0338,-0.0338,-2.3959,-2.7447,151.9057,47.5499,,,27.0,0.53
2429,00h 40m 29s,51.211,False,False,2.0129,54.785,50.0331,-0.0331,-2.3583,-2.7016,51.9905,52.4267,50.0,0.0,-2.3941,-2.7445,101.9331,50.0325,50.0331,-0.0331,-2.4332,-2.7875,151.907,47.5994,,,26.5,0.43
2430,00h 40m 30s,51.254,False,False,2.0129,54.785,50.0333,-0.0333,-2.2718,-2.6025,51.9946,52.5131,50.0,0.0,-2.3941,-2.7445,101.9373,50.119,50.0332,-0.0332,-2.5196,-2.8866,151.907,47.5994,,,25.6,0.43
2431,00h 40m 31s,51.254,False,False,2.0129,54.785,50.0333,-0.0333,-2.2718,-2.6025,51.9946,52.5131,50.0,0.0,-2.3941,-2.7445,101.9373,50.119,50.0332,-0.0332,-2.5196,-2.8866,151.907,47.5994,,,25.6,0.43
2432,00h 40m 32s,51.254,False,False,2.0129,54.785,50.0333,-0.0333,-2.2718,-2.6025,51.9946,52.5131,50.0,0.0,-2.3941,-2.7445,101.9373,50.119,50.0332,-0.0332,-2.5196,-2.8866,151.907,47.5994,,,25.6,0.43
2433,00h 40m 33s,51.254,False,False,2.0129,54.785,50.0333,-0.0333,-2.2718,-2.6025,51.9946,52.5131,50.0,0.0,-2.3941,-2.7445,101.9373,50.119,50.0332,-0.0332,-2.5196,-2.8866,151.907,47.5994,,,25.6,0.43
2434,00h 40m 34s,51.254,False,False,2.0129,54.785,50.0333,-0.0333,-2.2718,-2.6025,51.9946,52.5131,50.0,0.0,-2.3941,-2.7445,101.9373,50.119,50.0332,-0.0332,-2.5196,-2.8866,151.907,47.5994,,,25.6,0.43
2435,00h 40m 35s,51.254,False,False,2.0129,54.785,50.0333,-0.0333,-2.2718,-2.6025,51.9946,52.5131,50.0,0.0,-2.3941,-2.7445,101.9373,50.119,50.0332,-0.0332,-2.5196,-2.8866,151.907,47.5994,,,25.6,0.43
2436,00h 40m 36s,51.254,False,False,2.0129,54.785,50.0333,-0.0333,-2.2718,-2.6025,51.9946,52.5131,50.0,0.0,-2.3941,-2.7445,101.9373,50.119,50.0332,-0.0332,-2.5196,-2.8866,151.907,47.5994,,,25.6,0.43
2437,00h 40m 37s,51.254,False,False,2.0129,54.785,50.0333,-0.0333,-2.2718,-2.6025,51.9946,52.5131,50.0,0.0,-2.3941,-2.7445,101.9373,50.119,50.0332,-0.0332,-2.5196,-2.8866,151.907,47.5994,,,25.6,0.43
2438,00h 40m 38s,51.254,False,False,2.0129,54.785,50.0333,-0.0333,-2.2718,-2.6025,51.9946,52.5131,50.0,0.0,-2.3941,-2.7445,101.9373,50.119,50.0332,-0.0332,-2.5196,-2.8866,151.907,47.5994,,,25.6,0.43
2439,00h 40m 39s,51.254,False,False,2.0129,54.785,50.0333,-0.0333,-2.2718,-2.6025,51.9946,52.5131,50.0,0.0,-2.3941,-2.7445,101.9373,50.119,50.0332,-0.0332,-2.5196,-2.8866,151.907,47.5994,,,25.6,0.43
2440,00h 40m 40s,51.254,False,False,2.0129,54.785,50.0333,-0.0333,-2.2718,-2.6025,51.9946,52.5131,50.0,0.0,-2.3941,-2.7445,101.9373,50.119,50.0332,-0.0332,-2.5196,-2.8866,151.907,47.5994,,,25.6,0.43
2441,00h 40m 41s,51.254,False,False,2.0129,54.785,50.0333,-0.0333,-2.2718,-2.6025,51.9946,52.5131,50.0,0.0,-2.3941,-2.7445,101.9373,50.119,50.0332,-0.0332,-2.5196,-2.8866,151.907,47.5994,,,25.6,0.43
2442,00h 40m 42s,51.254,False,False,2.0129,54.785,50.0333,-0.0333,-2.2718,-2.6025,51.9946,52.5131,50.0,0.0,-2.3941,-2.7445,101.9373,50.119,50.0332,-0.0332,-2.5196,-2.8866,151.907,47.5994,,,25.6,0.43
2443,00h 40m 43s,51.254,False,False,2.0129,54.785,50.0333,-0.0333,-2.2718,-2.6025,51.9946,52.5131,50.0,0.0,-2.3941,-2.7445,101.9373,50.119,50.0332,-0.0332,-2.5196,-2.8866,151.907,47.5994,,,25.6,0.43
2444,00h 40m 44s,51.254,False,False,2.0129,54.785,50.0333,-0.0333,-2.2718,-2.6025,51.9946,52.5131,50.0,0.0,-2.3941,-2.7445,101.9373,50.119,50.0332,-0.0332,-2.5196,-2.8866,151.907,47.5994,,,25.6,0.43
2445,00h 40m 45s,51.254,False,False,2.0129,54.785,50.0333,-0.0333,-2.2718,-2.6025,51.9946,52.5131,50.0,0.0,-2.3941,-2.7445,101.9373,50.119,50.0332,-0.0332,-2.5196,-2.8866,151.907,47.5994,,,25.6,0.43
2446,00h 40m 46s,51.254,False,False,2.0129,54.785,50.0333,-0.0333,-2.2718,-2.6025,51.9946,52.5131,50.0,0.0,-2.3941,-2.7445,101.9373,50.119,50.0332,-0.0332,-2.5196,-2.8866,151.907,47.5994,,,25.6,0.43
2447,00h 40m 47s,51.254,False,False,2.0129,54.785,50.0333,-0.0333,-2.2718,-2.6025,51.9946,52.5131,50.0,0.0,-2.3941,-2.7445,101.9373,50.119,50.0332,-0.0332,-2.5196,-2.8866,151.907,47.5994,,,25.6,0.43
2448,00h 40m 48s,51.254,False,False,2.0129,54.785,50.0333,-0.0333,-2.2718,-2.6025,51.9946,52.5131,50.0,0.0,-2.3941,-2.7445,101.9373,50.119,50.0332,-0.0332,-2.5196,-2.8866,151.907,47.5994,,,25.6,0.43
2449,00h 40m 49s,51.254,False,False,2.0129,54.785,50.0333,-0.0333,-2.2718,-2.6025,51.9946,52.5131,50.0,0.0,-2.3941,-2.7445,101.9373,50.119,50.0332,-0.0332,-2.5196,-2.8866,151.907,47.5994,,,25.6,0.43
2450,00h 40m 50s,51.254,False,False,2.0129,54.785,50.0333,-0.0333,-2.2718,-2.6025,51.9946,52.5131,50.0,0.0,-2.3941,-2.7445,101.9373,50.119,50.0332,-0.0332,-2.5196,-2.8866,151.907,47.5994,,,25.6,0.43
2451,00h 40m 51s,51.254,False,False,2.0129,54.785,50.0333,-0.0333,-2.2718,-2.6025,51.9946,52.5131,50.0,0.0,-2.3941,-2.7445,101.9373,50.119,50.0332,-0.0332,-2.5196,-2.8866,151.907,47.5994,,,25.6,0.43
2452,00h 40m 52s,51.254,False,False,2.0129,54.785,50.0333,-0.0333,-2.2718,-2.6025,51.9946,52.5131,50.0,0.0,-2.3941,-2.7445,101.9373,50.119,50.0332,-0.0332,-2.5196,-2.8866,151.907,47.5994,,,25.6,0.43
2453,00h 40m 53s,51.254,False,False,2.0129,54.785,50.0333,-0.0333,-2.2718,-2.6025,51.9946,52.5131,50.0,0.0,-2.3941,-2.7445,101.9373,50.119,50.0332,-0.0332,-2.5196,-2.8866,151.907,47.5994,,,25.6,0.43
2454,00h 40m 54s,51.254,False,False,2.0129,54.785,50.0333,-0.0333,-2.2718,-2.6025,51.9946,52.5131,50.0,0.0,-2.3941,-2.7445,101.9373,50.119,50.0332,-0.0332,-2.5196,-2.8866,151.907,47.5994,,,25.6,0.43
2455,00h 40m 55s,51.254,False,False,2.0129,54.785,50.0333,-0.0333,-2.2718,-2.6025,51.9946,52.5131,50.0,0.0,-2.3941,-2.7445,101.9373,50.119,50.0332,-0.0332,-2.5196,-2.8866,151.907,47.5994,,,25.6,0.43
2456,00h 40m 56s,51.254,False,False,2.0129,54.785,50.0333,-0.0333,-2.2718,-2.6025,51.9946,52.5131,50.0,0.0,-2.3941,-2.7445,101.9373,50.119,50.0332,-0.0332,-2.5196,-2.8866,151.907,47.5994,,,25.6,0.43
2457,00h 40m 57s,51.254,False,False,2.0129,54.785,50.0333,-0.0333,-2.2718,-2.6025,51.9946,52.5131,50.0,0.0,-2.3941,-2.7445,101.9373,50.119,50.0332,-0.0332,-2.5196,-2.8866,151.907,47.5994,,,25.6,0.43
2458,00h 40m 58s,51.254,False,False,2.0129,54.785,50.0333,-0.0333,-2.2718,-2.6025,51.9946,52.5131,50.0,0.0,-2.3941,-2.7445,101.9373,50.119,50.0332,-0.0332,-2.5196,-2.8866,151.907,47.5994,,,25.6,0.43
2459,00h 40m 59s,51.254,False,False,2.0129,54.785,50.0333,-0.0333,-2.2718,-2.6025,51.9946,52.5131,50.0,0.0,-2.3941,-2.7445,101.9373,50.119,50.0332,-0.0332,-2.5196,-2.8866,151.907,47.5994,,,25.6,0.43
2460,00h 41m 00s,51.278,False,False,2.0153,54.833,50.0331,-0.0331,-2.3201,-2.6578,51.9946,52.5129,50.0,0.0,-2.3937,-2.744,101.9373,50.1192,50.0339,-0.0339,-2.4706,-2.8303,151.9101,47.6486,,,25.6,0.43
2461,00h 41m 01s,51.303,False,False,2.0178,54.8815,50.0329,-0.0329,-2.3688,-2.7136,51.9946,52.5128,50.0,0.0,-2.3935,-2.7438,101.9373,50.1193,50.0341,-0.0341,-2.4214,-2.7739,151.9128,47.698,,,25.6,0.43
2462,00h 41m 02s,51.327,False,False,2.0195,54.9297,50.0335,-0.0335,-2.4171,-2.7691,51.9946,52.5126,50.0,0.0,-2.3931,-2.7433,101.9373,50.1195,50.0338,-0.0338,-2.3722,-2.7175,151.9148,47.7473,,,25.7,0.43
2463,00h 41m 03s,51.352,False,False,2.0217,54.9776,50.0336,-0.0336,-2.4652,-2.8242,51.9946,52.5124,50.0,0.0,-2.3927,-2.7429,101.9373,50.1197,50.0338,-0.0338,-2.3234,-2.6616,151.9171,47.7963,,,25.7,0.43
2464,00h 41m 04s,51.419,False,False,2.0235,55.0262,50.0344,-0.0344,-2.4272,-2.7806,51.999,52.599,50.0,0.0,-2.3925,-2.7427,101.9417,50.2065,50.0344,-0.0344,-2.361,-2.7047,151.9204,47.8454,,,24.6,0.43
2465,00h 41m 05s,51.487,False,False,2.0251,55.0744,50.0348,-0.0348,-2.3891,-2.7368,52.0028,52.6853,50.0,0.0,-2.3921,-2.7422,101.9456,50.2932,50.0348,-0.0348,-2.3984,-2.7475,151.9229,47.8948,,,24.0,0.43
2466,00h 41m 06s,51.555,False,False,2.0276,55.1231,50.0351,-0.0351,-2.351,-2.6932,52.0075,52.7721,50.0,0.0,-2.392,-2.742,101.9502,50.3801,50.0351,-0.0351,-2.4363,-2.7909,151.926,47.9438,,,22.7,0.43
2467,00h 41m 07s,51.622,False,False,2.0291,55.1714,50.0355,-0.0355,-2.313,-2.6496,52.0111,52.8584,50.0,0.0,-2.3916,-2.7416,101.9539,50.4668,50.0355,-0.0355,-2.4736,-2.8337,151.9282,47.9932,,,22.4,0.43
2468,00h 41m 08s,51.69,False,False,2.0308,55.2201,50.0355,-0.0355,-2.2752,-2.6062,52.0145,52.9449,50.0,0.0,-2.3914,-2.7414,101.9573,50.5535,50.0354,-0.0354,-2.5111,-2.8767,151.9297,48.0424,,,22.3,0.46
2469,00h 41m 09s,51.758,False,False,2.0332,55.268,50.0354,-0.0354,-2.237,-2.5624,52.0186,53.0311,50.0,0.0,-2.391,-2.741,101.9614,50.6401,50.0353,-0.0353,-2.5485,-2.9195,151.9317,48.0916,,,21.6,0.46
2470,00h 41m 10s,51.782,False,False,2.0363,55.316,50.0345,-0.0345,-2.2851,-2.6176,52.0185,53.0309,50.0,0.0,-2.3907,-2.7406,101.9614,50.6402,50.0355,-0.0355,-2.4997,-2.8636,151.9344,48.1406,,,21.6,0.46
2471,00h 41m 11s,51.806,False,False,2.0375,55.3647,50.0355,-0.0355,-2.3339,-2.6735,52.0185,53.0308,50.0,0.0,-2.3904,-2.7403,101.9614,50.6404,50.0354,-0.0354,-2.4504,-2.8071,151.9367,48.19,,,21.6,0.46
2472,00h 41m 12s,51.831,False,False,2.0395,55.4133,50.0357,-0.0357,-2.3826,-2.7293,52.0185,53.0307,50.0,0.0,-2.3902,-2.74,101.9614,50.6405,50.0354,-0.0354,-2.4012,-2.7507,151.9392,48.2393,,,21.6,0.46
2473,00h 41m 13s,51.855,False,False,2.0417,55.4614,50.0359,-0.0359,-2.4309,-2.7848,52.0185,53.0305,50.0,0.0,-2.3898,-2.7395,101.9614,50.6407,50.0353,-0.0353,-2.352,-2.6943,151.9414,48.2887,,,21.6,0.46
2474,00h 41m 14s,51.88,False,False,2.0441,55.5099,50.0359,-0.0359,-2.4796,-2.8405,52.0185,53.0303,50.0,0.0,-2.3895,-2.7392,101.9614,50.6408,50.0348,-0.0348,-2.3028,-2.6379,151.9432,48.3381,,,21.6,0.46
2475,00h 41m 15s,51.948,False,False,2.0466,55.5584,50.0349,-0.0349,-2.4413,-2.7967,52.0219,53.1171,50.0,0.0,-2.3892,-2.7389,101.9648,50.7279,50.0349,-0.0349,-2.3404,-2.681,151.945,48.3875,,,21.6,0.46
2476,00h 41m 16s,52.015,False,False,2.0486,55.6071,50.0351,-0.0351,-2.4034,-2.7532,52.026,53.2037,50.0,0.0,-2.3891,-2.7387,101.9689,50.8146,50.0351,-0.0351,-2.3781,-2.7242,151.9475,48.4365,,,20.8,0.46
2477,00h 41m 17s,52.083,False,False,2.0503,55.6553,50.0358,-0.0358,-2.3648,-2.709,52.0302,53.2904,50.0,0.0,-2.3888,-2.7384,101.9731,50.9017,50.0358,-0.0358,-2.4161,-2.7677,151.9505,48.4856,,,19.9,0.46
2478,00h 41m 18s,52.151,False,False,2.0527,55.7041,50.0355,-0.0355,-2.3269,-2.6655,52.0341,53.3772,50.0,0.0,-2.3886,-2.7381,101.977,50.9886,50.0355,-0.0355,-2.4537,-2.8108,151.9523,48.535,,,19.4,0.46
2479,00h 41m 19s,52.219,False,False,2.0558,55.7526,50.0355,-0.0355,-2.2887,-2.6217,52.0389,53.4639,50.0,0.0,-2.3883,-2.7379,101.9818,51.0755,50.0354,-0.0354,-2.4914,-2.8541,151.9551,48.5841,,,17.9,0.49
2480,00h 41m 20s,52.287,False,False,2.0579,55.8011,50.0347,-0.0347,-2.2506,-2.5781,52.042,53.5505,50.0,0.0,-2.388,-2.7375,101.9849,51.1625,50.0347,-0.0347,-2.5288,-2.897,151.9557,48.6337,,,18.1,0.49
2481,00h 41m 21s,52.354,False,False,2.0602,55.8491,50.0351,-0.0351,-2.2124,-2.5342,52.0464,53.6368,50.0,0.0,-2.3877,-2.7372,101.9894,51.249,50.035,-0.035,-2.5664,-2.9401,151.9586,48.6827,,,17.0,0.49
2482,00h 41m 22s,52.379,False,False,2.0629,55.8969,50.0346,-0.0346,-2.2604,-2.5893,52.0464,53.6365,50.0,0.0,-2.3872,-2.7366,101.9894,51.2493,50.0345,-0.0345,-2.5174,-2.8839,151.9605,48.7319,,,17.0,0.49
2483,00h 41m 23s,52.403,False,False,2.066,55.9451,50.0337,-0.0337,-2.3088,-2.6448,52.0464,53.6363,50.0,0.0,-2.3869,-2.7362,101.9894,51.2495,50.0349,-0.0349,-2.4682,-2.8275,151.9634,48.7813,,,17.0,0.49
2484,00h 41m 24s,52.427,False,False,2.0689,55.9936,50.0331,-0.0331,-2.3574,-2.7005,52.0464,53.6362,50.0,0.0,-2.3866,-2.7359,101.9894,51.2496,50.0344,-0.0344,-2.4191,-2.7713,151.9653,48.8305,,,17.0,0.49
2485,00h 41m 25s,52.452,False,False,2.0714,56.0415,50.0329,-0.0329,-2.4055,-2.7557,52.0464,53.636,50.0,0.0,-2.3862,-2.7354,101.9894,51.2498,50.0337,-0.0337,-2.3701,-2.7151,151.967,48.8797,,,17.0,0.49
2486,00h 41m 26s,52.476,False,False,2.0748,56.0899,50.0318,-0.0318,-2.4541,-2.8115,52.0464,53.6359,50.0,0.0,-2.386,-2.7351,101.9894,51.2499,50.0348,-0.0348,-2.321,-2.6588,151.9703,48.9289,,,17.0,0.49
2487,00h 41m 27s,52.544,False,False,2.0773,56.1377,50.0334,-0.0334,-2.4153,-2.7669,52.0523,53.7224,50.0,0.0,-2.3855,-2.7347,101.9954,51.3369,50.0334,-0.0334,-2.359,-2.7024,151.9731,48.9779,,,14.4,0.49
2488,00h 41m 28s,52.612,False,False,2.0787,56.1866,50.0343,-0.0343,-2.3775,-2.7236,52.0564,53.8091,50.0,0.0,-2.3854,-2.7346,101.9995,51.4237,50.0343,-0.0343,-2.3967,-2.7456,151.9763,49.027,,,13.6,0.49
2489,00h 41m 29s,52.679,False,False,2.081,56.2347,50.0343,-0.0343,-2.3389,-2.6793,52.0606,53.8958,50.0,0.0,-2.3851,-2.7341,102.0037,51.5107,50.0343,-0.0343,-2.4346,-2.789,151.9787,49.0762,,,12.8,0.49
2490,00h 41m 30s,52.723,False,False,2.081,56.2347,50.0345,-0.0345,-2.2522,-2.58,52.0647,53.9825,50.0,0.0,-2.3851,-2.7341,102.0078,51.5974,50.0344,-0.0344,-2.5212,-2.8883,151.9787,49.0762,,,11.9,0.66
2491,00h 41m 31s,52.723,False,False,2.081,56.2347,50.0345,-0.0345,-2.2522,-2.58,52.0647,53.9825,50.0,0.0,-2.3851,-2.7341,102.0078,51.5974,50.0344,-0.0344,-2.5212,-2.8883,151.9787,49.0762,,,11.9,0.66
2492,00h 41m 32s,52.723,False,False,2.081,56.2347,50.0345,-0.0345,-2.2522,-2.58,52.0647,53.9825,50.0,0.0,-2.3851,-2.7341,102.0078,51.5974,50.0344,-0.0344,-2.5212,-2.8883,151.9787,49.0762,,,11.9,0.66
2493,00h 41m 33s,52.723,False,False,2.081,56.2347,50.0345,-0.0345,-2.2522,-2.58,52.0647,53.9825,50.0,0.0,-2.3851,-2.7341,102.0078,51.5974,50.0344,-0.0344,-2.5212,-2.8883,151.9787,49.0762,,,11.9,0.66
2494,00h 41m 34s,52.723,False,False,2.081,56.2347,50.0345,-0.0345,-2.2522,-2.58,52.0647,53.9825,50.0,0.0,-2.3851,-2.7341,102.0078,51.5974,50.0344,-0.0344,-2.5212,-2.8883,151.9787,49.0762,,,11.9,0.66
2495,00h 41m 35s,52.723,False,False,2.081,56.2347,50.0345,-0.0345,-2.2522,-2.58,52.0647,53.9825,50.0,0.0,-2.3851,-2.7341,102.0078,51.5974,50.0344,-0.0344,-2.5212,-2.8883,151.9787,49.0762,,,11.9,0.66
2496,00h 41m 36s,52.723,False,False,2.081,56.2347,50.0345,-0.0345,-2.2522,-2.58,52.0647,53.9825,50.0,0.0,-2.3851,-2.7341,102.0078,51.5974,50.0344,-0.0344,-2.5212,-2.8883,151.9787,49.0762,,,11.9,0.66
2497,00h 41m 37s,52.723,False,False,2.081,56.2347,50.0345,-0.0345,-2.2522,-2.58,52.0647,53.9825,50.0,0.0,-2.3851,-2.7341,102.0078,51.5974,50.0344,-0.0344,-2.5212,-2.8883,151.9787,49.0762,,,11.9,0.66
2498,00h 41m 38s,52.723,False,False,2.081,56.2347,50.0345,-0.0345,-2.2522,-2.58,52.0647,53.9825,50.0,0.0,-2.3851,-2.7341,102.0078,51.5974,50.0344,-0.0344,-2.5212,-2.8883,151.9787,49.0762,,,11.9,0.66
2499,00h 41m 39s,52.723,False,False,2.081,56.2347,50.0345,-0.0345,-2.2522,-2.58,52.0647,53.9825,50.0,0.0,-2.3851,-2.7341,102.0078,51.5974,50.0344,-0.0344,-2.5212,-2.8883,151.9787,49.0762,,,11.9,0.66
2500,00h 41m 40s,52.723,False,False,2.081,56.2347,50.0345,-0.0345,-2.2522,-2.58,52.0647,53.9825,50.0,0.0,-2.3851,-2.7341,102.0078,51.5974,50.0344,-0.0344,-2.5212,-2.8883,151.9787,49.0762,,,11.9,0.66
2501,00h 41m 41s,52.723,False,False,2.081,56.2347,50.0345,-0.0345,-2.2522,-2.58,52.0647,53.9825,50.0,0.0,-2.3851,-2.7341,102.0078,51.5974,50.0344,-0.0344,-2.5212,-2.8883,151.9787,49.0762,,,11.9,0.66
2502,00h 41m 42s,52.723,False,False,2.081,56.2347,50.0345,-0.0345,-2.2522,-2.58,52.0647,53.9825,50.0,0.0,-2.3851,-2.7341,102.0078,51.5974,50.0344,-0.0344,-2.5212,-2.8883,151.9787,49.0762,,,11.9,0.66
2503,00h 41m 43s,52.723,False,False,2.081,56.2347,50.0345,-0.0345,-2.2522,-2.58,52.0647,53.9825,50.0,0.0,-2.3851,-2.7341,102.0078,51.5974,50.0344,-0.0344,-2.5212,-2.8883,151.9787,49.0762,,,11.9,0.66
2504,00h 41m 44s,52.723,False,False,2.081,56.2347,50.0345,-0.0345,-2.2522,-2.58,52.0647,53.9825,50.0,0.0,-2.3851,-2.7341,102.0078,51.5974,50.0344,-0.0344,-2.5212,-2.8883,151.9787,49.0762,,,11.9,0.66
2505,00h 41m 45s,52.723,False,False,2.081,56.2347,50.0345,-0.0345,-2.2522,-2.58,52.0647,53.9825,50.0,0.0,-2.3851,-2.7341,102.0078,51.5974,50.0344,-0.0344,-2.5212,-2.8883,151.9787,49.0762,,,11.9,0.66
2506,00h 41m 46s,52.723,False,False,2.081,56.2347,50.0345,-0.0345,-2.2522,-2.58,52.0647,53.9825,50.0,0.0,-2.3851,-2.7341,102.0078,51.5974,50.0344,-0.0344,-2.5212,-2.8883,151.9787,49.0762,,,11.9,0.66
2507,00h 41m 47s,52.723,False,False,2.081,56.2347,50.0345,-0.0345,-2.2522,-2.58,52.0647,53.9825,50.0,0.0,-2.3851,-2.7341,102.0078,51.5974,50.0344,-0.0344,-2.5212,-2.8883,151.9787,49.0762,,,11.9,0.66
2508,00h 41m 48s,52.723,False,False,2.081,56.2347,50.0345,-0.0345,-2.2522,-2.58,52.0647,53.9825,50.0,0.0,-2.3851,-2.7341,102.0078,51.5974,50.0344,-0.0344,-2.5212,-2.8883,151.9787,49.0762,,,11.9,0.66
2509,00h 41m 49s,52.723,False,False,2.081,56.2347,50.0345,-0.0345,-2.2522,-2.58,52.0647,53.9825,50.0,0.0,-2.3851,-2.7341,102.0078,51.5974,50.0344,-0.0344,-2.5212,-2.8883,151.9787,49.0762,,,11.9,0.66
2510,00h 41m 50s,52.723,False,False,2.081,56.2347,50.0345,-0.0345,-2.2522,-2.58,52.0647,53.9825,50.0,0.0,-2.3851,-2.7341,102.0078,51.5974,50.0344,-0.0344,-2.5212,-2.8883,151.9787,49.0762,,,11.9,0.66
2511,00h 41m 51s,52.723,False,False,2.081,56.2347,50.0345,-0.0345,-2.2522,-2.58,52.0647,53.9825,50.0,0.0,-2.3851,-2.7341,102.0078,51.5974,50.0344,-0.0344,-2.5212,-2.8883,151.9787,49.0762,,,11.9,0.66
2512,00h 41m 52s,52.723,False,False,2.081,56.2347,50.0345,-0.0345,-2.2522,-2.58,52.0647,53.9825,50.0,0.0,-2.3851,-2.7341,102.0078,51.5974,50.0344,-0.0344,-2.5212,-2.8883,151.9787,49.0762,,,11.9,0.66
2513,00h 41m 53s,52.723,False,False,2.081,56.2347,50.0345,-0.0345,-2.2522,-2.58,52.0647,53.9825,50.0,0.0,-2.3851,-2.7341,102.0078,51.5974,50.0344,-0.0344,-2.5212,-2.8883,151.9787,49.0762,,,11.9,0.66
2514,00h 41m 54s,52.723,False,False,2.081,56.2347,50.0345,-0.0345,-2.2522,-2.58,52.0647,53.9825,50.0,0.0,-2.3851,-2.7341,102.0078,51.5974,50.0344,-0.0344,-2.5212,-2.8883,151.9787,49.0762,,,11.9,0.66
2515,00h 41m 55s,52.723,False,False,2.081,56.2347,50.0345,-0.0345,-2.2522,-2.58,52.0647,53.9825,50.0,0.0,-2.3851,-2.7341,102.0078,51.5974,50.0344,-0.0344,-2.5212,-2.8883,151.9787,49.0762,,,11.9,0.66
2516,00h 41m 56s,52.723,False,False,2.081,56.2347,50.0345,-0.0345,-2.2522,-2.58,52.0647,53.9825,50.0,0.0,-2.3851,-2.7341,102.0078,51.5974,50.0344,-0.0344,-2.5212,-2.8883,151.9787,49.0762,,,11.9,0.66
2517,00h 41m 57s,52.723,False,False,2.081,56.2347,50.0345,-0.0345,-2.2522,-2.58,52.0647,53.9825,50.0,0.0,-2.3851,-2.7341,102.0078,51.5974,50.0344,-0.0344,-2.5212,-2.8883,151.9787,49.0762,,,11.9,0.66
2518,00h 41m 58s,52.723,False,False,2.081,56.2347,50.0345,-0.0345,-2.2522,-2.58,52.0647,53.9825,50.0,0.0,-2.3851,-2.7341,102.0078,51.5974,50.0344,-0.0344,-2.5212,-2.8883,151.9787,49.0762,,,11.9,0.66
2519,00h 41m 59s,52.723,False,False,2.081,56.2347,50.0345,-0.0345,-2.2522,-2.58,52.0647,53.9825,50.0,0.0,-2.3851,-2.7341,102.0078,51.5974,50.0344,-0.0344,-2.5212,-2.8883,151.9787,49.0762,,,11.9,0.66
2520,00h 42m 00s,52.747,False,False,2.0823,56.2825,50.0353,-0.0353,-2.3002,-2.635,52.0647,53.9822,50.0,0.0,-2.3846,-2.7336,102.0078,51.5976,50.0348,-0.0348,-2.4724,-2.8323,151.9816,49.1252,,,12.0,0.66
2521,00h 42m 01s,52.771,False,False,2.0856,56.3309,50.0342,-0.0342,-2.3488,-2.6907,52.0647,53.9821,50.0,0.0,-2.3843,-2.7333,102.0078,51.5978,50.0355,-0.0355,-2.4231,-2.7758,151.9846,49.1746,,,12.0,0.66
2522,00h 42m 02s,52.796,False,False,2.088,56.3791,50.0342,-0.0342,-2.3972,-2.7462,52.0647,53.9819,50.0,0.0,-2.384,-2.7329,102.0079,51.5979,50.035,-0.035,-2.374,-2.7196,151.9865,49.2239,,,12.0,0.66
2523,00h 42m 03s,52.82,False,False,2.0902,56.4278,50.0343,-0.0343,-2.446,-2.802,52.0647,53.9818,50.0,0.0,-2.3838,-2.7327,102.0079,51.598,50.0345,-0.0345,-2.325,-2.6633,151.9883,49.273,,,12.0,0.66
2524,00h 42m 04s,52.888,False,False,2.0928,56.4756,50.0344,-0.0344,-2.4073,-2.7577,52.0692,54.0684,50.0,0.0,-2.3834,-2.7322,102.0124,51.6849,50.0344,-0.0344,-2.3629,-2.7068,151.991,49.3221,,,10.8,0.66
2525,00h 42m 05s,52.955,False,False,2.0937,56.5239,50.0355,-0.0355,-2.369,-2.7138,52.0731,54.1548,50.0,0.0,-2.3831,-2.7318,102.0163,51.7718,50.0355,-0.0355,-2.4005,-2.7498,151.9942,49.3713,,,10.2,0.66
2526,00h 42m 06s,53.023,False,False,2.0961,56.5719,50.0356,-0.0356,-2.3305,-2.6696,52.0774,54.2414,50.0,0.0,-2.3827,-2.7314,102.0206,51.8588,50.0356,-0.0356,-2.4383,-2.7932,151.9968,49.4205,,,9.2,0.66
2527,00h 42m 07s,53.091,False,False,2.0988,56.6205,50.0348,-0.0348,-2.2925,-2.6261,52.0811,54.328,50.0,0.0,-2.3824,-2.7311,102.0243,51.9456,50.0348,-0.0348,-2.4756,-2.8361,151.9978,49.4699,,,8.9,0.66
2528,00h 42m 08s,53.159,False,False,2.0997,56.669,50.0359,-0.0359,-2.2543,-2.5822,52.0848,54.4147,50.0,0.0,-2.3822,-2.7308,102.028,52.0325,50.0358,-0.0358,-2.5135,-2.8794,152.0007,49.519,,,8.5,0.66
2529,00h 42m 09s,53.226,False,False,2.1026,56.7169,50.0354,-0.0354,-2.216,-2.5384,52.0889,54.5009,50.0,0.0,-2.3817,-2.7303,102.0321,52.1192,50.0353,-0.0353,-2.5507,-2.9221,152.0024,49.5685,,,7.7,0.47
2530,00h 42m 10s,53.251,False,False,2.1044,56.7651,50.0357,-0.0357,-2.2643,-2.5938,52.0889,54.5008,50.0,0.0,-2.3814,-2.7299,102.0321,52.1194,50.0351,-0.0351,-2.5018,-2.8661,152.0046,49.6175,,,7.7,0.47
2531,00h 42m 11s,53.275,False,False,2.1064,56.8137,50.036,-0.036,-2.3131,-2.6496,52.0889,54.5006,50.0,0.0,-2.3811,-2.7296,102.0321,52.1195,50.0352,-0.0352,-2.4526,-2.8096,152.0072,49.6669,,,7.7,0.47
2532,00h 42m 12s,53.3,False,False,2.1087,56.8622,50.0359,-0.0359,-2.3616,-2.7053,52.0889,54.5005,50.0,0.0,-2.3809,-2.7294,102.0322,52.1196,50.0354,-0.0354,-2.4037,-2.7535,152.0098,49.7159,,,7.7,0.47
2533,00h 42m 13s,53.324,False,False,2.1115,56.9104,50.0354,-0.0354,-2.41,-2.7608,52.0889,54.5004,50.0,0.0,-2.3807,-2.7291,102.0322,52.1197,50.036,-0.036,-2.3548,-2.6974,152.0127,49.765,,,7.7,0.47
2534,00h 42m 14s,53.348,False,False,2.1131,56.9584,50.0362,-0.0362,-2.4582,-2.816,52.0889,54.5002,50.0,0.0,-2.3803,-2.7286,102.0322,52.1199,50.0357,-0.0357,-2.3058,-2.6413,152.0147,49.8141,,,7.7,0.47
2535,00h 42m 15s,53.416,False,False,2.1158,57.0067,50.0358,-0.0358,-2.4197,-2.7719,52.093,54.587,50.0,0.0,-2.38,-2.7283,102.0363,52.207,50.0358,-0.0358,-2.3436,-2.6847,152.0172,49.8634,,,6.9,0.47
2536,00h 42m 16s,53.484,False,False,2.1186,57.055,50.0355,-0.0355,-2.3813,-2.7278,52.0974,54.6737,50.0,0.0,-2.3797,-2.7279,102.0407,52.294,50.0355,-0.0355,-2.3815,-2.7281,152.0195,49.9125,,,5.8,0.47
2537,00h 42m 17s,53.551,False,False,2.1214,57.1027,50.0355,-0.0355,-2.3428,-2.6838,52.102,54.7599,50.0,0.0,-2.3791,-2.7273,102.0454,52.3807,50.0355,-0.0355,-2.4188,-2.7709,152.0223,49.9619,,,4.6,0.47
2538,00h 42m 18s,53.619,False,False,2.1237,57.1509,50.0357,-0.0357,-2.3045,-2.6398,52.1063,54.8464,50.0,0.0,-2.3788,-2.7269,102.0496,52.4676,50.0357,-0.0357,-2.4565,-2.8141,152.025,50.0111,,,3.6,0.47
2539,00h 42m 19s,53.687,False,False,2.1263,57.1993,50.0359,-0.0359,-2.2666,-2.5963,52.1109,54.9327,50.0,0.0,-2.3785,-2.7266,102.0543,52.5542,50.0359,-0.0359,-2.4938,-2.8568,152.028,50.0604,,,2.3,0.47
2540,00h 42m 20s,53.754,False,False,2.1297,57.2478,50.0352,-0.0352,-2.2284,-2.5526,52.1152,55.0194,50.0,0.0,-2.3783,-2.7263,102.0586,52.6411,50.0351,-0.0351,-2.5315,-2.9,152.0296,50.1096,,,1.4,0.7
2541,00h 42m 21s,53.779,False,False,2.1319,57.2959,50.0351,-0.0351,-2.2767,-2.608,52.1152,55.0192,50.0,0.0,-2.378,-2.726,102.0586,52.6412,50.0359,-0.0359,-2.4826,-2.844,152.0328,50.1586,,,1.4,0.7
2542,00h 42m 22s,53.803,False,False,2.1334,57.3447,50.0358,-0.0358,-2.3255,-2.6639,52.1152,55.0192,50.0,0.0,-2.3779,-2.7259,102.0586,52.6413,50.0363,-0.0363,-2.4337,-2.7879,152.0356,50.2076,,,1.4,0.7
2543,00h 42m 23s,53.827,False,False,2.1358,57.3926,50.0357,-0.0357,-2.3736,-2.719,52.1151,55.019,50.0,0.0,-2.3775,-2.7255,102.0586,52.6415,50.0357,-0.0357,-2.3849,-2.732,152.0375,50.2566,,,1.4,0.7
2544,00h 42m 24s,53.852,False,False,2.1381,57.4413,50.0357,-0.0357,-2.4224,-2.7749,52.1151,55.0189,50.0,0.0,-2.3773,-2.7252,102.0586,52.6416,50.0351,-0.0351,-2.3356,-2.6755,152.0392,50.306,,,1.4,0.7
2545,00h 42m 25s,53.876,False,False,2.1412,57.4893,50.0349,-0.0349,-2.4706,-2.8303,52.1151,55.0187,50.0,0.0,-2.3769,-2.7248,102.0586,52.6418,50.0354,-0.0354,-2.2866,-2.6193,152.0418,50.3552,,,1.4,0.7
2546,00h 42m 26s,53.944,False,False,2.1441,57.5371,50.0352,-0.0352,-2.4318,-2.7857,52.1202,55.1054,50.0,0.0,-2.3765,-2.7243,102.0637,52.7289,50.0352,-0.0352,-2.3246,-2.6629,152.045,50.4042,,,0.4,0.7
2547,00h 42m 27s,54.012,False,False,2.1451,57.5855,50.036,-0.036,-2.3936,-2.7419,52.1238,55.192,50.0,0.0,-2.3763,-2.7241,102.0673,52.8156,50.036,-0.036,-2.3625,-2.7062,152.0475,50.4532,,,0.7,0.7
2548,00h 42m 28s,54.079,False,False,2.1473,57.6333,50.0356,-0.0356,-2.355,-2.6977,52.1275,55.2783,50.0,0.0,-2.3759,-2.7236,102.071,52.9024,50.0356,-0.0356,-2.4001,-2.7494,152.049,50.5024,,,1.0,0.7
2549,00h 42m 29s,54.147,False,False,2.1493,57.6816,50.0355,-0.0355,-2.3169,-2.654,52.1311,55.3647,50.0,0.0,-2.3756,-2.7232,102.0747,52.9892,50.0355,-0.0355,-2.4376,-2.7924,152.0507,50.5516,,,1.4,0.7
2550,00h 42m 30s,54.19,False,False,2.1493,57.6816,50.0357,-0.0357,-2.2305,-2.555,52.1353,55.4512,50.0,0.0,-2.3756,-2.7232,102.0788,53.0756,50.0356,-0.0356,-2.524,-2.8914,152.0507,50.5516,,,2.2,0.7
2551,00h 42m 31s,54.19,False,False,2.1493,57.6816,50.0357,-0.0357,-2.2305,-2.555,52.1353,55.4512,50.0,0.0,-2.3756,-2.7232,102.0788,53.0756,50.0356,-0.0356,-2.524,-2.8914,152.0507,50.5516,,,2.2,0.7
2552,00h 42m 32s,54.19,False,False,2.1493,57.6816,50.0357,-0.0357,-2.2305,-2.555,52.1353,55.4512,50.0,0.0,-2.3756,-2.7232,102.0788,53.0756,50.0356,-0.0356,-2.524,-2.8914,152.0507,50.5516,,,2.2,0.7
2553,00h 42m 33s,54.19,False,False,2.1493,57.6816,50.0357,-0.0357,-2.2305,-2.555,52.1353,55.4512,50.0,0.0,-2.3756,-2.7232,102.0788,53.0756,50.0356,-0.0356,-2.524,-2.8914,152.0507,50.5516,,,2.2,0.7
2554,00h 42m 34s,54.19,False,False,2.1493,57.6816,50.0357,-0.0357,-2.2305,-2.555,52.1353,55.4512,50.0,0.0,-2.3756,-2.7232,102.0788,53.0756,50.0356,-0.0356,-2.524,-2.8914,152.0507,50.5516,,,2.2,0.7
2555,00h 42m 35s,54.19,False,False,2.1493,57.6816,50.0357,-0.0357,-2.2305,-2.555,52.1353,55.4512,50.0,0.0,-2.3756,-2.7232,102.0788,53.0756,50.0356,-0.0356,-2.524,-2.8914,152.0507,50.5516,,,2.2,0.7
2556,00h 42m 36s,54.19,False,False,2.1493,57.6816,50.0357,-0.0357,-2.2305,-2.555,52.1353,55.4512,50.0,0.0,-2.3756,-2.7232,102.0788,53.0756,50.0356,-0.0356,-2.524,-2.8914,152.0507,50.5516,,,2.2,0.7
2557,00h 42m 37s,54.19,False,False,2.1493,57.6816,50.0357,-0.0357,-2.2305,-2.555,52.1353,55.4512,50.0,0.0,-2.3756,-2.7232,102.0788,53.0756,50.0356,-0.0356,-2.524,-2.8914,152.0507,50.5516,,,2.2,0.7
2558,00h 42m 38s,54.19,False,False,2.1493,57.6816,50.0357,-0.0357,-2.2305,-2.555,52.1353,55.4512,50.0,0.0,-2.3756,-2.7232,102.0788,53.0756,50.0356,-0.0356,-2.524,-2.8914,152.0507,50.5516,,,2.2,0.7
2559,00h 42m 39s,54.19,False,False,2.1493,57.6816,50.0357,-0.0357,-2.2305,-2.555,52.1353,55.4512,50.0,0.0,-2.3756,-2.7232,102.0788,53.0756,50.0356,-0.0356,-2.524,-2.8914,152.0507,50.5516,,,2.2,0.7
2560,00h 42m 40s,54.19,False,False,2.1493,57.6816,50.0357,-0.0357,-2.2305,-2.555,52.1353,55.4512,50.0,0.0,-2.3756,-2.7232,102.0788,53.0756,50.0356,-0.0356,-2.524,-2.8914,152.0507,50.5516,,,2.2,0.7
2561,00h 42m 41s,54.19,False,False,2.1493,57.6816,50.0357,-0.0357,-2.2305,-2.555,52.1353,55.4512,50.0,0.0,-2.3756,-2.7232,102.0788,53.0756,50.0356,-0.0356,-2.524,-2.8914,152.0507,50.5516,,,2.2,0.7
2562,00h 42m 42s,54.19,False,False,2.1493,57.6816,50.0357,-0.0357,-2.2305,-2.555,52.1353,55.4512,50.0,0.0,-2.3756,-2.7232,102.0788,53.0756,50.0356,-0.0356,-2.524,-2.8914,152.0507,50.5516,,,2.2,0.7
2563,00h 42m 43s,54.19,False,False,2.1493,57.6816,50.0357,-0.0357,-2.2305,-2.555,52.1353,55.4512,50.0,0.0,-2.3756,-2.7232,102.0788,53.0756,50.0356,-0.0356,-2.524,-2.8914,152.0507,50.5516,,,2.2,0.7
2564,00h 42m 44s,54.19,False,False,2.1493,57.6816,50.0357,-0.0357,-2.2305,-2.555,52.1353,55.4512,50.0,0.0,-2.3756,-2.7232,102.0788,53.0756,50.0356,-0.0356,-2.524,-2.8914,152.0507,50.5516,,,2.2,0.7
2565,00h 42m 45s,54.19,False,False,2.1493,57.6816,50.0357,-0.0357,-2.2305,-2.555,52.1353,55.4512,50.0,0.0,-2.3756,-2.7232,102.0788,53.0756,50.0356,-0.0356,-2.524,-2.8914,152.0507,50.5516,,,2.2,0.7
2566,00h 42m 46s,54.19,False,False,2.1493,57.6816,50.0357,-0.0357,-2.2305,-2.555,52.1353,55.4512,50.0,0.0,-2.3756,-2.7232,102.0788,53.0756,50.0356,-0.0356,-2.524,-2.8914,152.0507,50.5516,,,2.2,0.7
2567,00h 42m 47s,54.19,False,False,2.1493,57.6816,50.0357,-0.0357,-2.2305,-2.555,52.1353,55.4512,50.0,0.0,-2.3756,-2.7232,102.0788,53.0756,50.0356,-0.0356,-2.524,-2.8914,152.0507,50.5516,,,2.2,0.7
2568,00h 42m 48s,54.19,False,False,2.1493,57.6816,50.0357,-0.0357,-2.2305,-2.555,52.1353,55.4512,50.0,0.0,-2.3756,-2.7232,102.0788,53.0756,50.0356,-0.0356,-2.524,-2.8914,152.0507,50.5516,,,2.2,0.7
2569,00h 42m 49s,54.19,False,False,2.1493,57.6816,50.0357,-0.0357,-2.2305,-2.555,52.1353,55.4512,50.0,0.0,-2.3756,-2.7232,102.0788,53.0756,50.0356,-0.0356,-2.524,-2.8914,152.0507,50.5516,,,2.2,0.7
2570,00h 42m 50s,54.19,False,False,2.1493,57.6816,50.0357,-0.0357,-2.2305,-2.555,52.1353,55.4512,50.0,0.0,-2.3756,-2.7232,102.0788,53.0756,50.0356,-0.0356,-2.524,-2.8914,152.0507,50.5516,,,2.2,0.7
2571,00h 42m 51s,54.19,False,False,2.1493,57.6816,50.0357,-0.0357,-2.2305,-2.555,52.1353,55.4512,50.0,0.0,-2.3756,-2.7232,102.0788,53.0756,50.0356,-0.0356,-2.524,-2.8914,152.0507,50.5516,,,2.2,0.7
2572,00h 42m 52s,54.19,False,False,2.1493,57.6816,50.0357,-0.0357,-2.2305,-2.555,52.1353,55.4512,50.0,0.0,-2.3756,-2.7232,102.0788,53.0756,50.0356,-0.0356,-2.524,-2.8914,152.0507,50.5516,,,2.2,0.7
2573,00h 42m 53s,54.19,False,False,2.1493,57.6816,50.0357,-0.0357,-2.2305,-2.555,52.1353,55.4512,50.0,0.0,-2.3756,-2.7232,102.0788,53.0756,50.0356,-0.0356,-2.524,-2.8914,152.0507,50.5516,,,2.2,0.7
2574,00h 42m 54s,54.19,False,False,2.1493,57.6816,50.0357,-0.0357,-2.2305,-2.555,52.1353,55.4512,50.0,0.0,-2.3756,-2.7232,102.0788,53.0756,50.0356,-0.0356,-2.524,-2.8914,152.0507,50.5516,,,2.2,0.7
2575,00h 42m 55s,54.19,False,False,2.1493,57.6816,50.0357,-0.0357,-2.2305,-2.555,52.1353,55.4512,50.0,0.0,-2.3756,-2.7232,102.0788,53.0756,50.0356,-0.0356,-2.524,-2.8914,152.0507,50.5516,,,2.2,0.7
2576,00h 42m 56s,54.19,False,False,2.1493,57.6816,50.0357,-0.0357,-2.2305,-2.555,52.1353,55.4512,50.0,0.0,-2.3756,-2.7232,102.0788,53.0756,50.0356,-0.0356,-2.524,-2.8914,152.0507,50.5516,,,2.2,0.7
2577,00h 42m 57s,54.19,False,False,2.1493,57.6816,50.0357,-0.0357,-2.2305,-2.555,52.1353,55.4512,50.0,0.0,-2.3756,-2.7232,102.0788,53.0756,50.0356,-0.0356,-2.524,-2.8914,152.0507,50.5516,,,2.2,0.7
2578,00h 42m 58s,54.19,False,False,2.1493,57.6816,50.0357,-0.0357,-2.2305,-2.555,52.1353,55.4512,50.0,0.0,-2.3756,-2.7232,102.0788,53.0756,50.0356,-0.0356,-2.524,-2.8914,152.0507,50.5516,,,2.2,0.7
2579,00h 42m 59s,54.19,False,False,2.1493,57.6816,50.0357,-0.0357,-2.2305,-2.555,52.1353,55.4512,50.0,0.0,-2.3756,-2.7232,102.0788,53.0756,50.0356,-0.0356,-2.524,-2.8914,152.0507,50.5516,,,2.2,0.7
2580,00h 43m 00s,54.214,False,False,2.1523,57.7298,50.0349,-0.0349,-2.2788,-2.6104,52.1353,55.4509,50.0,0.0,-2.3751,-2.7227,102.0788,53.0758,50.0362,-0.0362,-2.4748,-2.835,152.0537,50.601,,,2.2,0.7
2581,00h 43m 01s,54.239,False,False,2.1553,57.778,50.0341,-0.0341,-2.3272,-2.6659,52.1352,55.4508,50.0,0.0,-2.3748,-2.7223,102.0788,53.076,50.0362,-0.0362,-2.4257,-2.7787,152.0562,50.6503,,,2.2,0.7
2582,00h 43m 02s,54.263,False,False,2.1578,57.8267,50.0339,-0.0339,-2.376,-2.7219,52.1352,55.4507,50.0,0.0,-2.3746,-2.7221,102.0788,53.0761,50.0368,-0.0368,-2.3766,-2.7224,152.0592,50.6995,,,2.2,0.7
2583,00h 43m 03s,54.288,False,False,2.1597,57.8753,50.0343,-0.0343,-2.4248,-2.7778,52.1352,55.4506,50.0,0.0,-2.3744,-2.7219,102.0788,53.0762,50.0365,-0.0365,-2.3273,-2.6659,152.0612,50.7489,,,2.2,0.7
2584,00h 43m 04s,54.312,False,False,2.1607,57.9239,50.0357,-0.0357,-2.4735,-2.8335,52.1352,55.4504,50.0,0.0,-2.3741,-2.7215,102.0788,53.0763,50.0361,-0.0361,-2.278,-2.6095,152.0631,50.7983,,,2.2,0.7
2585,00h 43m 05s,54.38,False,False,2.162,57.9722,50.0362,-0.0362,-2.4354,-2.7898,52.1389,55.5368,50.0,0.0,-2.3737,-2.7211,102.0825,53.1631,50.0362,-0.0362,-2.3155,-2.6524,152.0651,50.8476,,,2.5,0.43
2586,00h 43m 06s,54.448,False,False,2.1648,58.0204,50.0362,-0.0362,-2.3969,-2.7457,52.1435,55.6235,50.0,0.0,-2.3735,-2.7208,102.0872,53.25,50.0362,-0.0362,-2.3534,-2.6959,152.068,50.8966,,,3.8,0.43
2587,00h 43m 07s,54.515,False,False,2.1676,58.0681,50.0361,-0.0361,-2.3582,-2.7013,52.1481,55.71,50.0,0.0,-2.3731,-2.7203,102.0917,53.3369,50.0361,-0.0361,-2.3913,-2.7393,152.0706,50.9456,,,5.0,0.43
2588,00h 43m 08s,54.583,False,False,2.1702,58.1162,50.0364,-0.0364,-2.32,-2.6576,52.1528,55.7962,50.0,0.0,-2.3727,-2.7199,102.0964,53.4236,50.0364,-0.0364,-2.4288,-2.7822,152.0738,50.9948,,,6.4,0.43
2589,00h 43m 09s,54.65,False,False,2.1725,58.1643,50.0363,-0.0363,-2.2817,-2.6137,52.1567,55.8826,50.0,0.0,-2.3722,-2.7194,102.1004,53.5104,50.0363,-0.0363,-2.4661,-2.8251,152.0758,51.0442,,,7.0,0.43
2590,00h 43m 10s,54.718,False,False,2.1756,58.2124,50.0361,-0.0361,-2.2431,-2.5695,52.1614,55.9692,50.0,0.0,-2.3719,-2.719,102.1051,53.5973,50.0361,-0.0361,-2.5041,-2.8686,152.0785,51.0932,,,8.4,0.43
2591,00h 43m 11s,54.786,False,False,2.1777,58.2611,50.0365,-0.0365,-2.2052,-2.5259,52.1655,56.0559,50.0,0.0,-2.3718,-2.7189,102.1093,53.6841,50.0364,-0.0364,-2.5418,-2.9118,152.0811,51.1423,,,9.2,0.74
2592,00h 43m 12s,54.81,False,False,2.1808,58.3094,50.0355,-0.0355,-2.2537,-2.5816,52.1655,56.0557,50.0,0.0,-2.3714,-2.7185,102.1093,53.6843,50.0356,-0.0356,-2.4925,-2.8554,152.0828,51.1918,,,9.2,0.74
2593,00h 43m 13s,54.835,False,False,2.1831,58.3574,50.0354,-0.0354,-2.3019,-2.6369,52.1655,56.0555,50.0,0.0,-2.371,-2.718,102.1093,53.6845,50.0351,-0.0351,-2.4434,-2.7991,152.0847,51.241,,,9.2,0.74
2594,00h 43m 14s,54.859,False,False,2.1845,58.4058,50.0362,-0.0362,-2.3505,-2.6925,52.1655,56.0554,50.0,0.0,-2.3707,-2.7177,102.1093,53.6846,50.0352,-0.0352,-2.3944,-2.7429,152.0872,51.2903,,,9.2,0.74
2595,00h 43m 15s,54.883,False,False,2.187,58.4543,50.0361,-0.0361,-2.3991,-2.7482,52.1655,56.0553,50.0,0.0,-2.3705,-2.7174,102.1093,53.6847,50.0349,-0.0349,-2.3454,-2.6867,152.0892,51.3394,,,9.2,0.74
2596,00h 43m 16s,54.908,False,False,2.1894,58.5024,50.036,-0.036,-2.4473,-2.8035,52.1655,56.0551,50.0,0.0,-2.3702,-2.7171,102.1093,53.6849,50.0352,-0.0352,-2.2965,-2.6306,152.0917,51.3884,,,9.2,0.74
2597,00h 43m 17s,54.976,False,False,2.1919,58.5511,50.0355,-0.0355,-2.4092,-2.7598,52.1694,56.1419,50.0,0.0,-2.37,-2.7169,102.1132,53.7719,50.0355,-0.0355,-2.3342,-2.6739,152.0943,51.4377,,,9.8,0.74
2598,00h 43m 18s,55.043,False,False,2.1944,58.5991,50.0353,-0.0353,-2.3707,-2.7157,52.1736,56.2284,50.0,0.0,-2.3696,-2.7164,102.1174,53.8588,50.0353,-0.0353,-2.3718,-2.717,152.0965,51.487,,,10.6,0.74
2599,00h 43m 19s,55.111,False,False,2.1962,58.6475,50.0353,-0.0353,-2.3325,-2.6719,52.1771,56.315,50.0,0.0,-2.3693,-2.716,102.1209,53.9457,50.0353,-0.0353,-2.4094,-2.7601,152.0982,51.5363,,,10.8,0.74
2600,00h 43m 20s,55.179,False,False,2.1983,58.6953,50.0348,-0.0348,-2.294,-2.6279,52.1805,56.4013,50.0,0.0,-2.3688,-2.7154,102.1243,54.0325,50.0348,-0.0348,-2.4468,-2.803,152.0992,51.5857,,,10.9,0.74
2601,00h 43m 21s,55.246,False,False,2.2,58.7437,50.0351,-0.0351,-2.2559,-2.5841,52.1842,56.4879,50.0,0.0,-2.3686,-2.7152,102.1281,54.1193,50.035,-0.035,-2.4846,-2.8463,152.1014,51.6347,,,11.3,0.74
2602,00h 43m 22s,55.314,False,False,2.2023,58.7919,50.0353,-0.0353,-2.2174,-2.54,52.1884,56.5745,50.0,0.0,-2.3682,-2.7148,102.1323,54.2063,50.0353,-0.0353,-2.5224,-2.8897,152.104,51.6839,,,12.2,0.33
2603,00h 43m 23s,55.339,False,False,2.2054,58.8405,50.0344,-0.0344,-2.2661,-2.5958,52.1884,56.5744,50.0,0.0,-2.368,-2.7145,102.1323,54.2064,50.0353,-0.0353,-2.4732,-2.8332,152.1064,51.7333,,,12.2,0.33
2604,00h 43m 24s,55.363,False,False,2.2072,58.8886,50.0347,-0.0347,-2.3144,-2.6512,52.1884,56.5743,50.0,0.0,-2.3677,-2.7142,102.1323,54.2066,50.0354,-0.0354,-2.4243,-2.7772,152.109,51.7823,,,12.2,0.33
2605,00h 43m 25s,55.387,False,False,2.2099,58.9368,50.0344,-0.0344,-2.3627,-2.7066,52.1884,56.5741,50.0,0.0,-2.3674,-2.7138,102.1323,54.2067,50.0352,-0.0352,-2.3753,-2.721,152.1112,51.8314,,,12.2,0.33
2606,00h 43m 26s,55.412,False,False,2.2131,58.9847,50.0334,-0.0334,-2.4108,-2.7618,52.1884,56.5739,50.0,0.0,-2.3669,-2.7133,102.1324,54.207,50.0351,-0.0351,-2.3263,-2.6648,152.1134,51.8807,,,12.2,0.33
2607,00h 43m 27s,55.436,False,False,2.2152,59.0326,50.0337,-0.0337,-2.459,-2.817,52.1884,56.5737,50.0,0.0,-2.3665,-2.7128,102.1324,54.2072,50.0351,-0.0351,-2.2772,-2.6086,152.1156,51.93,,,12.2,0.33
2608,00h 43m 28s,55.504,False,False,2.2174,59.0811,50.0343,-0.0343,-2.4208,-2.7732,52.1931,56.6603,50.0,0.0,-2.3663,-2.7126,102.1371,54.294,50.0343,-0.0343,-2.315,-2.6519,152.1178,51.979,,,13.6,0.33
2609,00h 43m 29s,55.571,False,False,2.22,59.1294,50.0342,-0.0342,-2.3826,-2.7294,52.1974,56.7468,50.0,0.0,-2.366,-2.7123,102.1414,54.3808,50.0342,-0.0342,-2.3527,-2.6951,152.1202,52.0282,,,14.5,0.33
2610,00h 43m 30s,55.615,False,False,2.22,59.1294,50.0342,-0.0342,-2.2957,-2.6298,52.2015,56.8337,50.0,0.0,-2.366,-2.7123,102.1455,54.4677,50.0342,-0.0342,-2.4395,-2.7947,152.1202,52.0282,,,15.3,0.33
2611,00h 43m 31s,55.658,False,False,2.22,59.1294,50.0345,-0.0345,-2.2091,-2.5306,52.2056,56.9203,50.0,0.0,-2.366,-2.7123,102.1496,54.5543,50.0344,-0.0344,-2.5261,-2.8939,152.1202,52.0282,,,16.1,0.33
2612,00h 43m 32s,55.658,False,False,2.22,59.1294,50.0345,-0.0345,-2.2091,-2.5306,52.2056,56.9203,50.0,0.0,-2.366,-2.7123,102.1496,54.5543,50.0344,-0.0344,-2.5261,-2.8939,152.1202,52.0282,,,16.1,0.33
2613,00h 43m 33s,55.658,False,False,2.22,59.1294,50.0345,-0.0345,-2.2091,-2.5306,52.2056,56.9203,50.0,0.0,-2.366,-2.7123,102.1496,54.5543,50.0344,-0.0344,-2.5261,-2.8939,152.1202,52.0282,,,16.1,0.33
2614,00h 43m 34s,55.658,False,False,2.22,59.1294,50.0345,-0.0345,-2.2091,-2.5306,52.2056,56.9203,50.0,0.0,-2.366,-2.7123,102.1496,54.5543,50.0344,-0.0344,-2.5261,-2.8939,152.1202,52.0282,,,16.1,0.33
2615,00h 43m 35s,55.658,False,False,2.22,59.1294,50.0345,-0.0345,-2.2091,-2.5306,52.2056,56.9203,50.0,0.0,-2.366,-2.7123,102.1496,54.5543,50.0344,-0.0344,-2.5261,-2.8939,152.1202,52.0282,,,16.1,0.33
2616,00h 43m 36s,55.658,False,False,2.22,59.1294,50.0345,-0.0345,-2.2091,-2.5306,52.2056,56.9203,50.0,0.0,-2.366,-2.7123,102.1496,54.5543,50.0344,-0.0344,-2.5261,-2.8939,152.1202,52.0282,,,16.1,0.33
2617,00h 43m 37s,55.658,False,False,2.22,59.1294,50.0345,-0.0345,-2.2091,-2.5306,52.2056,56.9203,50.0,0.0,-2.366,-2.7123,102.1496,54.5543,50.0344,-0.0344,-2.5261,-2.8939,152.1202,52.0282,,,16.1,0.33
2618,00h 43m 38s,55.658,False,False,2.22,59.1294,50.0345,-0.0345,-2.2091,-2.5306,52.2056,56.9203,50.0,0.0,-2.366,-2.7123,102.1496,54.5543,50.0344,-0.0344,-2.5261,-2.8939,152.1202,52.0282,,,16.1,0.33
2619,00h 43m 39s,55.658,False,False,2.22,59.1294,50.0345,-0.0345,-2.2091,-2.5306,52.2056,56.9203,50.0,0.0,-2.366,-2.7123,102.1496,54.5543,50.0344,-0.0344,-2.5261,-2.8939,152.1202,52.0282,,,16.1,0.33
2620,00h 43m 40s,55.658,False,False,2.22,59.1294,50.0345,-0.0345,-2.2091,-2.5306,52.2056,56.9203,50.0,0.0,-2.366,-2.7123,102.1496,54.5543,50.0344,-0.0344,-2.5261,-2.8939,152.1202,52.0282,,,16.1,0.33
2621,00h 43m 41s,55.658,False,False,2.22,59.1294,50.0345,-0.0345,-2.2091,-2.5306,52.2056,56.9203,50.0,0.0,-2.366,-2.7123,102.1496,54.5543,50.0344,-0.0344,-2.5261,-2.8939,152.1202,52.0282,,,16.1,0.33
2622,00h 43m 42s,55.658,False,False,2.22,59.1294,50.0345,-0.0345,-2.2091,-2.5306,52.2056,56.9203,50.0,0.0,-2.366,-2.7123,102.1496,54.5543,50.0344,-0.0344,-2.5261,-2.8939,152.1202,52.0282,,,16.1,0.33
2623,00h 43m 43s,55.658,False,False,2.22,59.1294,50.0345,-0.0345,-2.2091,-2.5306,52.2056,56.9203,50.0,0.0,-2.366,-2.7123,102.1496,54.5543,50.0344,-0.0344,-2.5261,-2.8939,152.1202,52.0282,,,16.1,0.33
2624,00h 43m 44s,55.658,False,False,2.22,59.1294,50.0345,-0.0345,-2.2091,-2.5306,52.2056,56.9203,50.0,0.0,-2.366,-2.7123,102.1496,54.5543,50.0344,-0.0344,-2.5261,-2.8939,152.1202,52.0282,,,16.1,0.33
2625,00h 43m 45s,55.658,False,False,2.22,59.1294,50.0345,-0.0345,-2.2091,-2.5306,52.2056,56.9203,50.0,0.0,-2.366,-2.7123,102.1496,54.5543,50.0344,-0.0344,-2.5261,-2.8939,152.1202,52.0282,,,16.1,0.33
2626,00h 43m 46s,55.658,False,False,2.22,59.1294,50.0345,-0.0345,-2.2091,-2.5306,52.2056,56.9203,50.0,0.0,-2.366,-2.7123,102.1496,54.5543,50.0344,-0.0344,-2.5261,-2.8939,152.1202,52.0282,,,16.1,0.33
2627,00h 43m 47s,55.658,False,False,2.22,59.1294,50.0345,-0.0345,-2.2091,-2.5306,52.2056,56.9203,50.0,0.0,-2.366,-2.7123,102.1496,54.5543,50.0344,-0.0344,-2.5261,-2.8939,152.1202,52.0282,,,16.1,0.33
2628,00h 43m 48s,55.658,False,False,2.22,59.1294,50.0345,-0.0345,-2.2091,-2.5306,52.2056,56.9203,50.0,0.0,-2.366,-2.7123,102.1496,54.5543,50.0344,-0.0344,-2.5261,-2.8939,152.1202,52.0282,,,16.1,0.33
2629,00h 43m 49s,55.658,False,False,2.22,59.1294,50.0345,-0.0345,-2.2091,-2.5306,52.2056,56.9203,50.0,0.0,-2.366,-2.7123,102.1496,54.5543,50.0344,-0.0344,-2.5261,-2.8939,152.1202,52.0282,,,16.1,0.33
2630,00h 43m 50s,55.658,False,False,2.22,59.1294,50.0345,-0.0345,-2.2091,-2.5306,52.2056,56.9203,50.0,0.0,-2.366,-2.7123,102.1496,54.5543,50.0344,-0.0344,-2.5261,-2.8939,152.1202,52.0282,,,16.1,0.33
2631,00h 43m 51s,55.658,False,False,2.22,59.1294,50.0345,-0.0345,-2.2091,-2.5306,52.2056,56.9203,50.0,0.0,-2.366,-2.7123,102.1496,54.5543,50.0344,-0.0344,-2.5261,-2.8939,152.1202,52.0282,,,16.1,0.33
2632,00h 43m 52s,55.658,False,False,2.22,59.1294,50.0345,-0.0345,-2.2091,-2.5306,52.2056,56.9203,50.0,0.0,-2.366,-2.7123,102.1496,54.5543,50.0344,-0.0344,-2.5261,-2.8939,152.1202,52.0282,,,16.1,0.33
2633,00h 43m 53s,55.658,False,False,2.22,59.1294,50.0345,-0.0345,-2.2091,-2.5306,52.2056,56.9203,50.0,0.0,-2.366,-2.7123,102.1496,54.5543,50.0344,-0.0344,-2.5261,-2.8939,152.1202,52.0282,,,16.1,0.33
2634,00h 43m 54s,55.658,False,False,2.22,59.1294,50.0345,-0.0345,-2.2091,-2.5306,52.2056,56.9203,50.0,0.0,-2.366,-2.7123,102.1496,54.5543,50.0344,-0.0344,-2.5261,-2.8939,152.1202,52.0282,,,16.1,0.33
2635,00h 43m 55s,55.658,False,False,2.22,59.1294,50.0345,-0.0345,-2.2091,-2.5306,52.2056,56.9203,50.0,0.0,-2.366,-2.7123,102.1496,54.5543,50.0344,-0.0344,-2.5261,-2.8939,152.1202,52.0282,,,16.1,0.33
2636,00h 43m 56s,55.658,False,False,2.22,59.1294,50.0345,-0.0345,-2.2091,-2.5306,52.2056,56.9203,50.0,0.0,-2.366,-2.7123,102.1496,54.5543,50.0344,-0.0344,-2.5261,-2.8939,152.1202,52.0282,,,16.1,0.33
2637,00h 43m 57s,55.658,False,False,2.22,59.1294,50.0345,-0.0345,-2.2091,-2.5306,52.2056,56.9203,50.0,0.0,-2.366,-2.7123,102.1496,54.5543,50.0344,-0.0344,-2.5261,-2.8939,152.1202,52.0282,,,16.1,0.33
2638,00h 43m 58s,55.658,False,False,2.22,59.1294,50.0345,-0.0345,-2.2091,-2.5306,52.2056,56.9203,50.0,0.0,-2.366,-2.7123,102.1496,54.5543,50.0344,-0.0344,-2.5261,-2.8939,152.1202,52.0282,,,16.1,0.33
2639,00h 43m 59s,55.658,False,False,2.22,59.1294,50.0345,-0.0345,-2.2091,-2.5306,52.2056,56.9203,50.0,0.0,-2.366,-2.7123,102.1496,54.5543,50.0344,-0.0344,-2.5261,-2.8939,152.1202,52.0282,,,16.1,0.33
2640,00h 44m 00s,55.682,False,False,2.2231,59.178,50.0335,-0.0335,-2.2578,-2.5864,52.2056,56.9202,50.0,0.0,-2.3658,-2.7121,102.1496,54.5544,50.034,-0.034,-2.4771,-2.8377,152.1223,52.0773,,,16.1,0.33
2641,00h 44m 01s,55.707,False,False,2.2259,59.2265,50.0329,-0.0329,-2.3064,-2.6421,52.2056,56.9201,50.0,0.0,-2.3656,-2.7118,102.1496,54.5545,50.0334,-0.0334,-2.4279,-2.7814,152.1241,52.1266,,,16.1,0.33
2642,00h 44m 02s,55.731,False,False,2.2283,59.2744,50.0327,-0.0327,-2.3545,-2.6973,52.2056,56.9199,50.0,0.0,-2.3652,-2.7113,102.1496,54.5547,50.0328,-0.0328,-2.379,-2.7253,152.1259,52.1757,,,16.1,0.33
2643,00h 44m 03s,55.756,False,False,2.2316,59.3226,50.0317,-0.0317,-2.4029,-2.7528,52.2056,56.9197,50.0,0.0,-2.3649,-2.7109,102.1496,54.5549,50.0324,-0.0324,-2.3299,-2.6691,152.1277,52.225,,,16.1,0.33
2644,00h 44m 04s,55.78,False,False,2.2339,59.371,50.0318,-0.0318,-2.4515,-2.8085,52.2056,56.9196,50.0,0.0,-2.3645,-2.7106,102.1497,54.555,50.0318,-0.0318,-2.2806,-2.6126,152.1294,52.2744,,,16.1,0.33
2645,00h 44m 05s,55.848,False,False,2.2365,59.4195,50.0313,-0.0313,-2.4135,-2.765,52.2096,57.006,50.0,0.0,-2.3643,-2.7103,102.1537,54.6417,50.0314,-0.0314,-2.3182,-2.6557,152.1313,52.3236,,,16.8,0.33
2646,00h 44m 06s,55.916,False,False,2.2389,59.4683,50.0315,-0.0315,-2.3756,-2.7216,52.214,57.0927,50.0,0.0,-2.3642,-2.7102,102.1581,54.7284,50.0315,-0.0315,-2.3558,-2.6989,152.1341,52.3726,,,17.9,0.63
2647,00h 44m 07s,55.983,False,False,2.2414,59.5166,50.0319,-0.0319,-2.3375,-2.6778,52.2186,57.1791,50.0,0.0,-2.364,-2.7099,102.1627,54.8152,50.0318,-0.0318,-2.3935,-2.742,152.1373,52.4217,,,19.2,0.63
2648,00h 44m 08s,56.051,False,False,2.2443,59.5644,50.0315,-0.0315,-2.299,-2.6337,52.2229,57.2654,50.0,0.0,-2.3634,-2.7093,102.167,54.902,50.0315,-0.0315,-2.4309,-2.7849,152.1394,52.4711,,,20.1,0.63
2649,00h 44m 09s,56.118,False,False,2.247,59.6125,50.0312,-0.0312,-2.2607,-2.5899,52.2271,57.3518,50.0,0.0,-2.363,-2.7088,102.1712,54.9888,50.0312,-0.0312,-2.4683,-2.8278,152.1414,52.5205,,,21.0,0.63
2650,00h 44m 10s,56.186,False,False,2.2495,59.6611,50.0305,-0.0305,-2.2226,-2.5462,52.2306,57.4385,50.0,0.0,-2.3628,-2.7085,102.1748,55.0758,50.0305,-0.0305,-2.5058,-2.8709,152.1424,52.57,,,21.2,0.63
2651,00h 44m 11s,56.254,False,False,2.2522,59.709,50.0307,-0.0307,-2.1839,-2.5018,52.2352,57.5251,50.0,0.0,-2.3623,-2.7081,102.1793,55.1627,50.0306,-0.0306,-2.5436,-2.9143,152.1452,52.6191,,,22.4,0.63
2652,00h 44m 12s,56.278,False,False,2.2545,59.7568,50.0304,-0.0304,-2.232,-2.557,52.2352,57.5248,50.0,0.0,-2.3618,-2.7075,102.1793,55.163,50.0305,-0.0305,-2.4945,-2.858,152.1476,52.6685,,,22.4,0.63
2653,00h 44m 13s,56.303,False,False,2.2565,59.8048,50.0307,-0.0307,-2.2802,-2.6122,52.2351,57.5247,50.0,0.0,-2.3615,-2.7071,102.1793,55.1632,50.0298,-0.0298,-2.4457,-2.802,152.1493,52.7175,,,22.4,0.63
2654,00h 44m 14s,56.327,False,False,2.2588,59.8531,50.0306,-0.0306,-2.3286,-2.6677,52.2351,57.5245,50.0,0.0,-2.3611,-2.7067,102.1794,55.1633,50.0304,-0.0304,-2.3965,-2.7456,152.1523,52.7668,,,22.4,0.63
2655,00h 44m 15s,56.351,False,False,2.261,59.901,50.0306,-0.0306,-2.3767,-2.7229,52.2351,57.5242,50.0,0.0,-2.3607,-2.7061,102.1794,55.1636,50.0304,-0.0304,-2.3475,-2.6894,152.1547,52.8161,,,22.4,0.63
2656,00h 44m 16s,56.376,False,False,2.2629,59.9497,50.031,-0.031,-2.4256,-2.7788,52.2351,57.5242,50.0,0.0,-2.3605,-2.7059,102.1794,55.1637,50.0307,-0.0307,-2.2984,-2.633,152.1573,52.8653,,,22.4,0.63
2657,00h 44m 17s,56.443,False,False,2.265,59.9977,50.0313,-0.0313,-2.3871,-2.7348,52.2393,57.6106,50.0,0.0,-2.3602,-2.7055,102.1836,55.2504,50.0313,-0.0313,-2.3362,-2.6763,152.1603,52.9143,,,23.3,0.6
2658,00h 44m 18s,56.511,False,False,2.2678,60.0461,50.0315,-0.0315,-2.3488,-2.6909,52.2441,57.6973,50.0,0.0,-2.36,-2.7053,102.1884,55.3373,50.0315,-0.0315,-2.374,-2.7198,152.1635,52.9633,,,24.8,0.6
2659,00h 44m 19s,56.579,False,False,2.2699,60.0944,50.0317,-0.0317,-2.3104,-2.6468,52.2482,57.7839,50.0,0.0,-2.3596,-2.7049,102.1925,55.4243,50.0317,-0.0317,-2.4118,-2.763,152.1661,53.0125,,,25.6,0.6
2660,00h 44m 20s,56.646,False,False,2.272,60.1423,50.0314,-0.0314,-2.272,-2.6028,52.2518,57.8703,50.0,0.0,-2.3592,-2.7045,102.1961,55.5111,50.0314,-0.0314,-2.4494,-2.8062,152.1675,53.0617,,,25.8,0.6
2661,00h 44m 21s,56.714,False,False,2.2739,60.1906,50.0314,-0.0314,-2.2341,-2.5593,52.2554,57.9566,50.0,0.0,-2.3589,-2.7041,102.1997,55.5977,50.0314,-0.0314,-2.4866,-2.8489,152.1692,53.111,,,26.1,0.6
2662,00h 44m 22s,56.782,False,False,2.2762,60.2386,50.0313,-0.0313,-2.1958,-2.5154,52.2594,58.0429,50.0,0.0,-2.3584,-2.7035,102.2037,55.6845,50.0313,-0.0313,-2.524,-2.8917,152.1713,53.1605,,,26.7,0.6
2663,00h 44m 23s,56.806,False,False,2.2791,60.2871,50.0306,-0.0306,-2.2443,-2.5711,52.2594,58.0428,50.0,0.0,-2.3583,-2.7034,102.2037,55.6845,50.0307,-0.0307,-2.475,-2.8356,152.1731,53.2095,,,26.7,0.6
2664,00h 44m 24s,56.83,False,False,2.282,60.3351,50.0299,-0.0299,-2.2925,-2.6264,52.2593,58.0426,50.0,0.0,-2.3578,-2.7028,102.2037,55.6848,50.0313,-0.0313,-2.4259,-2.7792,152.1761,53.2589,,,26.7,0.6
2665,00h 44m 25s,56.855,False,False,2.2843,60.3838,50.0298,-0.0298,-2.3413,-2.6824,52.2593,58.0425,50.0,0.0,-2.3577,-2.7027,102.2037,55.6848,50.0316,-0.0316,-2.3769,-2.723,152.1788,53.308,,,26.7,0.6
2666,00h 44m 26s,56.879,False,False,2.2865,60.4319,50.0299,-0.0299,-2.3895,-2.7376,52.2593,58.0423,50.0,0.0,-2.3573,-2.7023,102.2037,55.685,50.0321,-0.0321,-2.328,-2.667,152.1816,53.357,,,26.7,0.6
2667,00h 44m 27s,56.903,False,False,2.289,60.4801,50.0298,-0.0298,-2.4379,-2.7931,52.2593,58.0422,50.0,0.0,-2.357,-2.7019,102.2037,55.6852,50.0325,-0.0325,-2.2791,-2.6108,152.1843,53.4061,,,26.7,0.6
2668,00h 44m 28s,56.971,False,False,2.2912,60.5289,50.0309,-0.0309,-2.4001,-2.7496,52.2645,58.1289,50.0,0.0,-2.357,-2.7019,102.2089,55.7719,50.0309,-0.0309,-2.3168,-2.6541,152.1861,53.4551,,,28.5,0.57
2669,00h 44m 29s,57.039,False,False,2.2937,60.5767,50.0305,-0.0305,-2.3612,-2.7051,52.2684,58.2155,50.0,0.0,-2.3565,-2.7013,102.2129,55.859,50.0305,-0.0305,-2.3547,-2.6976,152.1879,53.5044,,,29.1,0.57
2670,00h 44m 30s,57.082,False,False,2.2937,60.5767,50.0306,-0.0306,-2.2746,-2.6058,52.2725,58.3021,50.0,0.0,-2.3565,-2.7013,102.217,55.9456,50.0305,-0.0305,-2.4412,-2.7968,152.1879,53.5044,,,29.9,0.57
2671,00h 44m 31s,57.125,False,False,2.2937,60.5767,50.0308,-0.0308,-2.1882,-2.5068,52.2766,58.3884,50.0,0.0,-2.3565,-2.7013,102.2211,56.032,50.0307,-0.0307,-2.5276,-2.8959,152.1879,53.5044,,,30.7,0.57
2672,00h 44m 32s,57.125,False,False,2.2937,60.5767,50.0308,-0.0308,-2.1882,-2.5068,52.2766,58.3884,50.0,0.0,-2.3565,-2.7013,102.2211,56.032,50.0307,-0.0307,-2.5276,-2.8959,152.1879,53.5044,,,30.7,0.57
2673,00h 44m 33s,57.125,False,False,2.2937,60.5767,50.0308,-0.0308,-2.1882,-2.5068,52.2766,58.3884,50.0,0.0,-2.3565,-2.7013,102.2211,56.032,50.0307,-0.0307,-2.5276,-2.8959,152.1879,53.5044,,,30.7,0.57
2674,00h 44m 34s,57.125,False,False,2.2937,60.5767,50.0308,-0.0308,-2.1882,-2.5068,52.2766,58.3884,50.0,0.0,-2.3565,-2.7013,102.2211,56.032,50.0307,-0.0307,-2.5276,-2.8959,152.1879,53.5044,,,30.7,0.57
2675,00h 44m 35s,57.125,False,False,2.2937,60.5767,50.0308,-0.0308,-2.1882,-2.5068,52.2766,58.3884,50.0,0.0,-2.3565,-2.7013,102.2211,56.032,50.0307,-0.0307,-2.5276,-2.8959,152.1879,53.5044,,,30.7,0.57
2676,00h 44m 36s,57.125,False,False,2.2937,60.5767,50.0308,-0.0308,-2.1882,-2.5068,52.2766,58.3884,50.0,0.0,-2.3565,-2.7013,102.2211,56.032,50.0307,-0.0307,-2.5276,-2.8959,152.1879,53.5044,,,30.7,0.57
2677,00h 44m 37s,57.125,False,False,2.2937,60.5767,50.0308,-0.0308,-2.1882,-2.5068,52.2766,58.3884,50.0,0.0,-2.3565,-2.7013,102.2211,56.032,50.0307,-0.0307,-2.5276,-2.8959,152.1879,53.5044,,,30.7,0.57
2678,00h 44m 38s,57.125,False,False,2.2937,60.5767,50.0308,-0.0308,-2.1882,-2.5068,52.2766,58.3884,50.0,0.0,-2.3565,-2.7013,102.2211,56.032,50.0307,-0.0307,-2.5276,-2.8959,152.1879,53.5044,,,30.7,0.57
2679,00h 44m 39s,57.125,False,False,2.2937,60.5767,50.0308,-0.0308,-2.1882,-2.5068,52.2766,58.3884,50.0,0.0,-2.3565,-2.7013,102.2211,56.032,50.0307,-0.0307,-2.5276,-2.8959,152.1879,53.5044,,,30.7,0.57
2680,00h 44m 40s,57.125,False,False,2.2937,60.5767,50.0308,-0.0308,-2.1882,-2.5068,52.2766,58.3884,50.0,0.0,-2.3565,-2.7013,102.2211,56.032,50.0307,-0.0307,-2.5276,-2.8959,152.1879,53.5044,,,30.7,0.57
2681,00h 44m 41s,57.125,False,False,2.2937,60.5767,50.0308,-0.0308,-2.1882,-2.5068,52.2766,58.3884,50.0,0.0,-2.3565,-2.7013,102.2211,56.032,50.0307,-0.0307,-2.5276,-2.8959,152.1879,53.5044,,,30.7,0.57
2682,00h 44m 42s,57.125,False,False,2.2937,60.5767,50.0308,-0.0308,-2.1882,-2.5068,52.2766,58.3884,50.0,0.0,-2.3565,-2.7013,102.2211,56.032,50.0307,-0.0307,-2.5276,-2.8959,152.1879,53.5044,,,30.7,0.57
2683,00h 44m 43s,57.125,False,False,2.2937,60.5767,50.0308,-0.0308,-2.1882,-2.5068,52.2766,58.3884,50.0,0.0,-2.3565,-2.7013,102.2211,56.032,50.0307,-0.0307,-2.5276,-2.8959,152.1879,53.5044,,,30.7,0.57
2684,00h 44m 44s,57.125,False,False,2.2937,60.5767,50.0308,-0.0308,-2.1882,-2.5068,52.2766,58.3884,50.0,0.0,-2.3565,-2.7013,102.2211,56.032,50.0307,-0.0307,-2.5276,-2.8959,152.1879,53.5044,,,30.7,0.57
2685,00h 44m 45s,57.125,False,False,2.2937,60.5767,50.0308,-0.0308,-2.1882,-2.5068,52.2766,58.3884,50.0,0.0,-2.3565,-2.7013,102.2211,56.032,50.0307,-0.0307,-2.5276,-2.8959,152.1879,53.5044,,,30.7,0.57
2686,00h 44m 46s,57.125,False,False,2.2937,60.5767,50.0308,-0.0308,-2.1882,-2.5068,52.2766,58.3884,50.0,0.0,-2.3565,-2.7013,102.2211,56.032,50.0307,-0.0307,-2.5276,-2.8959,152.1879,53.5044,,,30.7,0.57
2687,00h 44m 47s,57.125,False,False,2.2937,60.5767,50.0308,-0.0308,-2.1882,-2.5068,52.2766,58.3884,50.0,0.0,-2.3565,-2.7013,102.2211,56.032,50.0307,-0.0307,-2.5276,-2.8959,152.1879,53.5044,,,30.7,0.57
2688,00h 44m 48s,57.125,False,False,2.2937,60.5767,50.0308,-0.0308,-2.1882,-2.5068,52.2766,58.3884,50.0,0.0,-2.3565,-2.7013,102.2211,56.032,50.0307,-0.0307,-2.5276,-2.8959,152.1879,53.5044,,,30.7,0.57
2689,00h 44m 49s,57.125,False,False,2.2937,60.5767,50.0308,-0.0308,-2.1882,-2.5068,52.2766,58.3884,50.0,0.0,-2.3565,-2.7013,102.2211,56.032,50.0307,-0.0307,-2.5276,-2.8959,152.1879,53.5044,,,30.7,0.57
2690,00h 44m 50s,57.125,False,False,2.2937,60.5767,50.0308,-0.0308,-2.1882,-2.5068,52.2766,58.3884,50.0,0.0,-2.3565,-2.7013,102.2211,56.032,50.0307,-0.0307,-2.5276,-2.8959,152.1879,53.5044,,,30.7,0.57
2691,00h 44m 51s,57.125,False,False,2.2937,60.5767,50.0308,-0.0308,-2.1882,-2.5068,52.2766,58.3884,50.0,0.0,-2.3565,-2.7013,102.2211,56.032,50.0307,-0.0307,-2.5276,-2.8959,152.1879,53.5044,,,30.7,0.57
2692,00h 44m 52s,57.125,False,False,2.2937,60.5767,50.0308,-0.0308,-2.1882,-2.5068,52.2766,58.3884,50.0,0.0,-2.3565,-2.7013,102.2211,56.032,50.0307,-0.0307,-2.5276,-2.8959,152.1879,53.5044,,,30.7,0.57
2693,00h 44m 53s,57.125,False,False,2.2937,60.5767,50.0308,-0.0308,-2.1882,-2.5068,52.2766,58.3884,50.0,0.0,-2.3565,-2.7013,102.2211,56.032,50.0307,-0.0307,-2.5276,-2.8959,152.1879,53.5044,,,30.7,0.57
2694,00h 44m 54s,57.125,False,False,2.2937,60.5767,50.0308,-0.0308,-2.1882,-2.5068,52.2766,58.3884,50.0,0.0,-2.3565,-2.7013,102.2211,56.032,50.0307,-0.0307,-2.5276,-2.8959,152.1879,53.5044,,,30.7,0.57
2695,00h 44m 55s,57.125,False,False,2.2937,60.5767,50.0308,-0.0308,-2.1882,-2.5068,52.2766,58.3884,50.0,0.0,-2.3565,-2.7013,102.2211,56.032,50.0307,-0.0307,-2.5276,-2.8959,152.1879,53.5044,,,30.7,0.57
2696,00h 44m 56s,57.125,False,False,2.2937,60.5767,50.0308,-0.0308,-2.1882,-2.5068,52.2766,58.3884,50.0,0.0,-2.3565,-2.7013,102.2211,56.032,50.0307,-0.0307,-2.5276,-2.8959,152.1879,53.5044,,,30.7,0.57
2697,00h 44m 57s,57.125,False,False,2.2937,60.5767,50.0308,-0.0308,-2.1882,-2.5068,52.2766,58.3884,50.0,0.0,-2.3565,-2.7013,102.2211,56.032,50.0307,-0.0307,-2.5276,-2.8959,152.1879,53.5044,,,30.7,0.57
2698,00h 44m 58s,57.125,False,False,2.2937,60.5767,50.0308,-0.0308,-2.1882,-2.5068,52.2766,58.3884,50.0,0.0,-2.3565,-2.7013,102.2211,56.032,50.0307,-0.0307,-2.5276,-2.8959,152.1879,53.5044,,,30.7,0.57
2699,00h 44m 59s,57.125,False,False,2.2937,60.5767,50.0308,-0.0308,-2.1882,-2.5068,52.2766,58.3884,50.0,0.0,-2.3565,-2.7013,102.2211,56.032,50.0307,-0.0307,-2.5276,-2.8959,152.1879,53.5044,,,30.7,0.57
2700,00h 45m 00s,57.15,False,False,2.2963,60.625,50.0303,-0.0303,-2.2367,-2.5624,52.2766,58.3883,50.0,0.0,-2.3562,-2.701,102.2211,56.0321,50.0311,-0.0311,-2.4786,-2.8397,152.1907,53.5534,,,30.7,0.57
2701,00h 45m 01s,57.174,False,False,2.2982,60.6728,50.0306,-0.0306,-2.2848,-2.6174,52.2766,58.3881,50.0,0.0,-2.3557,-2.7004,102.2211,56.0324,50.0315,-0.0315,-2.4296,-2.7835,152.1936,53.6028,,,30.7,0.57
2702,00h 45m 02s,57.199,False,False,2.3002,60.7215,50.0309,-0.0309,-2.3336,-2.6734,52.2766,58.388,50.0,0.0,-2.3555,-2.7002,102.2211,56.0325,50.031,-0.031,-2.3803,-2.727,152.1954,53.6521,,,30.7,0.57
2703,00h 45m 03s,57.223,False,False,2.3024,60.7694,50.0309,-0.0309,-2.3816,-2.7285,52.2766,58.3878,50.0,0.0,-2.3551,-2.6997,102.2211,56.0327,50.0308,-0.0308,-2.3315,-2.671,152.1976,53.7012,,,30.7,0.57
2704,00h 45m 04s,57.247,False,False,2.3043,60.8178,50.0313,-0.0313,-2.4302,-2.7841,52.2766,58.3877,50.0,0.0,-2.3549,-2.6995,102.2211,56.0328,50.0305,-0.0305,-2.2826,-2.6149,152.1995,53.7502,,,30.7,0.57
2705,00h 45m 05s,57.315,False,False,2.3075,60.8659,50.0301,-0.0301,-2.3916,-2.74,52.2804,58.4743,50.0,0.0,-2.3545,-2.6991,102.2249,56.1198,50.0301,-0.0301,-2.3203,-2.6582,152.2012,53.7995,,,31.1,0.57
2706,00h 45m 06s,57.383,False,False,2.3098,60.9145,50.03,-0.03,-2.3538,-2.6966,52.2844,58.5607,50.0,0.0,-2.3544,-2.6989,102.229,56.2063,50.03,-0.03,-2.3578,-2.7012,152.2034,53.8485,,,31.9,0.57
2707,00h 45m 07s,57.45,False,False,2.3119,60.9628,50.0304,-0.0304,-2.3158,-2.6531,52.2887,58.647,50.0,0.0,-2.354,-2.6985,102.2332,56.293,50.0304,-0.0304,-2.395,-2.7439,152.2062,53.898,,,32.8,0.48
2708,00h 45m 08s,57.518,False,False,2.3142,61.0109,50.0305,-0.0305,-2.2774,-2.609,52.2928,58.7335,50.0,0.0,-2.3536,-2.698,102.2374,56.3799,50.0304,-0.0304,-2.4327,-2.787,152.2087,53.9473,,,33.7,0.48
2709,00h 45m 09s,57.586,False,False,2.3164,61.0588,50.03,-0.03,-2.2387,-2.5647,52.2963,58.8201,50.0,0.0,-2.3532,-2.6975,102.2409,56.4669,50.0299,-0.0299,-2.4704,-2.8303,152.2098,53.9965,,,33.8,0.48
2710,00h 45m 10s,57.653,False,False,2.3186,61.1072,50.0298,-0.0298,-2.2007,-2.5212,52.2999,58.9065,50.0,0.0,-2.3529,-2.6972,102.2445,56.5536,50.0297,-0.0297,-2.5079,-2.8733,152.2113,54.0457,,,34.1,0.48
2711,00h 45m 11s,57.678,False,False,2.3206,61.1559,50.03,-0.03,-2.2495,-2.577,52.2999,58.9064,50.0,0.0,-2.3527,-2.697,102.2446,56.5537,50.0292,-0.0292,-2.4587,-2.8169,152.2133,54.095,,,34.1,0.48
2712,00h 45m 12s,57.702,False,False,2.3224,61.2044,50.0303,-0.0303,-2.2981,-2.6328,52.2999,58.9062,50.0,0.0,-2.3524,-2.6966,102.2446,56.5538,50.0299,-0.0299,-2.4095,-2.7605,152.2164,54.1443,,,34.1,0.48
2713,00h 45m 13s,57.726,False,False,2.3251,61.2523,50.0299,-0.0299,-2.3462,-2.6879,52.2999,58.9061,50.0,0.0,-2.3521,-2.6963,102.2446,56.554,50.0296,-0.0296,-2.3607,-2.7046,152.2185,54.1933,,,34.1,0.48
2714,00h 45m 14s,57.751,False,False,2.3268,61.3004,50.0305,-0.0305,-2.3946,-2.7434,52.2999,58.9059,50.0,0.0,-2.3516,-2.6958,102.2446,56.5542,50.0289,-0.0289,-2.3115,-2.6481,152.22,54.2428,,,34.1,0.48
2715,00h 45m 15s,57.775,False,False,2.3284,61.3488,50.0311,-0.0311,-2.4431,-2.7989,52.2999,58.9057,50.0,0.0,-2.3513,-2.6954,102.2446,56.5544,50.0289,-0.0289,-2.2624,-2.5919,152.2223,54.292,,,34.1,0.48
2716,00h 45m 16s,57.843,False,False,2.3302,61.3975,50.0303,-0.0303,-2.4052,-2.7556,52.3026,58.9923,50.0,0.0,-2.3511,-2.6951,102.2473,56.6412,50.0303,-0.0303,-2.2998,-2.6347,152.2247,54.3414,,,33.5,0.48
2717,00h 45m 17s,57.911,False,False,2.3328,61.446,50.0302,-0.0302,-2.3669,-2.7117,52.307,59.0791,50.0,0.0,-2.3509,-2.6949,102.2517,56.7282,50.0302,-0.0302,-2.3376,-2.6781,152.2273,54.3906,,,34.5,0.48
2718,00h 45m 18s,57.979,False,False,2.3334,61.4948,50.0315,-0.0315,-2.3293,-2.6685,52.3107,59.1655,50.0,0.0,-2.3506,-2.6946,102.2554,56.8149,50.0315,-0.0315,-2.3749,-2.7207,152.2305,54.44,,,34.9,0.23
2719,00h 45m 19s,58.046,False,False,2.3362,61.5428,50.0313,-0.0313,-2.291,-2.6245,52.315,59.2518,50.0,0.0,-2.3502,-2.6941,102.2598,56.9017,50.0313,-0.0313,-2.4123,-2.7636,152.2329,54.4894,,,36.0,0.23
2720,00h 45m 20s,58.114,False,False,2.3386,61.5907,50.0312,-0.0312,-2.2525,-2.5804,52.3191,59.3382,50.0,0.0,-2.3497,-2.6935,102.2638,56.9886,50.0311,-0.0311,-2.4498,-2.8066,152.2349,54.5388,,,36.7,0.23
2721,00h 45m 21s,58.182,False,False,2.3411,61.6394,50.0316,-0.0316,-2.2149,-2.5373,52.3236,59.4246,50.0,0.0,-2.3495,-2.6933,102.2684,57.0751,50.0315,-0.0315,-2.4871,-2.8494,152.238,54.588,,,37.9,0.23
2722,00h 45m 22s,58.249,False,False,2.3433,61.6877,50.0313,-0.0313,-2.1765,-2.4933,52.3272,59.5112,50.0,0.0,-2.3492,-2.693,102.272,57.162,50.0312,-0.0312,-2.5249,-2.8928,152.2394,54.6371,,,38.2,0.23
2723,00h 45m 23s,58.274,False,False,2.3463,61.7361,50.0304,-0.0304,-2.225,-2.5489,52.3272,59.5111,50.0,0.0,-2.3491,-2.6928,102.272,57.1621,50.031,-0.031,-2.476,-2.8367,152.2416,54.6861,,,38.2,0.23
2724,00h 45m 24s,58.298,False,False,2.3495,61.7848,50.0294,-0.0294,-2.2737,-2.6048,52.3272,59.5111,50.0,0.0,-2.349,-2.6927,102.272,57.1621,50.0301,-0.0301,-2.4271,-2.7806,152.2432,54.7351,,,38.2,0.23
2725,00h 45m 25s,58.323,False,False,2.3513,61.8333,50.0298,-0.0298,-2.3223,-2.6606,52.3272,59.511,50.0,0.0,-2.3487,-2.6924,102.272,57.1623,50.0299,-0.0299,-2.3778,-2.7242,152.2454,54.7844,,,38.2,0.23
2726,00h 45m 26s,58.347,False,False,2.3526,61.882,50.0308,-0.0308,-2.3711,-2.7164,52.3272,59.5109,50.0,0.0,-2.3485,-2.6922,102.272,57.1623,50.0304,-0.0304,-2.3288,-2.668,152.2482,54.8335,,,38.2,0.23
2727,00h 45m 27s,58.372,False,False,2.3539,61.9307,50.0319,-0.0319,-2.4199,-2.7723,52.3272,59.5108,50.0,0.0,-2.3484,-2.692,102.272,57.1624,50.03,-0.03,-2.2798,-2.6117,152.25,54.8827,,,38.2,0.23
2728,00h 45m 28s,58.439,False,False,2.3556,61.9787,50.0312,-0.0312,-2.3813,-2.7281,52.3302,59.5974,50.0,0.0,-2.348,-2.6916,102.275,57.2494,50.0313,-0.0313,-2.3176,-2.6551,152.2526,54.9318,,,37.8,0.23
2729,00h 45m 29s,58.507,False,False,2.3574,62.0274,50.0318,-0.0318,-2.3432,-2.6844,52.3343,59.6842,50.0,0.0,-2.3478,-2.6914,102.2791,57.3364,50.0318,-0.0318,-2.3554,-2.6983,152.2554,54.981,,,38.6,0.41
2730,00h 45m 30s,58.551,False,False,2.3574,62.0274,50.0319,-0.0319,-2.2567,-2.5852,52.3384,59.7707,50.0,0.0,-2.3478,-2.6914,102.2832,57.4229,50.0318,-0.0318,-2.4419,-2.7976,152.2554,54.981,,,39.4,0.41
2731,00h 45m 31s,58.594,False,False,2.3574,62.0274,50.0321,-0.0321,-2.1702,-2.4861,52.3425,59.8572,50.0,0.0,-2.3478,-2.6914,102.2873,57.5094,50.032,-0.032,-2.5284,-2.8967,152.2554,54.981,,,40.1,0.41
2732,00h 45m 32s,58.594,False,False,2.3574,62.0274,50.0321,-0.0321,-2.1702,-2.4861,52.3425,59.8572,50.0,0.0,-2.3478,-2.6914,102.2873,57.5094,50.032,-0.032,-2.5284,-2.8967,152.2554,54.981,,,40.1,0.41
2733,00h 45m 33s,58.594,False,False,2.3574,62.0274,50.0321,-0.0321,-2.1702,-2.4861,52.3425,59.8572,50.0,0.0,-2.3478,-2.6914,102.2873,57.5094,50.032,-0.032,-2.5284,-2.8967,152.2554,54.981,,,40.1,0.41
2734,00h 45m 34s,58.594,False,False,2.3574,62.0274,50.0321,-0.0321,-2.1702,-2.4861,52.3425,59.8572,50.0,0.0,-2.3478,-2.6914,102.2873,57.5094,50.032,-0.032,-2.5284,-2.8967,152.2554,54.981,,,40.1,0.41
2735,00h 45m 35s,58.594,False,False,2.3574,62.0274,50.0321,-0.0321,-2.1702,-2.4861,52.3425,59.8572,50.0,0.0,-2.3478,-2.6914,102.2873,57.5094,50.032,-0.032,-2.5284,-2.8967,152.2554,54.981,,,40.1,0.41
2736,00h 45m 36s,58.594,False,False,2.3574,62.0274,50.0321,-0.0321,-2.1702,-2.4861,52.3425,59.8572,50.0,0.0,-2.3478,-2.6914,102.2873,57.5094,50.032,-0.032,-2.5284,-2.8967,152.2554,54.981,,,40.1,0.41
2737,00h 45m 37s,58.594,False,False,2.3574,62.0274,50.0321,-0.0321,-2.1702,-2.4861,52.3425,59.8572,50.0,0.0,-2.3478,-2.6914,102.2873,57.5094,50.032,-0.032,-2.5284,-2.8967,152.2554,54.981,,,40.1,0.41
2738,00h 45m 38s,58.594,False,False,2.3574,62.0274,50.0321,-0.0321,-2.1702,-2.4861,52.3425,59.8572,50.0,0.0,-2.3478,-2.6914,102.2873,57.5094,50.032,-0.032,-2.5284,-2.8967,152.2554,54.981,,,40.1,0.41
2739,00h 45m 39s,58.594,False,False,2.3574,62.0274,50.0321,-0.0321,-2.1702,-2.4861,52.3425,59.8572,50.0,0.0,-2.3478,-2.6914,102.2873,57.5094,50.032,-0.032,-2.5284,-2.8967,152.2554,54.981,,,40.1,0.41
2740,00h 45m 40s,58.594,False,False,2.3574,62.0274,50.0321,-0.0321,-2.1702,-2.4861,52.3425,59.8572,50.0,0.0,-2.3478,-2.6914,102.2873,57.5094,50.032,-0.032,-2.5284,-2.8967,152.2554,54.981,,,40.1,0.41
2741,00h 45m 41s,58.594,False,False,2.3574,62.0274,50.0321,-0.0321,-2.1702,-2.4861,52.3425,59.8572,50.0,0.0,-2.3478,-2.6914,102.2873,57.5094,50.032,-0.032,-2.5284,-2.8967,152.2554,54.981,,,40.1,0.41
2742,00h 45m 42s,58.594,False,False,2.3574,62.0274,50.0321,-0.0321,-2.1702,-2.4861,52.3425,59.8572,50.0,0.0,-2.3478,-2.6914,102.2873,57.5094,50.032,-0.032,-2.5284,-2.8967,152.2554,54.981,,,40.1,0.41
2743,00h 45m 43s,58.594,False,False,2.3574,62.0274,50.0321,-0.0321,-2.1702,-2.4861,52.3425,59.8572,50.0,0.0,-2.3478,-2.6914,102.2873,57.5094,50.032,-0.032,-2.5284,-2.8967,152.2554,54.981,,,40.1,0.41
2744,00h 45m 44s,58.594,False,False,2.3574,62.0274,50.0321,-0.0321,-2.1702,-2.4861,52.3425,59.8572,50.0,0.0,-2.3478,-2.6914,102.2873,57.5094,50.032,-0.032,-2.5284,-2.8967,152.2554,54.981,,,40.1,0.41
2745,00h 45m 45s,58.594,False,False,2.3574,62.0274,50.0321,-0.0321,-2.1702,-2.4861,52.3425,59.8572,50.0,0.0,-2.3478,-2.6914,102.2873,57.5094,50.032,-0.032,-2.5284,-2.8967,152.2554,54.981,,,40.1,0.41
2746,00h 45m 46s,58.594,False,False,2.3574,62.0274,50.0321,-0.0321,-2.1702,-2.4861,52.3425,59.8572,50.0,0.0,-2.3478,-2.6914,102.2873,57.5094,50.032,-0.032,-2.5284,-2.8967,152.2554,54.981,,,40.1,0.41
2747,00h 45m 47s,58.594,False,False,2.3574,62.0274,50.0321,-0.0321,-2.1702,-2.4861,52.3425,59.8572,50.0,0.0,-2.3478,-2.6914,102.2873,57.5094,50.032,-0.032,-2.5284,-2.8967,152.2554,54.981,,,40.1,0.41
2748,00h 45m 48s,58.594,False,False,2.3574,62.0274,50.0321,-0.0321,-2.1702,-2.4861,52.3425,59.8572,50.0,0.0,-2.3478,-2.6914,102.2873,57.5094,50.032,-0.032,-2.5284,-2.8967,152.2554,54.981,,,40.1,0.41
2749,00h 45m 49s,58.594,False,False,2.3574,62.0274,50.0321,-0.0321,-2.1702,-2.4861,52.3425,59.8572,50.0,0.0,-2.3478,-2.6914,102.2873,57.5094,50.032,-0.032,-2.5284,-2.8967,152.2554,54.981,,,40.1,0.41
2750,00h 45m 50s,58.594,False,False,2.3574,62.0274,50.0321,-0.0321,-2.1702,-2.4861,52.3425,59.8572,50.0,0.0,-2.3478,-2.6914,102.2873,57.5094,50.032,-0.032,-2.5284,-2.8967,152.2554,54.981,,,40.1,0.41
2751,00h 45m 51s,58.594,False,False,2.3574,62.0274,50.0321,-0.0321,-2.1702,-2.4861,52.3425,59.8572,50.0,0.0,-2.3478,-2.6914,102.2873,57.5094,50.032,-0.032,-2.5284,-2.8967,152.2554,54.981,,,40.1,0.41
2752,00h 45m 52s,58.594,False,False,2.3574,62.0274,50.0321,-0.0321,-2.1702,-2.4861,52.3425,59.8572,50.0,0.0,-2.3478,-2.6914,102.2873,57.5094,50.032,-0.032,-2.5284,-2.8967,152.2554,54.981,,,40.1,0.41
2753,00h 45m 53s,58.594,False,False,2.3574,62.0274,50.0321,-0.0321,-2.1702,-2.4861,52.3425,59.8572,50.0,0.0,-2.3478,-2.6914,102.2873,57.5094,50.032,-0.032,-2.5284,-2.8967,152.2554,54.981,,,40.1,0.41
2754,00h 45m 54s,58.594,False,False,2.3574,62.0274,50.0321,-0.0321,-2.1702,-2.4861,52.3425,59.8572,50.0,0.0,-2.3478,-2.6914,102.2873,57.5094,50.032,-0.032,-2.5284,-2.8967,152.2554,54.981,,,40.1,0.41
2755,00h 45m 55s,58.594,False,False,2.3574,62.0274,50.0321,-0.0321,-2.1702,-2.4861,52.3425,59.8572,50.0,0.0,-2.3478,-2.6914,102.2873,57.5094,50.032,-0.032,-2.5284,-2.8967,152.2554,54.981,,,40.1,0.41
2756,00h 45m 56s,58.594,False,False,2.3574,62.0274,50.0321,-0.0321,-2.1702,-2.4861,52.3425,59.8572,50.0,0.0,-2.3478,-2.6914,102.2873,57.5094,50.032,-0.032,-2.5284,-2.8967,152.2554,54.981,,,40.1,0.41
2757,00h 45m 57s,58.594,False,False,2.3574,62.0274,50.0321,-0.0321,-2.1702,-2.4861,52.3425,59.8572,50.0,0.0,-2.3478,-2.6914,102.2873,57.5094,50.032,-0.032,-2.5284,-2.8967,152.2554,54.981,,,40.1,0.41
2758,00h 45m 58s,58.594,False,False,2.3574,62.0274,50.0321,-0.0321,-2.1702,-2.4861,52.3425,59.8572,50.0,0.0,-2.3478,-2.6914,102.2873,57.5094,50.032,-0.032,-2.5284,-2.8967,152.2554,54.981,,,40.1,0.41
2759,00h 45m 59s,58.594,False,False,2.3574,62.0274,50.0321,-0.0321,-2.1702,-2.4861,52.3425,59.8572,50.0,0.0,-2.3478,-2.6914,102.2873,57.5094,50.032,-0.032,-2.5284,-2.8967,152.2554,54.981,,,40.1,0.41
2760,00h 46m 00s,58.618,False,False,2.3598,62.0759,50.0319,-0.0319,-2.2189,-2.5418,52.3425,59.857,50.0,0.0,-2.3475,-2.691,102.2873,57.5095,50.0321,-0.0321,-2.4792,-2.8403,152.258,55.0303,,,40.1,0.41
2761,00h 46m 01s,58.643,False,False,2.3619,62.1246,50.032,-0.032,-2.2676,-2.5977,52.3424,59.857,50.0,0.0,-2.3474,-2.6909,102.2873,57.5096,50.0316,-0.0316,-2.4301,-2.7841,152.2599,55.0795,,,40.1,0.41
2762,00h 46m 02s,58.667,False,False,2.3641,62.1725,50.0319,-0.0319,-2.3157,-2.6529,52.3424,59.8567,50.0,0.0,-2.3469,-2.6903,102.2873,57.5098,50.0311,-0.0311,-2.3809,-2.7277,152.2618,55.1289,,,40.1,0.41
2763,00h 46m 03s,58.691,False,False,2.3657,62.2204,50.0326,-0.0326,-2.3639,-2.7081,52.3424,59.8565,50.0,0.0,-2.3464,-2.6897,102.2873,57.5101,50.0315,-0.0315,-2.3319,-2.6714,152.2645,55.1782,,,40.1,0.41
2764,00h 46m 04s,58.716,False,False,2.3681,62.2682,50.0325,-0.0325,-2.412,-2.7632,52.3424,59.8562,50.0,0.0,-2.346,-2.6893,102.2874,57.5103,50.0308,-0.0308,-2.2829,-2.6153,152.266,55.2274,,,40.1,0.41
2765,00h 46m 05s,58.783,False,False,2.3714,62.3162,50.0316,-0.0316,-2.3737,-2.7194,52.3467,59.9425,50.0,0.0,-2.3456,-2.6888,102.2916,57.597,50.0316,-0.0316,-2.3204,-2.6583,152.2694,55.2766,,,41.1,0.41
2766,00h 46m 06s,58.851,False,False,2.3726,62.3643,50.0327,-0.0327,-2.3355,-2.6755,52.3507,60.0289,50.0,0.0,-2.3452,-2.6884,102.2957,57.6837,50.0327,-0.0327,-2.358,-2.7013,152.2727,55.3257,,,41.8,0.41
2767,00h 46m 07s,58.918,False,False,2.375,62.4122,50.0327,-0.0327,-2.2967,-2.631,52.355,60.1155,50.0,0.0,-2.3448,-2.6879,102.3,57.7707,50.0327,-0.0327,-2.3959,-2.7448,152.2753,55.3748,,,42.8,0.41
2768,00h 46m 08s,58.986,False,False,2.3784,62.4608,50.0321,-0.0321,-2.2586,-2.5874,52.3594,60.2022,50.0,0.0,-2.3446,-2.6877,102.3044,57.8576,50.032,-0.032,-2.4335,-2.7879,152.2773,55.4241,,,43.9,0.58
2769,00h 46m 09s,59.054,False,False,2.3807,62.5096,50.0323,-0.0323,-2.2209,-2.5442,52.3637,60.2887,50.0,0.0,-2.3445,-2.6875,102.3087,57.9443,50.0323,-0.0323,-2.471,-2.8309,152.2799,55.4732,,,44.8,0.58
2770,00h 46m 10s,59.122,False,False,2.3832,62.5579,50.0318,-0.0318,-2.1825,-2.5002,52.3674,60.3753,50.0,0.0,-2.3441,-2.6871,102.3124,58.0312,50.0317,-0.0317,-2.5086,-2.874,152.2812,55.5226,,,45.2,0.58
2771,00h 46m 11s,59.146,False,False,2.3862,62.6063,50.031,-0.031,-2.2311,-2.556,52.3674,60.3752,50.0,0.0,-2.3438,-2.6868,102.3124,58.0314,50.0311,-0.0311,-2.4594,-2.8176,152.2831,55.572,,,45.2,0.58
2772,00h 46m 12s,59.17,False,False,2.3887,62.6543,50.0306,-0.0306,-2.2793,-2.6111,52.3674,60.375,50.0,0.0,-2.3434,-2.6864,102.3124,58.0316,50.0304,-0.0304,-2.4105,-2.7616,152.2847,55.6211,,,45.2,0.58
2773,00h 46m 13s,59.195,False,False,2.392,62.7025,50.0295,-0.0295,-2.3276,-2.6667,52.3674,60.3749,50.0,0.0,-2.3431,-2.686,102.3125,58.0317,50.03,-0.03,-2.3615,-2.7054,152.2867,55.6703,,,45.2,0.58
2774,00h 46m 14s,59.219,False,False,2.3936,62.7507,50.0302,-0.0302,-2.376,-2.7221,52.3674,60.3747,50.0,0.0,-2.3428,-2.6856,102.3125,58.0319,50.0298,-0.0298,-2.3123,-2.6491,152.2888,55.7196,,,45.2,0.58
2775,00h 46m 15s,59.244,False,False,2.3963,62.7992,50.0298,-0.0298,-2.4246,-2.7778,52.3674,60.3745,50.0,0.0,-2.3425,-2.6853,102.3125,58.032,50.0305,-0.0305,-2.2632,-2.5927,152.2917,55.7688,,,45.2,0.58
2776,00h 46m 16s,59.311,False,False,2.3981,62.8475,50.0306,-0.0306,-2.3862,-2.7337,52.3718,60.4613,50.0,0.0,-2.3422,-2.685,102.3169,58.1191,50.0307,-0.0307,-2.3012,-2.6363,152.2946,55.8179,,,46.3,0.58
2777,00h 46m 17s,59.379,False,False,2.3999,62.8955,50.0307,-0.0307,-2.3473,-2.6892,52.3756,60.5481,50.0,0.0,-2.3419,-2.6846,102.3207,58.2062,50.0307,-0.0307,-2.3393,-2.6799,152.2967,55.867,,,46.7,0.58
2778,00h 46m 18s,59.447,False,False,2.4036,62.9433,50.03,-0.03,-2.3089,-2.6452,52.3803,60.6344,50.0,0.0,-2.3414,-2.684,102.3254,58.293,50.0299,-0.0299,-2.3767,-2.7229,152.2989,55.9164,,,48.1,0.58
2779,00h 46m 19s,59.515,False,False,2.4066,62.992,50.0305,-0.0305,-2.2709,-2.6016,52.3855,60.721,50.0,0.0,-2.3412,-2.6838,102.3307,58.3798,50.0305,-0.0305,-2.4144,-2.7661,152.3028,55.9654,,,50.0,0.68
2780,00h 46m 20s,59.582,False,False,2.4088,63.04,50.031,-0.031,-2.2326,-2.5576,52.3899,60.8074,50.0,0.0,-2.3408,-2.6834,102.3351,58.4666,50.0309,-0.0309,-2.452,-2.8091,152.3059,56.0146,,,51.1,0.68
2781,00h 46m 21s,59.65,False,False,2.412,63.0882,50.0308,-0.0308,-2.1941,-2.5135,52.3946,60.8941,50.0,0.0,-2.3406,-2.6831,102.3398,58.5535,50.0308,-0.0308,-2.4899,-2.8526,152.3086,56.0637,,,52.5,0.68
2782,00h 46m 22s,59.717,False,False,2.4148,63.1368,50.0308,-0.0308,-2.1565,-2.4704,52.3991,60.9803,50.0,0.0,-2.3404,-2.6828,102.3443,58.64,50.0308,-0.0308,-2.5271,-2.8953,152.3112,56.1128,,,53.6,0.68
2783,00h 46m 23s,59.742,False,False,2.4167,63.1846,50.031,-0.031,-2.2045,-2.5255,52.3991,60.9801,50.0,0.0,-2.3398,-2.6822,102.3443,58.6402,50.031,-0.031,-2.478,-2.839,152.3139,56.1622,,,53.6,0.68
2784,00h 46m 24s,59.766,False,False,2.4187,63.2333,50.0311,-0.0311,-2.2534,-2.5814,52.3991,60.98,50.0,0.0,-2.3396,-2.682,102.3443,58.6403,50.032,-0.032,-2.4289,-2.7826,152.3173,56.2115,,,53.6,0.68
2785,00h 46m 25s,59.791,False,False,2.4209,63.2817,50.0311,-0.0311,-2.3019,-2.637,52.3991,60.9798,50.0,0.0,-2.3394,-2.6817,102.3443,58.6405,50.0314,-0.0314,-2.3798,-2.7264,152.3191,56.2607,,,53.6,0.68
2786,00h 46m 26s,59.815,False,False,2.4237,63.3303,50.0307,-0.0307,-2.3506,-2.6929,52.3991,60.9798,50.0,0.0,-2.3392,-2.6815,102.3443,58.6405,50.0306,-0.0306,-2.3307,-2.6701,152.3206,56.3098,,,53.6,0.68
2787,00h 46m 27s,59.84,False,False,2.4247,63.3785,50.0319,-0.0319,-2.399,-2.7483,52.3991,60.9795,50.0,0.0,-2.3388,-2.681,102.3443,58.6408,50.0305,-0.0305,-2.2815,-2.6137,152.3228,56.3593,,,53.6,0.68
2788,00h 46m 28s,59.907,False,False,2.4261,63.4272,50.032,-0.032,-2.3609,-2.7046,52.4023,61.0663,50.0,0.0,-2.3386,-2.6808,102.3476,58.7277,50.032,-0.032,-2.3193,-2.6569,152.3258,56.4085,,,53.6,0.68
2789,00h 46m 29s,59.975,False,False,2.4279,63.4753,50.0324,-0.0324,-2.3225,-2.6607,52.4064,61.1528,50.0,0.0,-2.3383,-2.6805,102.3517,58.8145,50.0324,-0.0324,-2.3571,-2.7002,152.3285,56.4575,,,54.3,0.68
2790,00h 46m 30s,60.018,False,False,2.4279,63.4753,50.0325,-0.0325,-2.2361,-2.5616,52.4105,61.2392,50.0,0.0,-2.3383,-2.6805,102.3558,58.901,50.0325,-0.0325,-2.4435,-2.7993,152.3285,56.4575,,,55.1,0.56
2791,00h 46m 31s,60.018,False,False,2.4279,63.4753,50.0325,-0.0325,-2.2361,-2.5616,52.4105,61.2392,50.0,0.0,-2.3383,-2.6805,102.3558,58.901,50.0325,-0.0325,-2.4435,-2.7993,152.3285,56.4575,,,55.1,0.56
2792,00h 46m 32s,60.018,False,False,2.4279,63.4753,50.0325,-0.0325,-2.2361,-2.5616,52.4105,61.2392,50.0,0.0,-2.3383,-2.6805,102.3558,58.901,50.0325,-0.0325,-2.4435,-2.7993,152.3285,56.4575,,,55.1,0.56
2793,00h 46m 33s,60.018,False,False,2.4279,63.4753,50.0325,-0.0325,-2.2361,-2.5616,52.4105,61.2392,50.0,0.0,-2.3383,-2.6805,102.3558,58.901,50.0325,-0.0325,-2.4435,-2.7993,152.3285,56.4575,,,55.1,0.56
2794,00h 46m 34s,60.018,False,False,2.4279,63.4753,50.0325,-0.0325,-2.2361,-2.5616,52.4105,61.2392,50.0,0.0,-2.3383,-2.6805,102.3558,58.901,50.0325,-0.0325,-2.4435,-2.7993,152.3285,56.4575,,,55.1,0.56
2795,00h 46m 35s,60.018,False,False,2.4279,63.4753,50.0325,-0.0325,-2.2361,-2.5616,52.4105,61.2392,50.0,0.0,-2.3383,-2.6805,102.3558,58.901,50.0325,-0.0325,-2.4435,-2.7993,152.3285,56.4575,,,55.1,0.56
2796,00h 46m 36s,60.018,False,False,2.4279,63.4753,50.0325,-0.0325,-2.2361,-2.5616,52.4105,61.2392,50.0,0.0,-2.3383,-2.6805,102.3558,58.901,50.0325,-0.0325,-2.4435,-2.7993,152.3285,56.4575,,,55.1,0.56
2797,00h 46m 37s,60.018,False,False,2.4279,63.4753,50.0325,-0.0325,-2.2361,-2.5616,52.4105,61.2392,50.0,0.0,-2.3383,-2.6805,102.3558,58.901,50.0325,-0.0325,-2.4435,-2.7993,152.3285,56.4575,,,55.1,0.56
2798,00h 46m 38s,60.018,False,False,2.4279,63.4753,50.0325,-0.0325,-2.2361,-2.5616,52.4105,61.2392,50.0,0.0,-2.3383,-2.6805,102.3558,58.901,50.0325,-0.0325,-2.4435,-2.7993,152.3285,56.4575,,,55.1,0.56
2799,00h 46m 39s,60.018,False,False,2.4279,63.4753,50.0325,-0.0325,-2.2361,-2.5616,52.4105,61.2392,50.0,0.0,-2.3383,-2.6805,102.3558,58.901,50.0325,-0.0325,-2.4435,-2.7993,152.3285,56.4575,,,55.1,0.56
2800,00h 46m 40s,60.018,False,False,2.4279,63.4753,50.0325,-0.0325,-2.2361,-2.5616,52.4105,61.2392,50.0,0.0,-2.3383,-2.6805,102.3558,58.901,50.0325,-0.0325,-2.4435,-2.7993,152.3285,56.4575,,,55.1,0.56
2801,00h 46m 41s,60.018,False,False,2.4279,63.4753,50.0325,-0.0325,-2.2361,-2.5616,52.4105,61.2392,50.0,0.0,-2.3383,-2.6805,102.3558,58.901,50.0325,-0.0325,-2.4435,-2.7993,152.3285,56.4575,,,55.1,0.56
2802,00h 46m 42s,60.018,False,False,2.4279,63.4753,50.0325,-0.0325,-2.2361,-2.5616,52.4105,61.2392,50.0,0.0,-2.3383,-2.6805,102.3558,58.901,50.0325,-0.0325,-2.4435,-2.7993,152.3285,56.4575,,,55.1,0.56
2803,00h 46m 43s,60.018,False,False,2.4279,63.4753,50.0325,-0.0325,-2.2361,-2.5616,52.4105,61.2392,50.0,0.0,-2.3383,-2.6805,102.3558,58.901,50.0325,-0.0325,-2.4435,-2.7993,152.3285,56.4575,,,55.1,0.56
2804,00h 46m 44s,60.018,False,False,2.4279,63.4753,50.0325,-0.0325,-2.2361,-2.5616,52.4105,61.2392,50.0,0.0,-2.3383,-2.6805,102.3558,58.901,50.0325,-0.0325,-2.4435,-2.7993,152.3285,56.4575,,,55.1,0.56
2805,00h 46m 45s,60.018,False,False,2.4279,63.4753,50.0325,-0.0325,-2.2361,-2.5616,52.4105,61.2392,50.0,0.0,-2.3383,-2.6805,102.3558,58.901,50.0325,-0.0325,-2.4435,-2.7993,152.3285,56.4575,,,55.1,0.56
2806,00h 46m 46s,60.018,False,False,2.4279,63.4753,50.0325,-0.0325,-2.2361,-2.5616,52.4105,61.2392,50.0,0.0,-2.3383,-2.6805,102.3558,58.901,50.0325,-0.0325,-2.4435,-2.7993,152.3285,56.4575,,,55.1,0.56
2807,00h 46m 47s,60.018,False,False,2.4279,63.4753,50.0325,-0.0325,-2.2361,-2.5616,52.4105,61.2392,50.0,0.0,-2.3383,-2.6805,102.3558,58.901,50.0325,-0.0325,-2.4435,-2.7993,152.3285,56.4575,,,55.1,0.56
2808,00h 46m 48s,60.018,False,False,2.4279,63.4753,50.0325,-0.0325,-2.2361,-2.5616,52.4105,61.2392,50.0,0.0,-2.3383,-2.6805,102.3558,58.901,50.0325,-0.0325,-2.4435,-2.7993,152.3285,56.4575,,,55.1,0.56
2809,00h 46m 49s,60.018,False,False,2.4279,63.4753,50.0325,-0.0325,-2.2361,-2.5616,52.4105,61.2392,50.0,0.0,-2.3383,-2.6805,102.3558,58.901,50.0325,-0.0325,-2.4435,-2.7993,152.3285,56.4575,,,55.1,0.56
2810,00h 46m 50s,60.018,False,False,2.4279,63.4753,50.0325,-0.0325,-2.2361,-2.5616,52.4105,61.2392,50.0,0.0,-2.3383,-2.6805,102.3558,58.901,50.0325,-0.0325,-2.4435,-2.7993,152.3285,56.4575,,,55.1,0.56
2811,00h 46m 51s,60.018,False,False,2.4279,63.4753,50.0325,-0.0325,-2.2361,-2.5616,52.4105,61.2392,50.0,0.0,-2.3383,-2.6805,102.3558,58.901,50.0325,-0.0325,-2.4435,-2.7993,152.3285,56.4575,,,55.1,0.56
2812,00h 46m 52s,60.018,False,False,2.4279,63.4753,50.0325,-0.0325,-2.2361,-2.5616,52.4105,61.2392,50.0,0.0,-2.3383,-2.6805,102.3558,58.901,50.0325,-0.0325,-2.4435,-2.7993,152.3285,56.4575,,,55.1,0.56
2813,00h 46m 53s,60.018,False,False,2.4279,63.4753,50.0325,-0.0325,-2.2361,-2.5616,52.4105,61.2392,50.0,0.0,-2.3383,-2.6805,102.3558,58.901,50.0325,-0.0325,-2.4435,-2.7993,152.3285,56.4575,,,55.1,0.56
2814,00h 46m 54s,60.018,False,False,2.4279,63.4753,50.0325,-0.0325,-2.2361,-2.5616,52.4105,61.2392,50.0,0.0,-2.3383,-2.6805,102.3558,58.901,50.0325,-0.0325,-2.4435,-2.7993,152.3285,56.4575,,,55.1,0.56
2815,00h 46m 55s,60.018,False,False,2.4279,63.4753,50.0325,-0.0325,-2.2361,-2.5616,52.4105,61.2392,50.0,0.0,-2.3383,-2.6805,102.3558,58.901,50.0325,-0.0325,-2.4435,-2.7993,152.3285,56.4575,,,55.1,0.56
2816,00h 46m 56s,60.018,False,False,2.4279,63.4753,50.0325,-0.0325,-2.2361,-2.5616,52.4105,61.2392,50.0,0.0,-2.3383,-2.6805,102.3558,58.901,50.0325,-0.0325,-2.4435,-2.7993,152.3285,56.4575,,,55.1,0.56
2817,00h 46m 57s,60.018,False,False,2.4279,63.4753,50.0325,-0.0325,-2.2361,-2.5616,52.4105,61.2392,50.0,0.0,-2.3383,-2.6805,102.3558,58.901,50.0325,-0.0325,-2.4435,-2.7993,152.3285,56.4575,,,55.1,0.56
2818,00h 46m 58s,60.018,False,False,2.4279,63.4753,50.0325,-0.0325,-2.2361,-2.5616,52.4105,61.2392,50.0,0.0,-2.3383,-2.6805,102.3558,58.901,50.0325,-0.0325,-2.4435,-2.7993,152.3285,56.4575,,,55.1,0.56
2819,00h 46m 59s,60.018,False,False,2.4279,63.4753,50.0325,-0.0325,-2.2361,-2.5616,52.4105,61.2392,50.0,0.0,-2.3383,-2.6805,102.3558,58.901,50.0325,-0.0325,-2.4435,-2.7993,152.3285,56.4575,,,55.1,0.56
2820,00h 47m 00s,60.043,False,False,2.432,63.5235,50.0307,-0.0307,-2.2844,-2.617,52.4105,61.239,50.0,0.0,-2.3379,-2.68,102.3558,58.9012,50.0323,-0.0323,-2.3943,-2.7429,152.3307,56.5069,,,55.1,0.56
2821,00h 47m 01s,60.067,False,False,2.4343,63.5714,50.0306,-0.0306,-2.3325,-2.6722,52.4105,61.2389,50.0,0.0,-2.3375,-2.6796,102.3558,58.9013,50.0328,-0.0328,-2.3455,-2.6869,152.3335,56.5559,,,55.1,0.56
2822,00h 47m 02s,60.091,False,False,2.4363,63.6201,50.0308,-0.0308,-2.3813,-2.7281,52.4105,61.2388,50.0,0.0,-2.3373,-2.6793,102.3558,58.9014,50.0326,-0.0326,-2.2963,-2.6305,152.3356,56.6052,,,55.1,0.56
2823,00h 47m 03s,60.116,False,False,2.4389,63.6684,50.0306,-0.0306,-2.4298,-2.7837,52.4104,61.2386,50.0,0.0,-2.337,-2.6789,102.3558,58.9016,50.0324,-0.0324,-2.2471,-2.5742,152.3377,56.6545,,,55.1,0.56
2824,00h 47m 04s,60.183,False,False,2.4417,63.7168,50.0312,-0.0312,-2.3919,-2.7403,52.4158,61.3249,50.0,0.0,-2.3367,-2.6786,102.3611,58.9882,50.0313,-0.0313,-2.2843,-2.6169,152.3402,56.7039,,,57.1,0.56
2825,00h 47m 05s,60.251,False,False,2.4442,63.7649,50.0311,-0.0311,-2.3535,-2.6962,52.4198,61.4114,50.0,0.0,-2.3363,-2.6782,102.3652,59.0751,50.0311,-0.0311,-2.322,-2.6601,152.3424,56.7531,,,57.8,0.56
2826,00h 47m 06s,60.319,False,False,2.4476,63.8127,50.0303,-0.0303,-2.3151,-2.6522,52.4243,61.4976,50.0,0.0,-2.3359,-2.6777,102.3697,59.1618,50.0303,-0.0303,-2.3595,-2.7031,152.3444,56.8023,,,59.0,0.56
2827,00h 47m 07s,60.386,False,False,2.4501,63.8608,50.0305,-0.0305,-2.2769,-2.6084,52.4288,61.5839,50.0,0.0,-2.3354,-2.6772,102.3742,59.2485,50.0305,-0.0305,-2.3968,-2.7459,152.3473,56.8517,,,60.2,0.56
2828,00h 47m 08s,60.454,False,False,2.4525,63.9096,50.0308,-0.0308,-2.2393,-2.5653,52.4331,61.6703,50.0,0.0,-2.3353,-2.677,102.3786,59.335,50.0308,-0.0308,-2.4341,-2.7887,152.3501,56.9009,,,61.2,0.56
2829,00h 47m 09s,60.522,False,False,2.4555,63.9584,50.0308,-0.0308,-2.2015,-2.522,52.4378,61.7569,50.0,0.0,-2.3352,-2.6769,102.3832,59.4217,50.0307,-0.0307,-2.4718,-2.8318,152.3528,56.9499,,,62.5,0.82
2830,00h 47m 10s,60.589,False,False,2.4577,64.0071,50.0311,-0.0311,-2.1638,-2.4788,52.442,61.8432,50.0,0.0,-2.3351,-2.6768,102.3874,59.5082,50.031,-0.031,-2.5092,-2.8747,152.3555,56.999,,,63.4,0.82
2831,00h 47m 11s,60.614,False,False,2.4597,64.0552,50.0313,-0.0313,-2.2122,-2.5342,52.442,61.843,50.0,0.0,-2.3347,-2.6763,102.3874,59.5084,50.0313,-0.0313,-2.46,-2.8183,152.3583,57.0484,,,63.4,0.82
2832,00h 47m 12s,60.638,False,False,2.4609,64.104,50.0322,-0.0322,-2.2611,-2.5902,52.442,61.8429,50.0,0.0,-2.3344,-2.676,102.3875,59.5085,50.0315,-0.0315,-2.4108,-2.7619,152.3609,57.0977,,,63.4,0.82
2833,00h 47m 13s,60.663,False,False,2.4627,64.1522,50.0326,-0.0326,-2.3095,-2.6457,52.442,61.8427,50.0,0.0,-2.334,-2.6755,102.3875,59.5087,50.0313,-0.0313,-2.3615,-2.7054,152.363,57.1472,,,63.4,0.82
2834,00h 47m 14s,60.687,False,False,2.4651,64.2009,50.0325,-0.0325,-2.3583,-2.7017,52.442,61.8426,50.0,0.0,-2.3338,-2.6753,102.3875,59.5088,50.0315,-0.0315,-2.3122,-2.6488,152.3655,57.1966,,,63.4,0.82
2835,00h 47m 15s,60.712,False,False,2.4674,64.2495,50.0325,-0.0325,-2.407,-2.7574,52.442,61.8425,50.0,0.0,-2.3336,-2.6751,102.3875,59.5089,50.0312,-0.0312,-2.2632,-2.5928,152.3675,57.2457,,,63.4,0.82
2836,00h 47m 16s,60.779,False,False,2.4695,64.2978,50.0317,-0.0317,-2.3688,-2.7138,52.4451,61.9289,50.0,0.0,-2.3334,-2.6748,102.3906,59.5956,50.0317,-0.0317,-2.3008,-2.6358,152.3694,57.2947,,,63.2,0.82
2837,00h 47m 17s,60.847,False,False,2.4725,64.3461,50.0316,-0.0316,-2.3305,-2.6699,52.4498,62.0156,50.0,0.0,-2.3331,-2.6745,102.3954,59.6825,50.0316,-0.0316,-2.3387,-2.6792,152.3723,57.3438,,,64.6,0.82
2838,00h 47m 18s,60.915,False,False,2.4748,64.394,50.0315,-0.0315,-2.2917,-2.6254,52.4537,62.1023,50.0,0.0,-2.3327,-2.6741,102.3993,59.7696,50.0315,-0.0315,-2.3767,-2.7228,152.3743,57.3929,,,65.2,0.82
2839,00h 47m 19s,60.982,False,False,2.4775,64.4418,50.0309,-0.0309,-2.2532,-2.5813,52.4576,62.1885,50.0,0.0,-2.3322,-2.6735,102.4032,59.8563,50.0308,-0.0308,-2.4141,-2.7657,152.3758,57.4422,,,65.8,0.82
2840,00h 47m 20s,61.05,False,False,2.4796,64.4901,50.031,-0.031,-2.2152,-2.5377,52.4615,62.2749,50.0,0.0,-2.332,-2.6733,102.4071,59.9429,50.0309,-0.0309,-2.4517,-2.8088,152.3779,57.4912,,,66.3,0.42
2841,00h 47m 21s,61.117,False,False,2.4813,64.538,50.0315,-0.0315,-2.1768,-2.4936,52.4654,62.3612,50.0,0.0,-2.3316,-2.6727,102.411,60.0296,50.0314,-0.0314,-2.4893,-2.8519,152.3805,57.5404,,,66.9,0.42
2842,00h 47m 22s,61.142,False,False,2.4844,64.5858,50.0305,-0.0305,-2.2248,-2.5487,52.4654,62.361,50.0,0.0,-2.3312,-2.6723,102.411,60.0298,50.0315,-0.0315,-2.4404,-2.7959,152.383,57.5894,,,66.9,0.42
2843,00h 47m 23s,61.166,False,False,2.4863,64.6342,50.0308,-0.0308,-2.2733,-2.6043,52.4654,62.3609,50.0,0.0,-2.3309,-2.6719,102.411,60.03,50.0316,-0.0316,-2.3913,-2.7395,152.3854,57.6387,,,66.9,0.42
2844,00h 47m 24s,61.19,False,False,2.488,64.6824,50.0313,-0.0313,-2.3217,-2.6598,52.4654,62.3607,50.0,0.0,-2.3306,-2.6716,102.411,60.0301,50.0315,-0.0315,-2.3424,-2.6835,152.3876,57.6877,,,66.9,0.42
2845,00h 47m 25s,61.215,False,False,2.4904,64.7306,50.0311,-0.0311,-2.37,-2.7152,52.4654,62.3606,50.0,0.0,-2.3303,-2.6712,102.411,60.0303,50.0316,-0.0316,-2.2934,-2.6273,152.39,57.7369,,,66.9,0.42
2846,00h 47m 26s,61.239,False,False,2.4932,64.7789,50.0306,-0.0306,-2.4186,-2.7708,52.4653,62.3604,50.0,0.0,-2.3299,-2.6709,102.411,60.0305,50.0323,-0.0323,-2.2442,-2.5709,152.393,57.7862,,,66.9,0.42
2847,00h 47m 27s,61.307,False,False,2.4939,64.8269,50.0325,-0.0325,-2.3801,-2.7267,52.4697,62.4468,50.0,0.0,-2.3295,-2.6704,102.4154,60.1173,50.0325,-0.0325,-2.2819,-2.614,152.3959,57.8355,,,67.9,0.42
2848,00h 47m 28s,61.374,False,False,2.4968,64.8752,50.0316,-0.0316,-2.3419,-2.6829,52.4736,62.5333,50.0,0.0,-2.3291,-2.67,102.4193,60.2042,50.0317,-0.0317,-2.3194,-2.6571,152.3972,57.8848,,,68.5,0.42
2849,00h 47m 29s,61.442,False,False,2.4993,64.9238,50.0314,-0.0314,-2.3037,-2.6392,52.4776,62.6201,50.0,0.0,-2.329,-2.6698,102.4233,60.2911,50.0313,-0.0313,-2.3571,-2.7004,152.3991,57.934,,,69.2,0.42
2850,00h 47m 30s,61.486,False,False,2.4993,64.9238,50.0315,-0.0315,-2.2172,-2.5399,52.4817,62.7067,50.0,0.0,-2.329,-2.6698,102.4274,60.3777,50.0314,-0.0314,-2.4437,-2.7996,152.3991,57.934,,,69.9,0.42
2851,00h 47m 31s,61.486,False,False,2.4993,64.9238,50.0315,-0.0315,-2.2172,-2.5399,52.4817,62.7067,50.0,0.0,-2.329,-2.6698,102.4274,60.3777,50.0314,-0.0314,-2.4437,-2.7996,152.3991,57.934,,,69.9,0.42
2852,00h 47m 32s,61.486,False,False,2.4993,64.9238,50.0315,-0.0315,-2.2172,-2.5399,52.4817,62.7067,50.0,0.0,-2.329,-2.6698,102.4274,60.3777,50.0314,-0.0314,-2.4437,-2.7996,152.3991,57.934,,,69.9,0.42
2853,00h 47m 33s,61.486,False,False,2.4993,64.9238,50.0315,-0.0315,-2.2172,-2.5399,52.4817,62.7067,50.0,0.0,-2.329,-2.6698,102.4274,60.3777,50.0314,-0.0314,-2.4437,-2.7996,152.3991,57.934,,,69.9,0.42
2854,00h 47m 34s,61.486,False,False,2.4993,64.9238,50.0315,-0.0315,-2.2172,-2.5399,52.4817,62.7067,50.0,0.0,-2.329,-2.6698,102.4274,60.3777,50.0314,-0.0314,-2.4437,-2.7996,152.3991,57.934,,,69.9,0.42
2855,00h 47m 35s,61.486,False,False,2.4993,64.9238,50.0315,-0.0315,-2.2172,-2.5399,52.4817,62.7067,50.0,0.0,-2.329,-2.6698,102.4274,60.3777,50.0314,-0.0314,-2.4437,-2.7996,152.3991,57.934,,,69.9,0.42
2856,00h 47m 36s,61.486,False,False,2.4993,64.9238,50.0315,-0.0315,-2.2172,-2.5399,52.4817,62.7067,50.0,0.0,-2.329,-2.6698,102.4274,60.3777,50.0314,-0.0314,-2.4437,-2.7996,152.3991,57.934,,,69.9,0.42
2857,00h 47m 37s,61.486,False,False,2.4993,64.9238,50.0315,-0.0315,-2.2172,-2.5399,52.4817,62.7067,50.0,0.0,-2.329,-2.6698,102.4274,60.3777,50.0314,-0.0314,-2.4437,-2.7996,152.3991,57.934,,,69.9,0.42
2858,00h 47m 38s,61.486,False,False,2.4993,64.9238,50.0315,-0.0315,-2.2172,-2.5399,52.4817,62.7067,50.0,0.0,-2.329,-2.6698,102.4274,60.3777,50.0314,-0.0314,-2.4437,-2.7996,152.3991,57.934,,,69.9,0.42
2859,00h 47m 39s,61.486,False,False,2.4993,64.9238,50.0315,-0.0315,-2.2172,-2.5399,52.4817,62.7067,50.0,0.0,-2.329,-2.6698,102.4274,60.3777,50.0314,-0.0314,-2.4437,-2.7996,152.3991,57.934,,,69.9,0.42
2860,00h 47m 40s,61.486,False,False,2.4993,64.9238,50.0315,-0.0315,-2.2172,-2.5399,52.4817,62.7067,50.0,0.0,-2.329,-2.6698,102.4274,60.3777,50.0314,-0.0314,-2.4437,-2.7996,152.3991,57.934,,,69.9,0.42
2861,00h 47m 41s,61.486,False,False,2.4993,64.9238,50.0315,-0.0315,-2.2172,-2.5399,52.4817,62.7067,50.0,0.0,-2.329,-2.6698,102.4274,60.3777,50.0314,-0.0314,-2.4437,-2.7996,152.3991,57.934,,,69.9,0.42
2862,00h 47m 42s,61.486,False,False,2.4993,64.9238,50.0315,-0.0315,-2.2172,-2.5399,52.4817,62.7067,50.0,0.0,-2.329,-2.6698,102.4274,60.3777,50.0314,-0.0314,-2.4437,-2.7996,152.3991,57.934,,,69.9,0.42
2863,00h 47m 43s,61.486,False,False,2.4993,64.9238,50.0315,-0.0315,-2.2172,-2.5399,52.4817,62.7067,50.0,0.0,-2.329,-2.6698,102.4274,60.3777,50.0314,-0.0314,-2.4437,-2.7996,152.3991,57.934,,,69.9,0.42
2864,00h 47m 44s,61.486,False,False,2.4993,64.9238,50.0315,-0.0315,-2.2172,-2.5399,52.4817,62.7067,50.0,0.0,-2.329,-2.6698,102.4274,60.3777,50.0314,-0.0314,-2.4437,-2.7996,152.3991,57.934,,,69.9,0.42
2865,00h 47m 45s,61.486,False,False,2.4993,64.9238,50.0315,-0.0315,-2.2172,-2.5399,52.4817,62.7067,50.0,0.0,-2.329,-2.6698,102.4274,60.3777,50.0314,-0.0314,-2.4437,-2.7996,152.3991,57.934,,,69.9,0.42
2866,00h 47m 46s,61.486,False,False,2.4993,64.9238,50.0315,-0.0315,-2.2172,-2.5399,52.4817,62.7067,50.0,0.0,-2.329,-2.6698,102.4274,60.3777,50.0314,-0.0314,-2.4437,-2.7996,152.3991,57.934,,,69.9,0.42
2867,00h 47m 47s,61.486,False,False,2.4993,64.9238,50.0315,-0.0315,-2.2172,-2.5399,52.4817,62.7067,50.0,0.0,-2.329,-2.6698,102.4274,60.3777,50.0314,-0.0314,-2.4437,-2.7996,152.3991,57.934,,,69.9,0.42
2868,00h 47m 48s,61.486,False,False,2.4993,64.9238,50.0315,-0.0315,-2.2172,-2.5399,52.4817,62.7067,50.0,0.0,-2.329,-2.6698,102.4274,60.3777,50.0314,-0.0314,-2.4437,-2.7996,152.3991,57.934,,,69.9,0.42
2869,00h 47m 49s,61.486,False,False,2.4993,64.9238,50.0315,-0.0315,-2.2172,-2.5399,52.4817,62.7067,50.0,0.0,-2.329,-2.6698,102.4274,60.3777,50.0314,-0.0314,-2.4437,-2.7996,152.3991,57.934,,,69.9,0.42
2870,00h 47m 50s,61.486,False,False,2.4993,64.9238,50.0315,-0.0315,-2.2172,-2.5399,52.4817,62.7067,50.0,0.0,-2.329,-2.6698,102.4274,60.3777,50.0314,-0.0314,-2.4437,-2.7996,152.3991,57.934,,,69.9,0.42
2871,00h 47m 51s,61.486,False,False,2.4993,64.9238,50.0315,-0.0315,-2.2172,-2.5399,52.4817,62.7067,50.0,0.0,-2.329,-2.6698,102.4274,60.3777,50.0314,-0.0314,-2.4437,-2.7996,152.3991,57.934,,,69.9,0.42
2872,00h 47m 52s,61.486,False,False,2.4993,64.9238,50.0315,-0.0315,-2.2172,-2.5399,52.4817,62.7067,50.0,0.0,-2.329,-2.6698,102.4274,60.3777,50.0314,-0.0314,-2.4437,-2.7996,152.3991,57.934,,,69.9,0.42
2873,00h 47m 53s,61.486,False,False,2.4993,64.9238,50.0315,-0.0315,-2.2172,-2.5399,52.4817,62.7067,50.0,0.0,-2.329,-2.6698,102.4274,60.3777,50.0314,-0.0314,-2.4437,-2.7996,152.3991,57.934,,,69.9,0.42
2874,00h 47m 54s,61.486,False,False,2.4993,64.9238,50.0315,-0.0315,-2.2172,-2.5399,52.4817,62.7067,50.0,0.0,-2.329,-2.6698,102.4274,60.3777,50.0314,-0.0314,-2.4437,-2.7996,152.3991,57.934,,,69.9,0.42
2875,00h 47m 55s,61.486,False,False,2.4993,64.9238,50.0315,-0.0315,-2.2172,-2.5399,52.4817,62.7067,50.0,0.0,-2.329,-2.6698,102.4274,60.3777,50.0314,-0.0314,-2.4437,-2.7996,152.3991,57.934,,,69.9,0.42
2876,00h 47m 56s,61.486,False,False,2.4993,64.9238,50.0315,-0.0315,-2.2172,-2.5399,52.4817,62.7067,50.0,0.0,-2.329,-2.6698,102.4274,60.3777,50.0314,-0.0314,-2.4437,-2.7996,152.3991,57.934,,,69.9,0.42
2877,00h 47m 57s,61.486,False,False,2.4993,64.9238,50.0315,-0.0315,-2.2172,-2.5399,52.4817,62.7067,50.0,0.0,-2.329,-2.6698,102.4274,60.3777,50.0314,-0.0314,-2.4437,-2.7996,152.3991,57.934,,,69.9,0.42
2878,00h 47m 58s,61.486,False,False,2.4993,64.9238,50.0315,-0.0315,-2.2172,-2.5399,52.4817,62.7067,50.0,0.0,-2.329,-2.6698,102.4274,60.3777,50.0314,-0.0314,-2.4437,-2.7996,152.3991,57.934,,,69.9,0.42
2879,00h 47m 59s,61.486,False,False,2.4993,64.9238,50.0315,-0.0315,-2.2172,-2.5399,52.4817,62.7067,50.0,0.0,-2.329,-2.6698,102.4274,60.3777,50.0314,-0.0314,-2.4437,-2.7996,152.3991,57.934,,,69.9,0.42
2880,00h 48m 00s,61.51,False,False,2.5015,64.9718,50.0315,-0.0315,-2.2654,-2.5952,52.4817,62.7064,50.0,0.0,-2.3285,-2.6692,102.4274,60.3779,50.0316,-0.0316,-2.3946,-2.7433,152.4016,57.9833,,,69.9,0.42
2881,00h 48m 01s,61.534,False,False,2.5039,65.0203,50.0313,-0.0313,-2.314,-2.6509,52.4817,62.7064,50.0,0.0,-2.3284,-2.6691,102.4274,60.378,50.0331,-0.0331,-2.3457,-2.6872,152.4055,58.0323,,,69.9,0.42
2882,00h 48m 02s,61.559,False,False,2.5066,65.0688,50.0309,-0.0309,-2.3625,-2.7066,52.4817,62.7062,50.0,0.0,-2.3281,-2.6688,102.4274,60.3781,50.0332,-0.0332,-2.2967,-2.631,152.4079,58.0814,,,69.9,0.42
2883,00h 48m 03s,61.583,False,False,2.5086,65.117,50.0312,-0.0312,-2.411,-2.7621,52.4816,62.7061,50.0,0.0,-2.3278,-2.6684,102.4274,60.3783,50.0329,-0.0329,-2.2475,-2.5746,152.4099,58.1308,,,69.9,0.42
2884,00h 48m 04s,61.651,False,False,2.5112,65.1658,50.0319,-0.0319,-2.3733,-2.7189,52.4868,62.7925,50.0,0.0,-2.3276,-2.6682,102.4326,60.4649,50.0319,-0.0319,-2.285,-2.6176,152.4122,58.1799,,,71.7,0.6
2885,00h 48m 05s,61.719,False,False,2.514,65.2142,50.031,-0.031,-2.335,-2.675,52.4904,62.8793,50.0,0.0,-2.3275,-2.668,102.4362,60.5518,50.031,-0.031,-2.3228,-2.6611,152.4132,58.229,,,72.0,0.6
2886,00h 48m 06s,61.786,False,False,2.5158,65.2624,50.031,-0.031,-2.2966,-2.631,52.4941,62.9658,50.0,0.0,-2.3271,-2.6676,102.4399,60.6387,50.031,-0.031,-2.3604,-2.7042,152.4152,58.2782,,,72.4,0.6
2887,00h 48m 07s,61.854,False,False,2.5179,65.3102,50.0311,-0.0311,-2.2583,-2.587,52.498,63.052,50.0,0.0,-2.3267,-2.6671,102.4439,60.7253,50.0311,-0.0311,-2.398,-2.7472,152.4175,58.3274,,,73.0,0.6
2888,00h 48m 08s,61.921,False,False,2.5208,65.358,50.0306,-0.0306,-2.2195,-2.5427,52.5022,63.1384,50.0,0.0,-2.3262,-2.6665,102.448,60.8123,50.0305,-0.0305,-2.4356,-2.7904,152.4193,58.3767,,,73.8,0.6
2889,00h 48m 09s,61.989,False,False,2.5228,65.4064,50.0308,-0.0308,-2.1815,-2.4991,52.506,63.2249,50.0,0.0,-2.3258,-2.6662,102.4519,60.8991,50.0307,-0.0307,-2.473,-2.8332,152.4214,58.4261,,,74.3,0.6
2890,00h 48m 10s,62.057,False,False,2.5241,65.4545,50.0312,-0.0312,-2.1433,-2.4553,52.5094,63.3112,50.0,0.0,-2.3255,-2.6658,102.4552,60.9857,50.0311,-0.0311,-2.5106,-2.8763,152.4233,58.4751,,,74.4,0.29
2891,00h 48m 11s,62.081,False,False,2.5266,65.5026,50.0308,-0.0308,-2.1916,-2.5106,52.5093,63.311,50.0,0.0,-2.3252,-2.6654,102.4552,60.9858,50.031,-0.031,-2.4616,-2.8202,152.4256,58.5242,,,74.4,0.29
2892,00h 48m 12s,62.105,False,False,2.5293,65.5505,50.0302,-0.0302,-2.2397,-2.5658,52.5093,63.3108,50.0,0.0,-2.3248,-2.665,102.4553,60.986,50.031,-0.031,-2.4127,-2.7641,152.428,58.5733,,,74.4,0.29
2893,00h 48m 13s,62.129,False,False,2.5317,65.5983,50.0299,-0.0299,-2.2877,-2.6209,52.5093,63.3106,50.0,0.0,-2.3244,-2.6645,102.4553,60.9862,50.0301,-0.0301,-2.3638,-2.7081,152.4295,58.6224,,,74.4,0.29
2894,00h 48m 14s,62.154,False,False,2.5334,65.6464,50.0305,-0.0305,-2.336,-2.6762,52.5093,63.3104,50.0,0.0,-2.3239,-2.664,102.4553,60.9865,50.0297,-0.0297,-2.3146,-2.6517,152.4314,58.6718,,,74.4,0.29
2895,00h 48m 15s,62.178,False,False,2.5343,65.6943,50.0318,-0.0318,-2.3842,-2.7314,52.5093,63.3102,50.0,0.0,-2.3235,-2.6635,102.4553,60.9867,50.0295,-0.0295,-2.2656,-2.5956,152.4335,58.721,,,74.4,0.29
2896,00h 48m 16s,62.246,False,False,2.5367,65.743,50.0304,-0.0304,-2.3464,-2.6881,52.5121,63.3966,50.0,0.0,-2.3232,-2.6632,102.4581,61.0734,50.0304,-0.0304,-2.3029,-2.6382,152.4355,58.7705,,,73.8,0.29
2897,00h 48m 17s,62.314,False,False,2.5401,65.7908,50.0295,-0.0295,-2.3075,-2.6436,52.5163,63.4833,50.0,0.0,-2.3228,-2.6627,102.4623,61.1605,50.0294,-0.0294,-2.3408,-2.6818,152.437,58.8197,,,74.7,0.29
2898,00h 48m 18s,62.381,False,False,2.5419,65.8394,50.0297,-0.0297,-2.2696,-2.6002,52.52,63.5698,50.0,0.0,-2.3226,-2.6625,102.466,61.2472,50.0296,-0.0296,-2.3783,-2.7248,152.4391,58.8689,,,75.1,0.29
2899,00h 48m 19s,62.449,False,False,2.5441,65.8876,50.0301,-0.0301,-2.2312,-2.5561,52.5244,63.6563,50.0,0.0,-2.3222,-2.662,102.4704,61.3341,50.0301,-0.0301,-2.416,-2.7679,152.4421,58.9181,,,76.2,0.29
2900,00h 48m 20s,62.517,False,False,2.5452,65.9362,50.0311,-0.0311,-2.1931,-2.5124,52.5283,63.743,50.0,0.0,-2.3221,-2.6618,102.4743,61.421,50.0311,-0.0311,-2.4539,-2.8113,152.4452,58.9671,,,76.7,0.29
2901,00h 48m 21s,62.585,False,False,2.5484,65.9848,50.0304,-0.0304,-2.1551,-2.4688,52.5324,63.8298,50.0,0.0,-2.3219,-2.6616,102.4784,61.5079,50.0303,-0.0303,-2.4914,-2.8544,152.4467,59.0165,,,77.5,0.34
2902,00h 48m 22s,62.609,False,False,2.5503,66.0335,50.0306,-0.0306,-2.2039,-2.5247,52.5323,63.8296,50.0,0.0,-2.3216,-2.6613,102.4784,61.508,50.0292,-0.0292,-2.4421,-2.7979,152.448,59.0659,,,77.5,0.34
2903,00h 48m 23s,62.634,False,False,2.5523,66.0823,50.0308,-0.0308,-2.2527,-2.5807,52.5323,63.8296,50.0,0.0,-2.3215,-2.6612,102.4784,61.5081,50.0288,-0.0288,-2.3931,-2.7418,152.4499,59.115,,,77.5,0.34
2904,00h 48m 24s,62.658,False,False,2.5556,66.1309,50.0297,-0.0297,-2.3014,-2.6366,52.5323,63.8295,50.0,0.0,-2.3213,-2.661,102.4784,61.5082,50.0291,-0.0291,-2.344,-2.6854,152.4526,59.1642,,,77.5,0.34
2905,00h 48m 25s,62.683,False,False,2.5588,66.1791,50.0288,-0.0288,-2.3497,-2.692,52.5323,63.8293,50.0,0.0,-2.321,-2.6606,102.4784,61.5083,50.03,-0.03,-2.295,-2.6292,152.4558,59.2134,,,77.5,0.34
2906,00h 48m 26s,62.707,False,False,2.5615,66.2272,50.0283,-0.0283,-2.398,-2.7474,52.5323,63.8292,50.0,0.0,-2.3207,-2.6603,102.4784,61.5085,50.0293,-0.0293,-2.246,-2.5731,152.4573,59.2625,,,77.5,0.34
2907,00h 48m 27s,62.775,False,False,2.5644,66.2751,50.0285,-0.0285,-2.3592,-2.7029,52.5373,63.9158,50.0,0.0,-2.3203,-2.6598,102.4834,61.5956,50.0286,-0.0286,-2.284,-2.6166,152.4598,59.3116,,,79.1,0.34
2908,00h 48m 28s,62.842,False,False,2.5662,66.3236,50.0291,-0.0291,-2.3212,-2.6593,52.5414,64.0024,50.0,0.0,-2.3201,-2.6596,102.4876,61.6823,50.0291,-0.0291,-2.3217,-2.6598,152.4628,59.3607,,,79.9,0.34
2909,00h 48m 29s,62.91,False,False,2.5678,66.3723,50.0297,-0.0297,-2.2831,-2.6156,52.5454,64.0892,50.0,0.0,-2.3199,-2.6594,102.4916,61.7693,50.0297,-0.0297,-2.3595,-2.7031,152.4656,59.4099,,,80.6,0.34
2910,00h 48m 30s,62.953,False,False,2.5678,66.3723,50.0299,-0.0299,-2.1966,-2.5164,52.5495,64.1757,50.0,0.0,-2.3199,-2.6594,102.4956,61.8558,50.0298,-0.0298,-2.446,-2.8023,152.4656,59.4099,,,81.3,0.34
2911,00h 48m 31s,62.953,False,False,2.5678,66.3723,50.0299,-0.0299,-2.1966,-2.5164,52.5495,64.1757,50.0,0.0,-2.3199,-2.6594,102.4956,61.8558,50.0298,-0.0298,-2.446,-2.8023,152.4656,59.4099,,,81.3,0.34
2912,00h 48m 32s,62.953,False,False,2.5678,66.3723,50.0299,-0.0299,-2.1966,-2.5164,52.5495,64.1757,50.0,0.0,-2.3199,-2.6594,102.4956,61.8558,50.0298,-0.0298,-2.446,-2.8023,152.4656,59.4099,,,81.3,0.34
2913,00h 48m 33s,62.953,False,False,2.5678,66.3723,50.0299,-0.0299,-2.1966,-2.5164,52.5495,64.1757,50.0,0.0,-2.3199,-2.6594,102.4956,61.8558,50.0298,-0.0298,-2.446,-2.8023,152.4656,59.4099,,,81.3,0.34
2914,00h 48m 34s,62.953,False,False,2.5678,66.3723,50.0299,-0.0299,-2.1966,-2.5164,52.5495,64.1757,50.0,0.0,-2.3199,-2.6594,102.4956,61.8558,50.0298,-0.0298,-2.446,-2.8023,152.4656,59.4099,,,81.3,0.34
2915,00h 48m 35s,62.953,False,False,2.5678,66.3723,50.0299,-0.0299,-2.1966,-2.5164,52.5495,64.1757,50.0,0.0,-2.3199,-2.6594,102.4956,61.8558,50.0298,-0.0298,-2.446,-2.8023,152.4656,59.4099,,,81.3,0.34
2916,00h 48m 36s,62.953,False,False,2.5678,66.3723,50.0299,-0.0299,-2.1966,-2.5164,52.5495,64.1757,50.0,0.0,-2.3199,-2.6594,102.4956,61.8558,50.0298,-0.0298,-2.446,-2.8023,152.4656,59.4099,,,81.3,0.34
2917,00h 48m 37s,62.953,False,False,2.5678,66.3723,50.0299,-0.0299,-2.1966,-2.5164,52.5495,64.1757,50.0,0.0,-2.3199,-2.6594,102.4956,61.8558,50.0298,-0.0298,-2.446,-2.8023,152.4656,59.4099,,,81.3,0.34
2918,00h 48m 38s,62.953,False,False,2.5678,66.3723,50.0299,-0.0299,-2.1966,-2.5164,52.5495,64.1757,50.0,0.0,-2.3199,-2.6594,102.4956,61.8558,50.0298,-0.0298,-2.446,-2.8023,152.4656,59.4099,,,81.3,0.34
2919,00h 48m 39s,62.953,False,False,2.5678,66.3723,50.0299,-0.0299,-2.1966,-2.5164,52.5495,64.1757,50.0,0.0,-2.3199,-2.6594,102.4956,61.8558,50.0298,-0.0298,-2.446,-2.8023,152.4656,59.4099,,,81.3,0.34
2920,00h 48m 40s,62.953,False,False,2.5678,66.3723,50.0299,-0.0299,-2.1966,-2.5164,52.5495,64.1757,50.0,0.0,-2.3199,-2.6594,102.4956,61.8558,50.0298,-0.0298,-2.446,-2.8023,152.4656,59.4099,,,81.3,0.34
2921,00h 48m 41s,62.953,False,False,2.5678,66.3723,50.0299,-0.0299,-2.1966,-2.5164,52.5495,64.1757,50.0,0.0,-2.3199,-2.6594,102.4956,61.8558,50.0298,-0.0298,-2.446,-2.8023,152.4656,59.4099,,,81.3,0.34
2922,00h 48m 42s,62.953,False,False,2.5678,66.3723,50.0299,-0.0299,-2.1966,-2.5164,52.5495,64.1757,50.0,0.0,-2.3199,-2.6594,102.4956,61.8558,50.0298,-0.0298,-2.446,-2.8023,152.4656,59.4099,,,81.3,0.34
2923,00h 48m 43s,62.953,False,False,2.5678,66.3723,50.0299,-0.0299,-2.1966,-2.5164,52.5495,64.1757,50.0,0.0,-2.3199,-2.6594,102.4956,61.8558,50.0298,-0.0298,-2.446,-2.8023,152.4656,59.4099,,,81.3,0.34
2924,00h 48m 44s,62.953,False,False,2.5678,66.3723,50.0299,-0.0299,-2.1966,-2.5164,52.5495,64.1757,50.0,0.0,-2.3199,-2.6594,102.4956,61.8558,50.0298,-0.0298,-2.446,-2.8023,152.4656,59.4099,,,81.3,0.34
2925,00h 48m 45s,62.953,False,False,2.5678,66.3723,50.0299,-0.0299,-2.1966,-2.5164,52.5495,64.1757,50.0,0.0,-2.3199,-2.6594,102.4956,61.8558,50.0298,-0.0298,-2.446,-2.8023,152.4656,59.4099,,,81.3,0.34
2926,00h 48m 46s,62.953,False,False,2.5678,66.3723,50.0299,-0.0299,-2.1966,-2.5164,52.5495,64.1757,50.0,0.0,-2.3199,-2.6594,102.4956,61.8558,50.0298,-0.0298,-2.446,-2.8023,152.4656,59.4099,,,81.3,0.34
2927,00h 48m 47s,62.953,False,False,2.5678,66.3723,50.0299,-0.0299,-2.1966,-2.5164,52.5495,64.1757,50.0,0.0,-2.3199,-2.6594,102.4956,61.8558,50.0298,-0.0298,-2.446,-2.8023,152.4656,59.4099,,,81.3,0.34
2928,00h 48m 48s,62.953,False,False,2.5678,66.3723,50.0299,-0.0299,-2.1966,-2.5164,52.5495,64.1757,50.0,0.0,-2.3199,-2.6594,102.4956,61.8558,50.0298,-0.0298,-2.446,-2.8023,152.4656,59.4099,,,81.3,0.34
2929,00h 48m 49s,62.953,False,False,2.5678,66.3723,50.0299,-0.0299,-2.1966,-2.5164,52.5495,64.1757,50.0,0.0,-2.3199,-2.6594,102.4956,61.8558,50.0298,-0.0298,-2.446,-2.8023,152.4656,59.4099,,,81.3,0.34
2930,00h 48m 50s,62.953,False,False,2.5678,66.3723,50.0299,-0.0299,-2.1966,-2.5164,52.5495,64.1757,50.0,0.0,-2.3199,-2.6594,102.4956,61.8558,50.0298,-0.0298,-2.446,-2.8023,152.4656,59.4099,,,81.3,0.34
2931,00h 48m 51s,62.953,False,False,2.5678,66.3723,50.0299,-0.0299,-2.1966,-2.5164,52.5495,64.1757,50.0,0.0,-2.3199,-2.6594,102.4956,61.8558,50.0298,-0.0298,-2.446,-2.8023,152.4656,59.4099,,,81.3,0.34
2932,00h 48m 52s,62.953,False,False,2.5678,66.3723,50.0299,-0.0299,-2.1966,-2.5164,52.5495,64.1757,50.0,0.0,-2.3199,-2.6594,102.4956,61.8558,50.0298,-0.0298,-2.446,-2.8023,152.4656,59.4099,,,81.3,0.34
2933,00h 48m 53s,62.953,False,False,2.5678,66.3723,50.0299,-0.0299,-2.1966,-2.5164,52.5495,64.1757,50.0,0.0,-2.3199,-2.6594,102.4956,61.8558,50.0298,-0.0298,-2.446,-2.8023,152.4656,59.4099,,,81.3,0.34
2934,00h 48m 54s,62.953,False,False,2.5678,66.3723,50.0299,-0.0299,-2.1966,-2.5164,52.5495,64.1757,50.0,0.0,-2.3199,-2.6594,102.4956,61.8558,50.0298,-0.0298,-2.446,-2.8023,152.4656,59.4099,,,81.3,0.34
2935,00h 48m 55s,62.953,False,False,2.5678,66.3723,50.0299,-0.0299,-2.1966,-2.5164,52.5495,64.1757,50.0,0.0,-2.3199,-2.6594,102.4956,61.8558,50.0298,-0.0298,-2.446,-2.8023,152.4656,59.4099,,,81.3,0.34
2936,00h 48m 56s,62.953,False,False,2.5678,66.3723,50.0299,-0.0299,-2.1966,-2.5164,52.5495,64.1757,50.0,0.0,-2.3199,-2.6594,102.4956,61.8558,50.0298,-0.0298,-2.446,-2.8023,152.4656,59.4099,,,81.3,0.34
2937,00h 48m 57s,62.953,False,False,2.5678,66.3723,50.0299,-0.0299,-2.1966,-2.5164,52.5495,64.1757,50.0,0.0,-2.3199,-2.6594,102.4956,61.8558,50.0298,-0.0298,-2.446,-2.8023,152.4656,59.4099,,,81.3,0.34
2938,00h 48m 58s,62.953,False,False,2.5678,66.3723,50.0299,-0.0299,-2.1966,-2.5164,52.5495,64.1757,50.0,0.0,-2.3199,-2.6594,102.4956,61.8558,50.0298,-0.0298,-2.446,-2.8023,152.4656,59.4099,,,81.3,0.34
2939,00h 48m 59s,62.953,False,False,2.5678,66.3723,50.0299,-0.0299,-2.1966,-2.5164,52.5495,64.1757,50.0,0.0,-2.3199,-2.6594,102.4956,61.8558,50.0298,-0.0298,-2.446,-2.8023,152.4656,59.4099,,,81.3,0.34
2940,00h 49m 00s,62.978,False,False,2.5708,66.421,50.029,-0.029,-2.2453,-2.5723,52.5495,64.1756,50.0,0.0,-2.3197,-2.6591,102.4956,61.8559,50.0289,-0.0289,-2.3967,-2.7459,152.467,59.4592,,,81.3,0.34
2941,00h 49m 01s,63.002,False,False,2.5735,66.4687,50.0286,-0.0286,-2.2933,-2.6274,52.5494,64.1754,50.0,0.0,-2.3192,-2.6585,102.4956,61.8562,50.028,-0.028,-2.3476,-2.6897,152.4685,59.5086,,,81.3,0.34
2942,00h 49m 02s,63.027,False,False,2.5756,66.5169,50.0286,-0.0286,-2.3416,-2.6828,52.5494,64.1752,50.0,0.0,-2.3189,-2.6582,102.4956,61.8563,50.0283,-0.0283,-2.2988,-2.6336,152.4711,59.5576,,,81.3,0.34
2943,00h 49m 03s,63.051,False,False,2.5783,66.5651,50.0282,-0.0282,-2.39,-2.7383,52.5494,64.1751,50.0,0.0,-2.3186,-2.6579,102.4956,61.8565,50.0274,-0.0274,-2.2498,-2.5776,152.4725,59.6067,,,81.3,0.34
2944,00h 49m 04s,63.119,False,False,2.58,66.6132,50.0275,-0.0275,-2.3515,-2.6942,52.5522,64.2616,50.0,0.0,-2.3182,-2.6574,102.4984,61.9434,50.0275,-0.0275,-2.2874,-2.6207,152.4737,59.656,,,80.7,0.34
2945,00h 49m 05s,63.186,False,False,2.5821,66.6611,50.0277,-0.0277,-2.3129,-2.6499,52.5563,64.3481,50.0,0.0,-2.3178,-2.657,102.5026,62.0303,50.0277,-0.0277,-2.3253,-2.6641,152.4762,59.705,,,81.5,0.45
2946,00h 49m 06s,63.254,False,False,2.5834,66.7098,50.028,-0.028,-2.2752,-2.6066,52.5597,64.4346,50.0,0.0,-2.3176,-2.6567,102.5059,62.117,50.028,-0.028,-2.3626,-2.7068,152.4781,59.7544,,,81.5,0.45
2947,00h 49m 07s,63.322,False,False,2.5863,66.7583,50.0277,-0.0277,-2.2374,-2.5633,52.5639,64.5209,50.0,0.0,-2.3173,-2.6564,102.5102,62.2036,50.0277,-0.0277,-2.3997,-2.7494,152.4803,59.8038,,,82.5,0.45
2948,00h 49m 08s,63.389,False,False,2.5889,66.8068,50.0274,-0.0274,-2.1995,-2.5199,52.568,64.6073,50.0,0.0,-2.3171,-2.6562,102.5143,62.2902,50.0274,-0.0274,-2.4373,-2.7925,152.4822,59.8529,,,83.2,0.45
2949,00h 49m 09s,63.457,False,False,2.5918,66.8555,50.0277,-0.0277,-2.1617,-2.4765,52.5728,64.6939,50.0,0.0,-2.3169,-2.6559,102.5191,62.377,50.0276,-0.0276,-2.4747,-2.8354,152.4854,59.9023,,,84.7,0.45
2950,00h 49m 10s,63.482,False,False,2.5944,66.9043,50.0272,-0.0272,-2.2105,-2.5325,52.5728,64.6938,50.0,0.0,-2.3168,-2.6558,102.5191,62.377,50.0294,-0.0294,-2.4257,-2.7792,152.4896,59.9513,,,84.7,0.45
2951,00h 49m 11s,63.494,True,False,2.5944,66.9043,50.0272,-0.0272,-2.2187,-2.5419,52.5724,64.6856,50.0,0.0,-2.3005,-2.6371,102.5194,62.3852,50.0284,-0.0284,-2.3848,-2.7322,152.491,60.0004,,,84.6,0.45
2952,00h 49m 12s,63.506,True,False,2.5944,66.9043,50.0272,-0.0272,-2.2269,-2.5513,52.572,64.6774,50.0,0.0,-2.284,-2.6182,102.5198,62.3934,50.0271,-0.0271,-2.3435,-2.685,152.492,60.0499,,,84.6,0.45
2953,00h 49m 13s,63.518,True,False,2.5944,66.9043,50.0272,-0.0272,-2.2351,-2.5607,52.5716,64.6692,50.0,0.0,-2.2677,-2.5994,102.5202,62.4016,50.0286,-0.0286,-2.3028,-2.6382,152.4957,60.0988,,,84.5,0.45
2954,00h 49m 14s,63.543,False,False,2.5956,66.9522,50.0281,-0.0281,-2.2831,-2.6157,52.5716,64.669,50.0,0.0,-2.2672,-2.599,102.5202,62.4018,50.0293,-0.0293,-2.2539,-2.5822,152.4987,60.1479,,,84.5,0.45
2955,00h 49m 15s,63.567,False,False,2.5975,67.0003,50.0285,-0.0285,-2.3314,-2.6711,52.5716,64.6688,50.0,0.0,-2.2668,-2.5985,102.5202,62.402,50.0294,-0.0294,-2.2049,-2.5259,152.501,60.1971,,,84.5,0.45
2956,00h 49m 16s,63.635,False,False,2.5998,67.0482,50.0287,-0.0287,-2.2928,-2.6267,52.576,64.7554,50.0,0.0,-2.2665,-2.5981,102.5246,62.4889,50.0288,-0.0288,-2.2428,-2.5694,152.503,60.2461,,,85.5,0.45
2957,00h 49m 17s,63.702,False,False,2.6021,67.0967,50.0288,-0.0288,-2.2548,-2.5833,52.58,64.8418,50.0,0.0,-2.2662,-2.5978,102.5286,62.5756,50.0288,-0.0288,-2.2802,-2.6124,152.5054,60.2954,,,86.3,0.45
2958,00h 49m 18s,63.77,False,False,2.6048,67.1451,50.0285,-0.0285,-2.2167,-2.5395,52.5842,64.9284,50.0,0.0,-2.2661,-2.5976,102.5329,62.6623,50.0285,-0.0285,-2.318,-2.6557,152.5076,60.3443,,,87.1,0.55
2959,00h 49m 19s,63.838,False,False,2.6078,67.1936,50.0284,-0.0284,-2.1789,-2.4962,52.5886,65.0147,50.0,0.0,-2.2658,-2.5973,102.5373,62.7489,50.0283,-0.0283,-2.3553,-2.6985,152.5101,60.3936,,,88.2,0.55
2960,00h 49m 20s,63.905,False,False,2.6104,67.2419,50.0285,-0.0285,-2.1405,-2.4522,52.5931,65.1014,50.0,0.0,-2.2656,-2.597,102.5417,62.8359,50.0285,-0.0285,-2.3932,-2.7419,152.5129,60.4426,,,89.4,0.55
2961,00h 49m 21s,63.973,False,False,2.6128,67.2904,50.0284,-0.0284,-2.1023,-2.4085,52.597,65.1881,50.0,0.0,-2.2654,-2.5968,102.5457,62.9227,50.0283,-0.0283,-2.4309,-2.7852,152.5149,60.4918,,,90.0,0.55
2962,00h 49m 22s,63.998,False,False,2.614,67.3387,50.0292,-0.0292,-2.1508,-2.4639,52.597,65.1879,50.0,0.0,-2.265,-2.5964,102.5457,62.9229,50.0271,-0.0271,-2.3818,-2.7289,152.516,60.5411,,,90.0,0.55
2963,00h 49m 23s,64.022,False,False,2.617,67.3866,50.0283,-0.0283,-2.199,-2.5192,52.597,65.1877,50.0,0.0,-2.2645,-2.5959,102.5457,62.9231,50.0271,-0.0271,-2.3326,-2.6725,152.5184,60.5905,,,90.0,0.55
2964,00h 49m 24s,64.046,False,False,2.6194,67.4347,50.0281,-0.0281,-2.2472,-2.5746,52.597,65.1875,50.0,0.0,-2.2642,-2.5955,102.5457,62.9233,50.0275,-0.0275,-2.2838,-2.6165,152.5211,60.6395,,,90.0,0.55
2965,00h 49m 25s,64.071,False,False,2.6214,67.483,50.0283,-0.0283,-2.2956,-2.63,52.597,65.1874,50.0,0.0,-2.264,-2.5952,102.5457,62.9234,50.028,-0.028,-2.2349,-2.5604,152.5238,60.6885,,,90.0,0.55
2966,00h 49m 26s,64.095,False,False,2.6243,67.5312,50.0277,-0.0277,-2.344,-2.6855,52.597,65.1872,50.0,0.0,-2.2636,-2.5948,102.5457,62.9236,50.0288,-0.0288,-2.1858,-2.5041,152.5267,60.7378,,,90.0,0.55
2967,00h 49m 27s,64.163,False,False,2.6268,67.5791,50.0279,-0.0279,-2.3055,-2.6414,52.6015,65.2736,50.0,0.0,-2.2631,-2.5943,102.5503,63.0105,50.0279,-0.0279,-2.2233,-2.5471,152.5288,60.7872,,,91.2,0.55
2968,00h 49m 28s,64.23,False,False,2.6302,67.6273,50.0276,-0.0276,-2.2671,-2.5974,52.6064,65.3602,50.0,0.0,-2.2628,-2.5939,102.5551,63.0974,50.0276,-0.0276,-2.2611,-2.5905,152.5316,60.8363,,,92.7,0.55
2969,00h 49m 29s,64.298,False,False,2.6321,67.6752,50.0277,-0.0277,-2.2285,-2.5531,52.6102,65.4466,50.0,0.0,-2.2624,-2.5934,102.559,63.1842,50.0277,-0.0277,-2.2988,-2.6337,152.5339,60.8855,,,93.2,0.67
2970,00h 49m 30s,64.353,True,False,2.6339,67.724,50.0281,-0.0281,-2.1826,-2.5004,52.6144,65.5415,50.0,0.0,-2.2787,-2.6121,102.5624,63.2628,50.028,-0.028,-2.3773,-2.7237,152.5339,60.8855,,,93.7,0.67
2971,00h 49m 31s,64.409,True,False,2.6371,67.7725,50.0278,-0.0278,-2.1362,-2.4473,52.6192,65.6363,50.0,0.0,-2.2948,-2.6306,102.5666,63.3415,50.0276,-0.0276,-2.456,-2.8139,152.5339,60.8855,,,95.0,0.67
2972,00h 49m 32s,64.421,True,False,2.6395,67.8206,50.0275,-0.0275,-2.1763,-2.4933,52.6196,65.6443,50.0,0.0,-2.3109,-2.649,102.5662,63.3334,50.0276,-0.0276,-2.448,-2.8047,152.5339,60.8855,,,95.0,0.67
2973,00h 49m 33s,64.421,True,False,2.6395,67.8206,50.0275,-0.0275,-2.1763,-2.4933,52.6196,65.6443,50.0,0.0,-2.3109,-2.649,102.5662,63.3334,50.0276,-0.0276,-2.448,-2.8047,152.5339,60.8855,,,95.0,0.67
2974,00h 49m 34s,64.421,True,False,2.6395,67.8206,50.0275,-0.0275,-2.1763,-2.4933,52.6196,65.6443,50.0,0.0,-2.3109,-2.649,102.5662,63.3334,50.0276,-0.0276,-2.448,-2.8047,152.5339,60.8855,,,95.0,0.67
2975,00h 49m 35s,64.421,True,False,2.6395,67.8206,50.0275,-0.0275,-2.1763,-2.4933,52.6196,65.6443,50.0,0.0,-2.3109,-2.649,102.5662,63.3334,50.0276,-0.0276,-2.448,-2.8047,152.5339,60.8855,,,95.0,0.67
2976,00h 49m 36s,64.421,True,False,2.6395,67.8206,50.0275,-0.0275,-2.1763,-2.4933,52.6196,65.6443,50.0,0.0,-2.3109,-2.649,102.5662,63.3334,50.0276,-0.0276,-2.448,-2.8047,152.5339,60.8855,,,95.0,0.67
2977,00h 49m 37s,64.421,True,False,2.6395,67.8206,50.0275,-0.0275,-2.1763,-2.4933,52.6196,65.6443,50.0,0.0,-2.3109,-2.649,102.5662,63.3334,50.0276,-0.0276,-2.448,-2.8047,152.5339,60.8855,,,95.0,0.67
2978,00h 49m 38s,64.421,True,False,2.6395,67.8206,50.0275,-0.0275,-2.1763,-2.4933,52.6196,65.6443,50.0,0.0,-2.3109,-2.649,102.5662,63.3334,50.0276,-0.0276,-2.448,-2.8047,152.5339,60.8855,,,95.0,0.67
2979,00h 49m 39s,64.421,True,False,2.6395,67.8206,50.0275,-0.0275,-2.1763,-2.4933,52.6196,65.6443,50.0,0.0,-2.3109,-2.649,102.5662,63.3334,50.0276,-0.0276,-2.448,-2.8047,152.5339,60.8855,,,95.0,0.67
2980,00h 49m 40s,64.421,True,False,2.6395,67.8206,50.0275,-0.0275,-2.1763,-2.4933,52.6196,65.6443,50.0,0.0,-2.3109,-2.649,102.5662,63.3334,50.0276,-0.0276,-2.448,-2.8047,152.5339,60.8855,,,95.0,0.67
2981,00h 49m 41s,64.421,True,False,2.6395,67.8206,50.0275,-0.0275,-2.1763,-2.4933,52.6196,65.6443,50.0,0.0,-2.3109,-2.649,102.5662,63.3334,50.0276,-0.0276,-2.448,-2.8047,152.5339,60.8855,,,95.0,0.67
2982,00h 49m 42s,64.421,True,False,2.6395,67.8206,50.0275,-0.0275,-2.1763,-2.4933,52.6196,65.6443,50.0,0.0,-2.3109,-2.649,102.5662,63.3334,50.0276,-0.0276,-2.448,-2.8047,152.5339,60.8855,,,95.0,0.67
2983,00h 49m 43s,64.421,True,False,2.6395,67.8206,50.0275,-0.0275,-2.1763,-2.4933,52.6196,65.6443,50.0,0.0,-2.3109,-2.649,102.5662,63.3334,50.0276,-0.0276,-2.448,-2.8047,152.5339,60.8855,,,95.0,0.67
2984,00h 49m 44s,64.421,True,False,2.6395,67.8206,50.0275,-0.0275,-2.1763,-2.4933,52.6196,65.6443,50.0,0.0,-2.3109,-2.649,102.5662,63.3334,50.0276,-0.0276,-2.448,-2.8047,152.5339,60.8855,,,95.0,0.67
2985,00h 49m 45s,64.421,True,False,2.6395,67.8206,50.0275,-0.0275,-2.1763,-2.4933,52.6196,65.6443,50.0,0.0,-2.3109,-2.649,102.5662,63.3334,50.0276,-0.0276,-2.448,-2.8047,152.5339,60.8855,,,95.0,0.67
2986,00h 49m 46s,64.421,True,False,2.6395,67.8206,50.0275,-0.0275,-2.1763,-2.4933,52.6196,65.6443,50.0,0.0,-2.3109,-2.649,102.5662,63.3334,50.0276,-0.0276,-2.448,-2.8047,152.5339,60.8855,,,95.0,0.67
2987,00h 49m 47s,64.421,True,False,2.6395,67.8206,50.0275,-0.0275,-2.1763,-2.4933,52.6196,65.6443,50.0,0.0,-2.3109,-2.649,102.5662,63.3334,50.0276,-0.0276,-2.448,-2.8047,152.5339,60.8855,,,95.0,0.67
2988,00h 49m 48s,64.421,True,False,2.6395,67.8206,50.0275,-0.0275,-2.1763,-2.4933,52.6196,65.6443,50.0,0.0,-2.3109,-2.649,102.5662,63.3334,50.0276,-0.0276,-2.448,-2.8047,152.5339,60.8855,,,95.0,0.67
2989,00h 49m 49s,64.421,True,False,2.6395,67.8206,50.0275,-0.0275,-2.1763,-2.4933,52.6196,65.6443,50.0,0.0,-2.3109,-2.649,102.5662,63.3334,50.0276,-0.0276,-2.448,-2.8047,152.5339,60.8855,,,95.0,0.67
2990,00h 49m 50s,64.421,True,False,2.6395,67.8206,50.0275,-0.0275,-2.1763,-2.4933,52.6196,65.6443,50.0,0.0,-2.3109,-2.649,102.5662,63.3334,50.0276,-0.0276,-2.448,-2.8047,152.5339,60.8855,,,95.0,0.67
2991,00h 49m 51s,64.421,True,False,2.6395,67.8206,50.0275,-0.0275,-2.1763,-2.4933,52.6196,65.6443,50.0,0.0,-2.3109,-2.649,102.5662,63.3334,50.0276,-0.0276,-2.448,-2.8047,152.5339,60.8855,,,95.0,0.67
2992,00h 49m 52s,64.421,True,False,2.6395,67.8206,50.0275,-0.0275,-2.1763,-2.4933,52.6196,65.6443,50.0,0.0,-2.3109,-2.649,102.5662,63.3334,50.0276,-0.0276,-2.448,-2.8047,152.5339,60.8855,,,95.0,0.67
2993,00h 49m 53s,64.421,True,False,2.6395,67.8206,50.0275,-0.0275,-2.1763,-2.4933,52.6196,65.6443,50.0,0.0,-2.3109,-2.649,102.5662,63.3334,50.0276,-0.0276,-2.448,-2.8047,152.5339,60.8855,,,95.0,0.67
2994,00h 49m 54s,64.421,True,False,2.6395,67.8206,50.0275,-0.0275,-2.1763,-2.4933,52.6196,65.6443,50.0,0.0,-2.3109,-2.649,102.5662,63.3334,50.0276,-0.0276,-2.448,-2.8047,152.5339,60.8855,,,95.0,0.67
2995,00h 49m 55s,64.421,True,False,2.6395,67.8206,50.0275,-0.0275,-2.1763,-2.4933,52.6196,65.6443,50.0,0.0,-2.3109,-2.649,102.5662,63.3334,50.0276,-0.0276,-2.448,-2.8047,152.5339,60.8855,,,95.0,0.67
2996,00h 49m 56s,64.421,True,False,2.6395,67.8206,50.0275,-0.0275,-2.1763,-2.4933,52.6196,65.6443,50.0,0.0,-2.3109,-2.649,102.5662,63.3334,50.0276,-0.0276,-2.448,-2.8047,152.5339,60.8855,,,95.0,0.67
2997,00h 49m 57s,64.421,True,False,2.6395,67.8206,50.0275,-0.0275,-2.1763,-2.4933,52.6196,65.6443,50.0,0.0,-2.3109,-2.649,102.5662,63.3334,50.0276,-0.0276,-2.448,-2.8047,152.5339,60.8855,,,95.0,0.67
2998,00h 49m 58s,64.421,True,False,2.6395,67.8206,50.0275,-0.0275,-2.1763,-2.4933,52.6196,65.6443,50.0,0.0,-2.3109,-2.649,102.5662,63.3334,50.0276,-0.0276,-2.448,-2.8047,152.5339,60.8855,,,95.0,0.67
2999,00h 49m 59s,64.421,True,False,2.6395,67.8206,50.0275,-0.0275,-2.1763,-2.4933,52.6196,65.6443,50.0,0.0,-2.3109,-2.649,102.5662,63.3334,50.0276,-0.0276,-2.448,-2.8047,152.5339,60.8855,,,95.0,0.67
3000,00h 50m 00s,64.433,True,False,2.6395,67.8206,50.0275,-0.0275,-2.1845,-2.5027,52.6192,65.6361,50.0,0.0,-2.2944,-2.6301,102.5666,63.3417,50.0271,-0.0271,-2.4067,-2.7575,152.5358,60.9349,,,95.0,0.67
3001,00h 50m 01s,64.446,True,False,2.6395,67.8206,50.0275,-0.0275,-2.1927,-2.5121,52.6189,65.6278,50.0,0.0,-2.278,-2.6113,102.5669,63.3499,50.0272,-0.0272,-2.3657,-2.7104,152.5382,60.9842,,,94.9,0.67
3002,00h 50m 02s,64.458,True,False,2.6395,67.8206,50.0275,-0.0275,-2.201,-2.5215,52.6185,65.6196,50.0,0.0,-2.2615,-2.5924,102.5673,63.3581,50.0267,-0.0267,-2.3246,-2.6633,152.5399,61.0335,,,94.8,0.67
3003,00h 50m 03s,64.47,True,False,2.6395,67.8206,50.0275,-0.0275,-2.2092,-2.531,52.6181,65.6114,50.0,0.0,-2.2451,-2.5735,102.5677,63.3663,50.0272,-0.0272,-2.2834,-2.6161,152.5428,61.0829,,,94.8,0.67
3004,00h 50m 04s,64.483,True,False,2.6395,67.8206,50.0274,-0.0274,-2.2174,-2.5404,52.6177,65.6032,50.0,0.0,-2.2286,-2.5546,102.5681,63.3746,50.0277,-0.0277,-2.2422,-2.5689,152.5455,61.1323,,,94.7,0.67
3005,00h 50m 05s,64.495,True,False,2.6395,67.8206,50.0274,-0.0274,-2.2257,-2.5499,52.6174,65.5949,50.0,0.0,-2.2121,-2.5358,102.5684,63.3828,50.0273,-0.0273,-2.201,-2.5216,152.5473,61.1817,,,94.7,0.67
3006,00h 50m 06s,64.507,True,False,2.6395,67.8206,50.0275,-0.0275,-2.2338,-2.5592,52.617,65.5868,50.0,0.0,-2.1958,-2.517,102.5688,63.391,50.0278,-0.0278,-2.1602,-2.4748,152.5499,61.2308,,,94.6,0.67
3007,00h 50m 07s,64.52,True,False,2.6395,67.8206,50.0275,-0.0275,-2.242,-2.5686,52.6167,65.5786,50.0,0.0,-2.1795,-2.4983,102.5691,63.3991,50.0278,-0.0278,-2.1194,-2.428,152.552,61.2798,,,94.6,0.67
3008,00h 50m 08s,64.532,True,False,2.6395,67.8206,50.0275,-0.0275,-2.2502,-2.578,52.6163,65.5704,50.0,0.0,-2.1631,-2.4795,102.5695,63.4073,50.0285,-0.0285,-2.0783,-2.3809,152.5548,61.329,,,94.6,0.67
3009,00h 50m 09s,64.587,True,False,2.6395,67.8206,50.0278,-0.0278,-2.1717,-2.488,52.6201,65.6488,50.0,0.0,-2.1467,-2.4606,102.574,63.5022,50.0278,-0.0278,-2.124,-2.4333,152.5566,61.3782,,,95.3,0.67
3010,00h 50m 10s,64.655,True,False,2.6423,67.8691,50.0277,-0.0277,-2.1337,-2.4445,52.6244,65.7354,50.0,0.0,-2.1464,-2.4603,102.5783,63.589,50.0276,-0.0276,-2.1614,-2.4761,152.5592,61.4277,,,96.3,0.67
3011,00h 50m 11s,64.723,True,False,2.6438,67.9177,50.0277,-0.0277,-2.0957,-2.4009,52.6276,65.8219,50.0,0.0,-2.1461,-2.46,102.5815,63.6758,50.0277,-0.0277,-2.1988,-2.5191,152.5609,61.477,,,96.2,0.67
3012,00h 50m 12s,64.791,True,False,2.6464,67.9663,50.0283,-0.0283,-2.0579,-2.3575,52.6323,65.9084,50.0,0.0,-2.146,-2.4598,102.5863,63.7625,50.0283,-0.0283,-2.2365,-2.5622,152.5645,61.526,,,97.6,0.67
3013,00h 50m 13s,64.859,False,False,2.6485,68.0147,50.0282,-0.0282,-2.0196,-2.3137,52.6359,65.9951,50.0,0.0,-2.1457,-2.4595,102.5898,63.8494,50.0281,-0.0281,-2.2741,-2.6054,152.5662,61.5753,,,97.8,0.48
3014,00h 50m 14s,64.926,True,False,2.6491,68.0631,50.0294,-0.0294,-1.9816,-2.2701,52.6392,66.0815,50.0,0.0,-2.1455,-2.4593,102.5931,63.936,50.0293,-0.0293,-2.3118,-2.6485,152.569,61.6243,,,97.8,0.48
3015,00h 50m 15s,64.951,True,False,2.6509,68.1118,50.0295,-0.0295,-2.0304,-2.326,52.6392,66.0814,50.0,0.0,-2.1453,-2.459,102.5931,63.9361,50.0295,-0.0295,-2.2626,-2.5921,152.5714,61.6735,,,97.8,0.48
3016,00h 50m 16s,64.975,False,False,2.6538,68.1603,50.0286,-0.0286,-2.079,-2.3817,52.6392,66.0813,50.0,0.0,-2.1451,-2.4588,102.5931,63.9362,50.0305,-0.0305,-2.2137,-2.536,152.5746,61.7225,,,97.8,0.48
3017,00h 50m 17s,64.999,False,False,2.6559,68.2087,50.0285,-0.0285,-2.1276,-2.4374,52.6392,66.0811,50.0,0.0,-2.1448,-2.4585,102.5931,63.9363,50.0306,-0.0306,-2.1646,-2.4797,152.5769,61.7717,,,97.8,0.48
3018,00h 50m 18s,65.024,False,False,2.6577,68.2567,50.0288,-0.0288,-2.1758,-2.4926,52.6392,66.0809,50.0,0.0,-2.1444,-2.4581,102.5931,63.9365,50.0313,-0.0313,-2.1156,-2.4235,152.5797,61.8209,,,97.8,0.48
3019,00h 50m 19s,65.048,False,False,2.6604,68.3053,50.0283,-0.0283,-2.2245,-2.5485,52.6391,66.0808,50.0,0.0,-2.1441,-2.4578,102.5932,63.9367,50.0304,-0.0304,-2.0663,-2.367,152.5809,61.8704,,,97.8,0.48
3020,00h 50m 20s,65.116,False,False,2.6622,68.3541,50.0289,-0.0289,-2.1867,-2.5051,52.6433,66.1674,50.0,0.0,-2.1439,-2.4575,102.5973,64.0235,50.0289,-0.0289,-2.1036,-2.4099,152.582,61.9198,,,98.6,0.48
3021,00h 50m 21s,65.184,False,False,2.6645,68.4028,50.0284,-0.0284,-2.149,-2.4619,52.6467,66.2538,50.0,0.0,-2.1437,-2.4573,102.6008,64.1101,50.0284,-0.0284,-2.1409,-2.4527,152.5833,61.9691,,,98.7,0.48
3022,00h 50m 22s,65.252,False,False,2.6674,68.4508,50.0279,-0.0279,-2.1105,-2.4178,52.6507,66.3403,50.0,0.0,-2.1433,-2.4568,102.6048,64.197,50.0279,-0.0279,-2.1785,-2.4958,152.5852,62.0185,,,99.4,0.48
3023,00h 50m 23s,65.319,True,False,2.6695,68.4996,50.0277,-0.0277,-2.0727,-2.3745,52.6542,66.4269,50.0,0.0,-2.1432,-2.4567,102.6082,64.2837,50.0276,-0.0276,-2.2162,-2.539,152.5867,62.0675,,,99.5,0.48
3024,00h 50m 24s,65.387,False,False,2.6716,68.5477,50.0276,-0.0276,-2.0342,-2.3304,52.6578,66.5135,50.0,0.0,-2.1429,-2.4563,102.6118,64.3706,50.0275,-0.0275,-2.254,-2.5823,152.5886,62.1167,,,99.8,0.22
3025,00h 50m 25s,65.455,True,False,2.6737,68.5963,50.0279,-0.0279,-1.9965,-2.2872,52.6617,66.5998,50.0,0.0,-2.1427,-2.4561,102.6157,64.4571,50.0278,-0.0278,-2.2912,-2.625,152.591,62.1659,,,100.4,0.22
3026,00h 50m 26s,65.523,False,False,2.6754,68.6446,50.0281,-0.0281,-1.9581,-2.2432,52.6651,66.6865,50.0,0.0,-2.1423,-2.4557,102.6192,64.5441,50.028,-0.028,-2.3289,-2.6682,152.593,62.2152,,,100.5,0.22
3027,00h 50m 27s,65.547,True,False,2.6774,68.6924,50.028,-0.028,-2.0062,-2.2983,52.6651,66.6862,50.0,0.0,-2.1418,-2.4551,102.6192,64.5444,50.0283,-0.0283,-2.2799,-2.612,152.5955,62.2645,,,100.5,0.22
3028,00h 50m 28s,65.559,True,False,2.6774,68.6924,50.028,-0.028,-2.0144,-2.3076,52.6648,66.678,50.0,0.0,-2.1255,-2.4364,102.6196,64.5526,50.0279,-0.0279,-2.239,-2.5651,152.5973,62.3136,,,100.5,0.22
3029,00h 50m 29s,65.571,True,False,2.6774,68.6924,50.028,-0.028,-2.0226,-2.317,52.6644,66.6699,50.0,0.0,-2.1092,-2.4176,102.6199,64.5607,50.0274,-0.0274,-2.1981,-2.5183,152.599,62.3626,,,100.5,0.22
3030,00h 50m 30s,65.571,True,False,2.6774,68.6924,50.028,-0.028,-2.0226,-2.317,52.6644,66.6699,50.0,0.0,-2.1092,-2.4176,102.6199,64.5607,50.0274,-0.0274,-2.1981,-2.5183,152.599,62.3626,,,100.5,0.22
3031,00h 50m 31s,65.571,True,False,2.6774,68.6924,50.028,-0.028,-2.0226,-2.317,52.6644,66.6699,50.0,0.0,-2.1092,-2.4176,102.6199,64.5607,50.0274,-0.0274,-2.1981,-2.5183,152.599,62.3626,,,100.5,0.22
3032,00h 50m 32s,65.571,True,False,2.6774,68.6924,50.028,-0.028,-2.0226,-2.317,52.6644,66.6699,50.0,0.0,-2.1092,-2.4176,102.6199,64.5607,50.0274,-0.0274,-2.1981,-2.5183,152.599,62.3626,,,100.5,0.22
3033,00h 50m 33s,65.571,True,False,2.6774,68.6924,50.028,-0.028,-2.0226,-2.317,52.6644,66.6699,50.0,0.0,-2.1092,-2.4176,102.6199,64.5607,50.0274,-0.0274,-2.1981,-2.5183,152.599,62.3626,,,100.5,0.22
3034,00h 50m 34s,65.571,True,False,2.6774,68.6924,50.028,-0.028,-2.0226,-2.317,52.6644,66.6699,50.0,0.0,-2.1092,-2.4176,102.6199,64.5607,50.0274,-0.0274,-2.1981,-2.5183,152.599,62.3626,,,100.5,0.22
3035,00h 50m 35s,65.571,True,False,2.6774,68.6924,50.028,-0.028,-2.0226,-2.317,52.6644,66.6699,50.0,0.0,-2.1092,-2.4176,102.6199,64.5607,50.0274,-0.0274,-2.1981,-2.5183,152.599,62.3626,,,100.5,0.22
3036,00h 50m 36s,65.571,True,False,2.6774,68.6924,50.028,-0.028,-2.0226,-2.317,52.6644,66.6699,50.0,0.0,-2.1092,-2.4176,102.6199,64.5607,50.0274,-0.0274,-2.1981,-2.5183,152.599,62.3626,,,100.5,0.22
3037,00h 50m 37s,65.571,True,False,2.6774,68.6924,50.028,-0.028,-2.0226,-2.317,52.6644,66.6699,50.0,0.0,-2.1092,-2.4176,102.6199,64.5607,50.0274,-0.0274,-2.1981,-2.5183,152.599,62.3626,,,100.5,0.22
3038,00h 50m 38s,65.571,True,False,2.6774,68.6924,50.028,-0.028,-2.0226,-2.317,52.6644,66.6699,50.0,0.0,-2.1092,-2.4176,102.6199,64.5607,50.0274,-0.0274,-2.1981,-2.5183,152.599,62.3626,,,100.5,0.22
3039,00h 50m 39s,65.571,True,False,2.6774,68.6924,50.028,-0.028,-2.0226,-2.317,52.6644,66.6699,50.0,0.0,-2.1092,-2.4176,102.6199,64.5607,50.0274,-0.0274,-2.1981,-2.5183,152.599,62.3626,,,100.5,0.22
3040,00h 50m 40s,65.571,True,False,2.6774,68.6924,50.028,-0.028,-2.0226,-2.317,52.6644,66.6699,50.0,0.0,-2.1092,-2.4176,102.6199,64.5607,50.0274,-0.0274,-2.1981,-2.5183,152.599,62.3626,,,100.5,0.22
3041,00h 50m 41s,65.571,True,False,2.6774,68.6924,50.028,-0.028,-2.0226,-2.317,52.6644,66.6699,50.0,0.0,-2.1092,-2.4176,102.6199,64.5607,50.0274,-0.0274,-2.1981,-2.5183,152.599,62.3626,,,100.5,0.22
3042,00h 50m 42s,65.571,True,False,2.6774,68.6924,50.028,-0.028,-2.0226,-2.317,52.6644,66.6699,50.0,0.0,-2.1092,-2.4176,102.6199,64.5607,50.0274,-0.0274,-2.1981,-2.5183,152.599,62.3626,,,100.5,0.22
3043,00h 50m 43s,65.571,True,False,2.6774,68.6924,50.028,-0.028,-2.0226,-2.317,52.6644,66.6699,50.0,0.0,-2.1092,-2.4176,102.6199,64.5607,50.0274,-0.0274,-2.1981,-2.5183,152.599,62.3626,,,100.5,0.22
3044,00h 50m 44s,65.571,True,False,2.6774,68.6924,50.028,-0.028,-2.0226,-2.317,52.6644,66.6699,50.0,0.0,-2.1092,-2.4176,102.6199,64.5607,50.0274,-0.0274,-2.1981,-2.5183,152.599,62.3626,,,100.5,0.22
3045,00h 50m 45s,65.571,True,False,2.6774,68.6924,50.028,-0.028,-2.0226,-2.317,52.6644,66.6699,50.0,0.0,-2.1092,-2.4176,102.6199,64.5607,50.0274,-0.0274,-2.1981,-2.5183,152.599,62.3626,,,100.5,0.22
3046,00h 50m 46s,65.571,True,False,2.6774,68.6924,50.028,-0.028,-2.0226,-2.317,52.6644,66.6699,50.0,0.0,-2.1092,-2.4176,102.6199,64.5607,50.0274,-0.0274,-2.1981,-2.5183,152.599,62.3626,,,100.5,0.22
3047,00h 50m 47s,65.571,True,False,2.6774,68.6924,50.028,-0.028,-2.0226,-2.317,52.6644,66.6699,50.0,0.0,-2.1092,-2.4176,102.6199,64.5607,50.0274,-0.0274,-2.1981,-2.5183,152.599,62.3626,,,100.5,0.22
3048,00h 50m 48s,65.571,True,False,2.6774,68.6924,50.028,-0.028,-2.0226,-2.317,52.6644,66.6699,50.0,0.0,-2.1092,-2.4176,102.6199,64.5607,50.0274,-0.0274,-2.1981,-2.5183,152.599,62.3626,,,100.5,0.22
3049,00h 50m 49s,65.571,True,False,2.6774,68.6924,50.028,-0.028,-2.0226,-2.317,52.6644,66.6699,50.0,0.0,-2.1092,-2.4176,102.6199,64.5607,50.0274,-0.0274,-2.1981,-2.5183,152.599,62.3626,,,100.5,0.22
3050,00h 50m 50s,65.571,True,False,2.6774,68.6924,50.028,-0.028,-2.0226,-2.317,52.6644,66.6699,50.0,0.0,-2.1092,-2.4176,102.6199,64.5607,50.0274,-0.0274,-2.1981,-2.5183,152.599,62.3626,,,100.5,0.22
3051,00h 50m 51s,65.571,True,False,2.6774,68.6924,50.028,-0.028,-2.0226,-2.317,52.6644,66.6699,50.0,0.0,-2.1092,-2.4176,102.6199,64.5607,50.0274,-0.0274,-2.1981,-2.5183,152.599,62.3626,,,100.5,0.22
3052,00h 50m 52s,65.571,True,False,2.6774,68.6924,50.028,-0.028,-2.0226,-2.317,52.6644,66.6699,50.0,0.0,-2.1092,-2.4176,102.6199,64.5607,50.0274,-0.0274,-2.1981,-2.5183,152.599,62.3626,,,100.5,0.22
3053,00h 50m 53s,65.571,True,False,2.6774,68.6924,50.028,-0.028,-2.0226,-2.317,52.6644,66.6699,50.0,0.0,-2.1092,-2.4176,102.6199,64.5607,50.0274,-0.0274,-2.1981,-2.5183,152.599,62.3626,,,100.5,0.22
3054,00h 50m 54s,65.571,True,False,2.6774,68.6924,50.028,-0.028,-2.0226,-2.317,52.6644,66.6699,50.0,0.0,-2.1092,-2.4176,102.6199,64.5607,50.0274,-0.0274,-2.1981,-2.5183,152.599,62.3626,,,100.5,0.22
3055,00h 50m 55s,65.571,True,False,2.6774,68.6924,50.028,-0.028,-2.0226,-2.317,52.6644,66.6699,50.0,0.0,-2.1092,-2.4176,102.6199,64.5607,50.0274,-0.0274,-2.1981,-2.5183,152.599,62.3626,,,100.5,0.22
3056,00h 50m 56s,65.571,True,False,2.6774,68.6924,50.028,-0.028,-2.0226,-2.317,52.6644,66.6699,50.0,0.0,-2.1092,-2.4176,102.6199,64.5607,50.0274,-0.0274,-2.1981,-2.5183,152.599,62.3626,,,100.5,0.22
3057,00h 50m 57s,65.571,True,False,2.6774,68.6924,50.028,-0.028,-2.0226,-2.317,52.6644,66.6699,50.0,0.0,-2.1092,-2.4176,102.6199,64.5607,50.0274,-0.0274,-2.1981,-2.5183,152.599,62.3626,,,100.5,0.22
3058,00h 50m 58s,65.571,True,False,2.6774,68.6924,50.028,-0.028,-2.0226,-2.317,52.6644,66.6699,50.0,0.0,-2.1092,-2.4176,102.6199,64.5607,50.0274,-0.0274,-2.1981,-2.5183,152.599,62.3626,,,100.5,0.22
3059,00h 50m 59s,65.571,True,False,2.6774,68.6924,50.028,-0.028,-2.0226,-2.317,52.6644,66.6699,50.0,0.0,-2.1092,-2.4176,102.6199,64.5607,50.0274,-0.0274,-2.1981,-2.5183,152.599,62.3626,,,100.5,0.22
3060,00h 51m 00s,65.584,True,False,2.6774,68.6924,50.028,-0.028,-2.0308,-2.3264,52.6641,66.6617,50.0,0.0,-2.0928,-2.3988,102.6203,64.5689,50.0255,-0.0255,-2.157,-2.4712,152.5992,62.4119,,,100.4,0.22
3061,00h 51m 01s,65.596,True,False,2.6774,68.6924,50.028,-0.028,-2.039,-2.3358,52.6638,66.6535,50.0,0.0,-2.0763,-2.38,102.6206,64.5771,50.026,-0.026,-2.1159,-2.4241,152.6018,62.4613,,,100.4,0.22
3062,00h 51m 02s,65.62,False,False,2.6793,68.741,50.0281,-0.0281,-2.0876,-2.3916,52.6637,66.6534,50.0,0.0,-2.0761,-2.3798,102.6206,64.5772,50.025,-0.025,-2.0669,-2.368,152.603,62.5103,,,100.4,0.22
3063,00h 51m 03s,65.645,False,False,2.6809,68.7895,50.0285,-0.0285,-2.1363,-2.4474,52.6637,66.6532,50.0,0.0,-2.0758,-2.3794,102.6206,64.5774,50.0255,-0.0255,-2.0176,-2.3115,152.6055,62.5597,,,100.4,0.22
3064,00h 51m 04s,65.713,False,False,2.6834,68.8374,50.0268,-0.0268,-2.0978,-2.4033,52.6662,66.7396,50.0,0.0,-2.0754,-2.3789,102.6231,64.6642,50.0268,-0.0268,-2.0552,-2.3545,152.6077,62.609,,,99.6,0.22
3065,00h 51m 05s,65.78,True,False,2.6863,68.8861,50.0265,-0.0265,-2.06,-2.36,52.6704,66.826,50.0,0.0,-2.0752,-2.3787,102.6273,64.7508,50.0265,-0.0265,-2.0927,-2.3975,152.61,62.6581,,,100.4,0.22
3066,00h 51m 06s,65.848,False,False,2.6887,68.9349,50.0262,-0.0262,-2.0223,-2.3168,52.674,66.9126,50.0,0.0,-2.0751,-2.3786,102.6309,64.8375,50.0262,-0.0262,-2.13,-2.4403,152.6118,62.7075,,,100.7,0.22
3067,00h 51m 07s,65.916,False,False,2.6903,68.9827,50.0257,-0.0257,-1.9835,-2.2723,52.6766,66.9992,50.0,0.0,-2.0746,-2.378,102.6336,64.9247,50.0256,-0.0256,-2.1678,-2.4836,152.6122,62.7569,,,100.0,0.22
3068,00h 51m 08s,65.984,True,False,2.6923,69.0314,50.026,-0.026,-1.9459,-2.2292,52.6805,67.0856,50.0,0.0,-2.0745,-2.3779,102.6375,65.0111,50.026,-0.026,-2.2052,-2.5265,152.6148,62.8059,,,100.6,0.08
3069,00h 51m 09s,66.051,False,False,2.6936,69.0795,50.026,-0.026,-1.9075,-2.1852,52.6833,67.1721,50.0,0.0,-2.0741,-2.3774,102.6402,65.0979,50.0259,-0.0259,-2.2429,-2.5697,152.6159,62.855,,,100.0,0.08
3070,00h 51m 10s,66.076,False,False,2.6954,69.1279,50.0261,-0.0261,-1.956,-2.2408,52.6833,67.1719,50.0,0.0,-2.0738,-2.377,102.6402,65.0981,50.0259,-0.0259,-2.1937,-2.5132,152.6181,62.9045,,,100.0,0.08
3071,00h 51m 11s,66.088,True,False,2.6954,69.1279,50.0261,-0.0261,-1.9642,-2.2502,52.6829,67.1637,50.0,0.0,-2.0574,-2.3583,102.6406,65.1063,50.025,-0.025,-2.1527,-2.4664,152.6193,62.9536,,,100.0,0.08
3072,00h 51m 12s,66.1,True,False,2.6954,69.1279,50.0261,-0.0261,-1.9724,-2.2596,52.6826,67.1555,50.0,0.0,-2.041,-2.3394,102.6409,65.1145,50.0252,-0.0252,-2.1116,-2.4193,152.6215,63.0029,,,100.0,0.08
3073,00h 51m 13s,66.113,True,False,2.6954,69.1279,50.0261,-0.0261,-1.9807,-2.2691,52.6823,67.1473,50.0,0.0,-2.0245,-2.3206,102.6413,65.1227,50.025,-0.025,-2.0704,-2.372,152.6234,63.0523,,,100.0,0.08
3074,00h 51m 14s,66.125,True,False,2.6954,69.1279,50.0261,-0.0261,-1.9889,-2.2785,52.6819,67.1391,50.0,0.0,-2.0081,-2.3017,102.6416,65.1309,50.0253,-0.0253,-2.0294,-2.325,152.6257,63.1015,,,99.9,0.08
3075,00h 51m 15s,66.137,True,False,2.6954,69.1279,50.0261,-0.0261,-1.9971,-2.2879,52.6816,67.1308,50.0,0.0,-1.9917,-2.2829,102.6419,65.1392,50.0247,-0.0247,-1.9883,-2.2779,152.627,63.1509,,,99.9,0.08
3076,00h 51m 16s,66.15,True,False,2.6954,69.1279,50.0261,-0.0261,-2.0053,-2.2973,52.6813,67.1226,50.0,0.0,-1.9752,-2.264,102.6422,65.1474,50.0243,-0.0243,-1.9471,-2.2307,152.6286,63.2003,,,99.9,0.08
3077,00h 51m 17s,66.162,True,False,2.6954,69.1279,50.0261,-0.0261,-2.0135,-2.3068,52.6809,67.1144,50.0,0.0,-1.9587,-2.2451,102.6426,65.1556,50.0243,-0.0243,-1.9059,-2.1835,152.6305,63.2497,,,99.9,0.08
3078,00h 51m 18s,66.174,True,False,2.6954,69.1279,50.0261,-0.0261,-2.0217,-2.3161,52.6806,67.1062,50.0,0.0,-1.9424,-2.2264,102.6429,65.1638,50.0254,-0.0254,-1.8651,-2.1366,152.6335,63.2987,,,99.9,0.08
3079,00h 51m 19s,66.211,True,False,2.6954,69.1279,50.0387,-0.0387,-1.9813,-2.2692,52.6948,67.1466,50.0,0.0,-1.9259,-2.2075,102.6577,65.2207,50.0127,-0.0127,-1.8726,-2.1458,152.6353,63.3481,,,112.6,0.08
3080,00h 51m 20s,66.279,False,False,2.6972,69.1767,50.0256,-0.0256,-1.9427,-2.2256,52.6851,67.234,50.0,0.0,-1.9258,-2.2074,102.648,65.3082,50.0256,-0.0256,-1.9109,-2.1892,152.6371,63.3972,,,99.4,0.08
3081,00h 51m 21s,66.347,True,False,2.6985,69.2255,50.0261,-0.0261,-1.9047,-2.182,52.6883,67.3209,50.0,0.0,-1.9257,-2.2073,102.6512,65.3951,50.0261,-0.0261,-1.9488,-2.2326,152.6393,63.4463,,,99.3,0.08
3082,00h 51m 22s,66.415,False,False,2.7001,69.2739,50.0265,-0.0265,-1.8663,-2.138,52.6917,67.4076,50.0,0.0,-1.9255,-2.207,102.6546,65.4821,50.0264,-0.0264,-1.9867,-2.2759,152.6416,63.4954,,,99.4,0.08
3083,00h 51m 23s,66.483,False,False,2.7014,69.3226,50.027,-0.027,-1.8284,-2.0946,52.695,67.4941,50.0,0.0,-1.9253,-2.2068,102.6579,65.5688,50.027,-0.027,-2.0243,-2.3191,152.6439,63.5445,,,99.3,0.08
3084,00h 51m 24s,66.55,False,False,2.7029,69.3707,50.0273,-0.0273,-1.7901,-2.0506,52.6981,67.5806,50.0,0.0,-1.9249,-2.2064,102.6611,65.6556,50.0273,-0.0273,-2.0618,-2.3621,152.6458,63.5938,,,99.2,0.08
3085,00h 51m 25s,66.618,False,False,2.7042,69.4193,50.0275,-0.0275,-1.7524,-2.0074,52.701,67.6669,50.0,0.0,-1.9247,-2.2061,102.6639,65.7422,50.0275,-0.0275,-2.0992,-2.4049,152.6473,63.643,,,98.7,-0.18
3086,00h 51m 26s,66.642,False,False,2.706,69.4677,50.0274,-0.0274,-1.8009,-2.063,52.701,67.6668,50.0,0.0,-1.9244,-2.2058,102.6639,65.7424,50.0274,-0.0274,-2.0501,-2.3486,152.6493,63.6923,,,98.7,-0.18
3087,00h 51m 27s,66.667,False,False,2.7077,69.5165,50.0275,-0.0275,-1.8498,-2.119,52.701,67.6667,50.0,0.0,-1.9243,-2.2056,102.6639,65.7424,50.0276,-0.0276,-2.0009,-2.2922,152.6516,63.7415,,,98.7,-0.18
3088,00h 51m 28s,66.691,False,False,2.7096,69.5653,50.0274,-0.0274,-1.8987,-2.175,52.701,67.6667,50.0,0.0,-1.9242,-2.2055,102.664,65.7425,50.0284,-0.0284,-1.9518,-2.2359,152.6542,63.7907,,,98.7,-0.18
3089,00h 51m 29s,66.716,False,False,2.7112,69.6138,50.0277,-0.0277,-1.9472,-2.2307,52.701,67.6666,50.0,0.0,-1.924,-2.2053,102.664,65.7426,50.0284,-0.0284,-1.9029,-2.1798,152.6562,63.8397,,,98.7,-0.18
3090,00h 51m 30s,66.716,False,False,2.7112,69.6138,50.0277,-0.0277,-1.9472,-2.2307,52.701,67.6666,50.0,0.0,-1.924,-2.2053,102.664,65.7426,50.0284,-0.0284,-1.9029,-2.1798,152.6562,63.8397,,,98.7,-0.18
3091,00h 51m 31s,66.716,False,False,2.7112,69.6138,50.0277,-0.0277,-1.9472,-2.2307,52.701,67.6666,50.0,0.0,-1.924,-2.2053,102.664,65.7426,50.0284,-0.0284,-1.9029,-2.1798,152.6562,63.8397,,,98.7,-0.18
3092,00h 51m 32s,66.716,False,False,2.7112,69.6138,50.0277,-0.0277,-1.9472,-2.2307,52.701,67.6666,50.0,0.0,-1.924,-2.2053,102.664,65.7426,50.0284,-0.0284,-1.9029,-2.1798,152.6562,63.8397,,,98.7,-0.18
3093,00h 51m 33s,66.716,False,False,2.7112,69.6138,50.0277,-0.0277,-1.9472,-2.2307,52.701,67.6666,50.0,0.0,-1.924,-2.2053,102.664,65.7426,50.0284,-0.0284,-1.9029,-2.1798,152.6562,63.8397,,,98.7,-0.18
3094,00h 51m 34s,66.716,False,False,2.7112,69.6138,50.0277,-0.0277,-1.9472,-2.2307,52.701,67.6666,50.0,0.0,-1.924,-2.2053,102.664,65.7426,50.0284,-0.0284,-1.9029,-2.1798,152.6562,63.8397,,,98.7,-0.18
3095,00h 51m 35s,66.716,False,False,2.7112,69.6138,50.0277,-0.0277,-1.9472,-2.2307,52.701,67.6666,50.0,0.0,-1.924,-2.2053,102.664,65.7426,50.0284,-0.0284,-1.9029,-2.1798,152.6562,63.8397,,,98.7,-0.18
3096,00h 51m 36s,66.716,False,False,2.7112,69.6138,50.0277,-0.0277,-1.9472,-2.2307,52.701,67.6666,50.0,0.0,-1.924,-2.2053,102.664,65.7426,50.0284,-0.0284,-1.9029,-2.1798,152.6562,63.8397,,,98.7,-0.18
3097,00h 51m 37s,66.716,False,False,2.7112,69.6138,50.0277,-0.0277,-1.9472,-2.2307,52.701,67.6666,50.0,0.0,-1.924,-2.2053,102.664,65.7426,50.0284,-0.0284,-1.9029,-2.1798,152.6562,63.8397,,,98.7,-0.18
3098,00h 51m 38s,66.716,False,False,2.7112,69.6138,50.0277,-0.0277,-1.9472,-2.2307,52.701,67.6666,50.0,0.0,-1.924,-2.2053,102.664,65.7426,50.0284,-0.0284,-1.9029,-2.1798,152.6562,63.8397,,,98.7,-0.18
3099,00h 51m 39s,66.716,False,False,2.7112,69.6138,50.0277,-0.0277,-1.9472,-2.2307,52.701,67.6666,50.0,0.0,-1.924,-2.2053,102.664,65.7426,50.0284,-0.0284,-1.9029,-2.1798,152.6562,63.8397,,,98.7,-0.18
3100,00h 51m 40s,66.716,False,False,2.7112,69.6138,50.0277,-0.0277,-1.9472,-2.2307,52.701,67.6666,50.0,0.0,-1.924,-2.2053,102.664,65.7426,50.0284,-0.0284,-1.9029,-2.1798,152.6562,63.8397,,,98.7,-0.18
3101,00h 51m 41s,66.716,False,False,2.7112,69.6138,50.0277,-0.0277,-1.9472,-2.2307,52.701,67.6666,50.0,0.0,-1.924,-2.2053,102.664,65.7426,50.0284,-0.0284,-1.9029,-2.1798,152.6562,63.8397,,,98.7,-0.18
3102,00h 51m 42s,66.716,False,False,2.7112,69.6138,50.0277,-0.0277,-1.9472,-2.2307,52.701,67.6666,50.0,0.0,-1.924,-2.2053,102.664,65.7426,50.0284,-0.0284,-1.9029,-2.1798,152.6562,63.8397,,,98.7,-0.18
3103,00h 51m 43s,66.716,False,False,2.7112,69.6138,50.0277,-0.0277,-1.9472,-2.2307,52.701,67.6666,50.0,0.0,-1.924,-2.2053,102.664,65.7426,50.0284,-0.0284,-1.9029,-2.1798,152.6562,63.8397,,,98.7,-0.18
3104,00h 51m 44s,66.716,False,False,2.7112,69.6138,50.0277,-0.0277,-1.9472,-2.2307,52.701,67.6666,50.0,0.0,-1.924,-2.2053,102.664,65.7426,50.0284,-0.0284,-1.9029,-2.1798,152.6562,63.8397,,,98.7,-0.18
3105,00h 51m 45s,66.716,False,False,2.7112,69.6138,50.0277,-0.0277,-1.9472,-2.2307,52.701,67.6666,50.0,0.0,-1.924,-2.2053,102.664,65.7426,50.0284,-0.0284,-1.9029,-2.1798,152.6562,63.8397,,,98.7,-0.18
3106,00h 51m 46s,66.716,False,False,2.7112,69.6138,50.0277,-0.0277,-1.9472,-2.2307,52.701,67.6666,50.0,0.0,-1.924,-2.2053,102.664,65.7426,50.0284,-0.0284,-1.9029,-2.1798,152.6562,63.8397,,,98.7,-0.18
3107,00h 51m 47s,66.716,False,False,2.7112,69.6138,50.0277,-0.0277,-1.9472,-2.2307,52.701,67.6666,50.0,0.0,-1.924,-2.2053,102.664,65.7426,50.0284,-0.0284,-1.9029,-2.1798,152.6562,63.8397,,,98.7,-0.18
3108,00h 51m 48s,66.716,False,False,2.7112,69.6138,50.0277,-0.0277,-1.9472,-2.2307,52.701,67.6666,50.0,0.0,-1.924,-2.2053,102.664,65.7426,50.0284,-0.0284,-1.9029,-2.1798,152.6562,63.8397,,,98.7,-0.18
3109,00h 51m 49s,66.716,False,False,2.7112,69.6138,50.0277,-0.0277,-1.9472,-2.2307,52.701,67.6666,50.0,0.0,-1.924,-2.2053,102.664,65.7426,50.0284,-0.0284,-1.9029,-2.1798,152.6562,63.8397,,,98.7,-0.18
3110,00h 51m 50s,66.716,False,False,2.7112,69.6138,50.0277,-0.0277,-1.9472,-2.2307,52.701,67.6666,50.0,0.0,-1.924,-2.2053,102.664,65.7426,50.0284,-0.0284,-1.9029,-2.1798,152.6562,63.8397,,,98.7,-0.18
3111,00h 51m 51s,66.716,False,False,2.7112,69.6138,50.0277,-0.0277,-1.9472,-2.2307,52.701,67.6666,50.0,0.0,-1.924,-2.2053,102.664,65.7426,50.0284,-0.0284,-1.9029,-2.1798,152.6562,63.8397,,,98.7,-0.18
3112,00h 51m 52s,66.716,False,False,2.7112,69.6138,50.0277,-0.0277,-1.9472,-2.2307,52.701,67.6666,50.0,0.0,-1.924,-2.2053,102.664,65.7426,50.0284,-0.0284,-1.9029,-2.1798,152.6562,63.8397,,,98.7,-0.18
3113,00h 51m 53s,66.716,False,False,2.7112,69.6138,50.0277,-0.0277,-1.9472,-2.2307,52.701,67.6666,50.0,0.0,-1.924,-2.2053,102.664,65.7426,50.0284,-0.0284,-1.9029,-2.1798,152.6562,63.8397,,,98.7,-0.18
3114,00h 51m 54s,66.716,False,False,2.7112,69.6138,50.0277,-0.0277,-1.9472,-2.2307,52.701,67.6666,50.0,0.0,-1.924,-2.2053,102.664,65.7426,50.0284,-0.0284,-1.9029,-2.1798,152.6562,63.8397,,,98.7,-0.18
3115,00h 51m 55s,66.716,False,False,2.7112,69.6138,50.0277,-0.0277,-1.9472,-2.2307,52.701,67.6666,50.0,0.0,-1.924,-2.2053,102.664,65.7426,50.0284,-0.0284,-1.9029,-2.1798,152.6562,63.8397,,,98.7,-0.18
3116,00h 51m 56s,66.716,False,False,2.7112,69.6138,50.0277,-0.0277,-1.9472,-2.2307,52.701,67.6666,50.0,0.0,-1.924,-2.2053,102.664,65.7426,50.0284,-0.0284,-1.9029,-2.1798,152.6562,63.8397,,,98.7,-0.18
3117,00h 51m 57s,66.716,False,False,2.7112,69.6138,50.0277,-0.0277,-1.9472,-2.2307,52.701,67.6666,50.0,0.0,-1.924,-2.2053,102.664,65.7426,50.0284,-0.0284,-1.9029,-2.1798,152.6562,63.8397,,,98.7,-0.18
3118,00h 51m 58s,66.716,False,False,2.7112,69.6138,50.0277,-0.0277,-1.9472,-2.2307,52.701,67.6666,50.0,0.0,-1.924,-2.2053,102.664,65.7426,50.0284,-0.0284,-1.9029,-2.1798,152.6562,63.8397,,,98.7,-0.18
3119,00h 51m 59s,66.716,False,False,2.7112,69.6138,50.0277,-0.0277,-1.9472,-2.2307,52.701,67.6666,50.0,0.0,-1.924,-2.2053,102.664,65.7426,50.0284,-0.0284,-1.9029,-2.1798,152.6562,63.8397,,,98.7,-0.18
3120,00h 52m 00s,66.74,False,False,2.7129,69.6617,50.0278,-0.0278,-1.9953,-2.2858,52.701,67.6663,50.0,0.0,-1.9235,-2.2047,102.664,65.7428,50.0286,-0.0286,-1.8538,-2.1235,152.6582,63.8891,,,98.7,-0.18
3121,00h 52m 01s,66.808,False,False,2.7151,69.7103,50.028,-0.028,-1.9573,-2.2422,52.7048,67.753,50.0,0.0,-1.9233,-2.2044,102.6678,65.8298,50.028,-0.028,-1.8914,-2.1667,152.66,63.9384,,,99.2,-0.18
3122,00h 52m 02s,66.876,False,False,2.7177,69.7586,50.0269,-0.0269,-1.9189,-2.1982,52.7078,67.8397,50.0,0.0,-1.9229,-2.2041,102.6709,65.9168,50.0269,-0.0269,-1.9291,-2.21,152.6606,63.9877,,,99.0,-0.18
3123,00h 52m 03s,66.943,False,False,2.7185,69.8067,50.0271,-0.0271,-1.8806,-2.1544,52.7103,67.9261,50.0,0.0,-1.9226,-2.2037,102.6733,66.0035,50.0271,-0.0271,-1.9667,-2.253,152.6618,64.0368,,,98.1,-0.18
3124,00h 52m 04s,67.011,False,False,2.7198,69.8548,50.0276,-0.0276,-1.8422,-2.1103,52.7135,68.0126,50.0,0.0,-1.9222,-2.2032,102.6765,66.0905,50.0275,-0.0275,-2.0043,-2.2961,152.6639,64.0862,,,97.9,-0.18
3125,00h 52m 05s,67.079,False,False,2.7218,69.9037,50.0277,-0.0277,-1.8046,-2.0673,52.717,68.099,50.0,0.0,-1.9221,-2.2031,102.68,66.1769,50.0277,-0.0277,-2.0417,-2.339,152.666,64.1352,,,98.1,-0.18
3126,00h 52m 06s,67.146,False,False,2.7237,69.9521,50.0276,-0.0276,-1.7667,-2.0238,52.7202,68.1854,50.0,0.0,-1.9218,-2.2027,102.6832,66.2636,50.0276,-0.0276,-2.079,-2.3817,152.6676,64.1847,,,98.0,-0.08
3127,00h 52m 07s,67.171,False,False,2.7244,70.0009,50.0287,-0.0287,-1.8156,-2.0798,52.7202,68.1853,50.0,0.0,-1.9216,-2.2026,102.6832,66.2637,50.0272,-0.0272,-2.0298,-2.3254,152.6692,64.2339,,,98.0,-0.08
3128,00h 52m 08s,67.195,False,False,2.7257,70.0488,50.0292,-0.0292,-1.8637,-2.1349,52.7202,68.1851,50.0,0.0,-1.9212,-2.2021,102.6832,66.2639,50.026,-0.026,-1.9809,-2.2694,152.67,64.283,,,98.0,-0.08
3129,00h 52m 09s,67.22,False,False,2.7279,70.0976,50.0289,-0.0289,-1.9125,-2.1908,52.7202,68.1851,50.0,0.0,-1.9211,-2.202,102.6832,66.264,50.026,-0.026,-1.9319,-2.2132,152.6719,64.332,,,98.0,-0.08
3130,00h 52m 10s,67.244,False,False,2.7294,70.1455,50.0291,-0.0291,-1.9606,-2.246,52.7202,68.1849,50.0,0.0,-1.9207,-2.2015,102.6833,66.2642,50.026,-0.026,-1.8829,-2.1571,152.6738,64.3812,,,98.0,-0.08
3131,00h 52m 11s,67.268,False,False,2.7305,70.1937,50.03,-0.03,-2.009,-2.3013,52.7201,68.1847,50.0,0.0,-1.9204,-2.2012,102.6833,66.2643,50.0263,-0.0263,-1.834,-2.101,152.6759,64.4303,,,98.0,-0.08
3132,00h 52m 12s,67.336,False,False,2.733,70.2425,50.028,-0.028,-1.9713,-2.2582,52.7221,68.2713,50.0,0.0,-1.9203,-2.201,102.6852,66.351,50.028,-0.028,-1.8715,-2.1438,152.6782,64.4795,,,96.7,-0.08
3133,00h 52m 13s,67.404,False,False,2.7349,70.2905,50.028,-0.028,-1.933,-2.2143,52.7256,68.3575,50.0,0.0,-1.9198,-2.2005,102.6887,66.4377,50.028,-0.028,-1.9088,-2.1867,152.6803,64.5289,,,96.8,-0.08
3134,00h 52m 14s,67.471,False,False,2.736,70.3387,50.0281,-0.0281,-1.8946,-2.1704,52.7282,68.4441,50.0,0.0,-1.9194,-2.2,102.6913,66.5247,50.0281,-0.0281,-1.9463,-2.2297,152.6815,64.5784,,,96.1,-0.08
3135,00h 52m 15s,67.539,False,False,2.738,70.3871,50.028,-0.028,-1.8567,-2.1269,52.7316,68.5305,50.0,0.0,-1.9191,-2.1997,102.6947,66.6114,50.028,-0.028,-1.9837,-2.2725,152.6834,64.6276,,,96.2,-0.08
3136,00h 52m 16s,67.607,False,False,2.7393,70.4357,50.0285,-0.0285,-1.8186,-2.0832,52.7348,68.6171,50.0,0.0,-1.9188,-2.1994,102.6979,66.6983,50.0285,-0.0285,-2.0212,-2.3155,152.6856,64.677,,,96.0,-0.08
3137,00h 52m 17s,67.675,False,False,2.7411,70.4839,50.0282,-0.0282,-1.7806,-2.0397,52.7377,68.7033,50.0,0.0,-1.9185,-2.1989,102.7009,66.7849,50.0282,-0.0282,-2.0585,-2.3582,152.6867,64.7263,,,95.6,-0.26
3138,00h 52m 18s,67.742,False,False,2.743,70.5325,50.0282,-0.0282,-1.7425,-1.996,52.7409,68.7901,50.0,0.0,-1.9183,-2.1987,102.704,66.8718,50.0281,-0.0281,-2.0963,-2.4015,152.6882,64.7755,,,95.5,-0.26
3139,00h 52m 19s,67.767,False,False,2.7449,70.5807,50.028,-0.028,-1.7908,-2.0514,52.7408,68.7899,50.0,0.0,-1.918,-2.1984,102.704,66.8719,50.0268,-0.0268,-2.0474,-2.3455,152.689,64.8246,,,95.5,-0.26
3140,00h 52m 20s,67.791,False,False,2.7464,70.6286,50.0283,-0.0283,-1.8389,-2.1065,52.7408,68.7897,50.0,0.0,-1.9175,-2.1978,102.7041,66.8722,50.0258,-0.0258,-1.9981,-2.2891,152.6899,64.8741,,,95.5,-0.26
3141,00h 52m 21s,67.815,False,False,2.7485,70.6767,50.0279,-0.0279,-1.8872,-2.1618,52.7408,68.7895,50.0,0.0,-1.9171,-2.1974,102.7041,66.8724,50.0253,-0.0253,-1.9492,-2.233,152.6914,64.9232,,,95.5,-0.26
3142,00h 52m 22s,67.828,True,False,2.7485,70.6767,50.0279,-0.0279,-1.8953,-2.1712,52.7405,68.7813,50.0,0.0,-1.9008,-2.1787,102.7044,66.8805,50.0259,-0.0259,-1.9083,-2.1861,152.6939,64.9723,,,95.5,-0.26
3143,00h 52m 23s,67.84,True,False,2.7485,70.6767,50.0279,-0.0279,-1.9036,-2.1806,52.7402,68.7731,50.0,0.0,-1.8844,-2.1598,102.7047,66.8887,50.0258,-0.0258,-1.8672,-2.139,152.6956,65.0215,,,95.5,-0.26
3144,00h 52m 24s,67.864,False,False,2.7509,70.7254,50.0274,-0.0274,-1.9523,-2.2366,52.7402,68.773,50.0,0.0,-1.8842,-2.1597,102.7047,66.8888,50.0257,-0.0257,-1.8181,-2.0828,152.6973,65.0707,,,95.5,-0.26
3145,00h 52m 25s,67.932,False,False,2.7532,70.7733,50.0262,-0.0262,-1.9137,-2.1924,52.7428,68.8596,50.0,0.0,-1.8839,-2.1593,102.7073,66.9757,50.0262,-0.0262,-1.856,-2.1262,152.699,65.1197,,,94.7,-0.26
3146,00h 52m 26s,68.0,False,False,2.7558,70.8217,50.0263,-0.0263,-1.8758,-2.1488,52.747,68.946,50.0,0.0,-1.8836,-2.159,102.7115,67.0623,50.0263,-0.0263,-1.8935,-2.1691,152.702,65.1689,,,95.6,-0.26
3147,00h 52m 27s,68.068,False,False,2.7559,70.8701,50.0271,-0.0271,-1.8375,-2.105,52.7493,69.0326,50.0,0.0,-1.8833,-2.1586,102.7138,67.1494,50.0271,-0.0271,-1.9311,-2.2122,152.7036,65.2182,,,94.6,-0.26
3148,00h 52m 28s,68.135,False,False,2.7577,70.918,50.027,-0.027,-1.7992,-2.061,52.7524,69.1188,50.0,0.0,-1.8828,-2.158,102.7169,67.2361,50.027,-0.027,-1.9684,-2.255,152.7051,65.2677,,,94.3,-0.26
3149,00h 52m 29s,68.203,False,False,2.7593,70.9667,50.0271,-0.0271,-1.7615,-2.0178,52.7554,69.2052,50.0,0.0,-1.8826,-2.1578,102.72,67.3226,50.027,-0.027,-2.0058,-2.2978,152.7068,65.3169,,,94.1,-0.17
3150,00h 52m 30s,68.203,False,False,2.7593,70.9667,50.0271,-0.0271,-1.7615,-2.0178,52.7554,69.2052,50.0,0.0,-1.8826,-2.1578,102.72,67.3226,50.027,-0.027,-2.0058,-2.2978,152.7068,65.3169,,,94.1,-0.17
3151,00h 52m 31s,68.203,False,False,2.7593,70.9667,50.0271,-0.0271,-1.7615,-2.0178,52.7554,69.2052,50.0,0.0,-1.8826,-2.1578,102.72,67.3226,50.027,-0.027,-2.0058,-2.2978,152.7068,65.3169,,,94.1,-0.17
3152,00h 52m 32s,68.203,False,False,2.7593,70.9667,50.0271,-0.0271,-1.7615,-2.0178,52.7554,69.2052,50.0,0.0,-1.8826,-2.1578,102.72,67.3226,50.027,-0.027,-2.0058,-2.2978,152.7068,65.3169,,,94.1,-0.17
3153,00h 52m 33s,68.203,False,False,2.7593,70.9667,50.0271,-0.0271,-1.7615,-2.0178,52.7554,69.2052,50.0,0.0,-1.8826,-2.1578,102.72,67.3226,50.027,-0.027,-2.0058,-2.2978,152.7068,65.3169,,,94.1,-0.17
3154,00h 52m 34s,68.203,False,False,2.7593,70.9667,50.0271,-0.0271,-1.7615,-2.0178,52.7554,69.2052,50.0,0.0,-1.8826,-2.1578,102.72,67.3226,50.027,-0.027,-2.0058,-2.2978,152.7068,65.3169,,,94.1,-0.17
3155,00h 52m 35s,68.203,False,False,2.7593,70.9667,50.0271,-0.0271,-1.7615,-2.0178,52.7554,69.2052,50.0,0.0,-1.8826,-2.1578,102.72,67.3226,50.027,-0.027,-2.0058,-2.2978,152.7068,65.3169,,,94.1,-0.17
3156,00h 52m 36s,68.203,False,False,2.7593,70.9667,50.0271,-0.0271,-1.7615,-2.0178,52.7554,69.2052,50.0,0.0,-1.8826,-2.1578,102.72,67.3226,50.027,-0.027,-2.0058,-2.2978,152.7068,65.3169,,,94.1,-0.17
3157,00h 52m 37s,68.203,False,False,2.7593,70.9667,50.0271,-0.0271,-1.7615,-2.0178,52.7554,69.2052,50.0,0.0,-1.8826,-2.1578,102.72,67.3226,50.027,-0.027,-2.0058,-2.2978,152.7068,65.3169,,,94.1,-0.17
3158,00h 52m 38s,68.203,False,False,2.7593,70.9667,50.0271,-0.0271,-1.7615,-2.0178,52.7554,69.2052,50.0,0.0,-1.8826,-2.1578,102.72,67.3226,50.027,-0.027,-2.0058,-2.2978,152.7068,65.3169,,,94.1,-0.17
3159,00h 52m 39s,68.203,False,False,2.7593,70.9667,50.0271,-0.0271,-1.7615,-2.0178,52.7554,69.2052,50.0,0.0,-1.8826,-2.1578,102.72,67.3226,50.027,-0.027,-2.0058,-2.2978,152.7068,65.3169,,,94.1,-0.17
3160,00h 52m 40s,68.203,False,False,2.7593,70.9667,50.0271,-0.0271,-1.7615,-2.0178,52.7554,69.2052,50.0,0.0,-1.8826,-2.1578,102.72,67.3226,50.027,-0.027,-2.0058,-2.2978,152.7068,65.3169,,,94.1,-0.17
3161,00h 52m 41s,68.203,False,False,2.7593,70.9667,50.0271,-0.0271,-1.7615,-2.0178,52.7554,69.2052,50.0,0.0,-1.8826,-2.1578,102.72,67.3226,50.027,-0.027,-2.0058,-2.2978,152.7068,65.3169,,,94.1,-0.17
3162,00h 52m 42s,68.203,False,False,2.7593,70.9667,50.0271,-0.0271,-1.7615,-2.0178,52.7554,69.2052,50.0,0.0,-1.8826,-2.1578,102.72,67.3226,50.027,-0.027,-2.0058,-2.2978,152.7068,65.3169,,,94.1,-0.17
3163,00h 52m 43s,68.203,False,False,2.7593,70.9667,50.0271,-0.0271,-1.7615,-2.0178,52.7554,69.2052,50.0,0.0,-1.8826,-2.1578,102.72,67.3226,50.027,-0.027,-2.0058,-2.2978,152.7068,65.3169,,,94.1,-0.17
3164,00h 52m 44s,68.203,False,False,2.7593,70.9667,50.0271,-0.0271,-1.7615,-2.0178,52.7554,69.2052,50.0,0.0,-1.8826,-2.1578,102.72,67.3226,50.027,-0.027,-2.0058,-2.2978,152.7068,65.3169,,,94.1,-0.17
3165,00h 52m 45s,68.203,False,False,2.7593,70.9667,50.0271,-0.0271,-1.7615,-2.0178,52.7554,69.2052,50.0,0.0,-1.8826,-2.1578,102.72,67.3226,50.027,-0.027,-2.0058,-2.2978,152.7068,65.3169,,,94.1,-0.17
3166,00h 52m 46s,68.203,False,False,2.7593,70.9667,50.0271,-0.0271,-1.7615,-2.0178,52.7554,69.2052,50.0,0.0,-1.8826,-2.1578,102.72,67.3226,50.027,-0.027,-2.0058,-2.2978,152.7068,65.3169,,,94.1,-0.17
3167,00h 52m 47s,68.203,False,False,2.7593,70.9667,50.0271,-0.0271,-1.7615,-2.0178,52.7554,69.2052,50.0,0.0,-1.8826,-2.1578,102.72,67.3226,50.027,-0.027,-2.0058,-2.2978,152.7068,65.3169,,,94.1,-0.17
3168,00h 52m 48s,68.203,False,False,2.7593,70.9667,50.0271,-0.0271,-1.7615,-2.0178,52.7554,69.2052,50.0,0.0,-1.8826,-2.1578,102.72,67.3226,50.027,-0.027,-2.0058,-2.2978,152.7068,65.3169,,,94.1,-0.17
3169,00h 52m 49s,68.203,False,False,2.7593,70.9667,50.0271,-0.0271,-1.7615,-2.0178,52.7554,69.2052,50.0,0.0,-1.8826,-2.1578,102.72,67.3226,50.027,-0.027,-2.0058,-2.2978,152.7068,65.3169,,,94.1,-0.17
3170,00h 52m 50s,68.203,False,False,2.7593,70.9667,50.0271,-0.0271,-1.7615,-2.0178,52.7554,69.2052,50.0,0.0,-1.8826,-2.1578,102.72,67.3226,50.027,-0.027,-2.0058,-2.2978,152.7068,65.3169,,,94.1,-0.17
3171,00h 52m 51s,68.203,False,False,2.7593,70.9667,50.0271,-0.0271,-1.7615,-2.0178,52.7554,69.2052,50.0,0.0,-1.8826,-2.1578,102.72,67.3226,50.027,-0.027,-2.0058,-2.2978,152.7068,65.3169,,,94.1,-0.17
3172,00h 52m 52s,68.203,False,False,2.7593,70.9667,50.0271,-0.0271,-1.7615,-2.0178,52.7554,69.2052,50.0,0.0,-1.8826,-2.1578,102.72,67.3226,50.027,-0.027,-2.0058,-2.2978,152.7068,65.3169,,,94.1,-0.17
3173,00h 52m 53s,68.203,False,False,2.7593,70.9667,50.0271,-0.0271,-1.7615,-2.0178,52.7554,69.2052,50.0,0.0,-1.8826,-2.1578,102.72,67.3226,50.027,-0.027,-2.0058,-2.2978,152.7068,65.3169,,,94.1,-0.17
3174,00h 52m 54s,68.203,False,False,2.7593,70.9667,50.0271,-0.0271,-1.7615,-2.0178,52.7554,69.2052,50.0,0.0,-1.8826,-2.1578,102.72,67.3226,50.027,-0.027,-2.0058,-2.2978,152.7068,65.3169,,,94.1,-0.17
3175,00h 52m 55s,68.203,False,False,2.7593,70.9667,50.0271,-0.0271,-1.7615,-2.0178,52.7554,69.2052,50.0,0.0,-1.8826,-2.1578,102.72,67.3226,50.027,-0.027,-2.0058,-2.2978,152.7068,65.3169,,,94.1,-0.17
3176,00h 52m 56s,68.203,False,False,2.7593,70.9667,50.0271,-0.0271,-1.7615,-2.0178,52.7554,69.2052,50.0,0.0,-1.8826,-2.1578,102.72,67.3226,50.027,-0.027,-2.0058,-2.2978,152.7068,65.3169,,,94.1,-0.17
3177,00h 52m 57s,68.203,False,False,2.7593,70.9667,50.0271,-0.0271,-1.7615,-2.0178,52.7554,69.2052,50.0,0.0,-1.8826,-2.1578,102.72,67.3226,50.027,-0.027,-2.0058,-2.2978,152.7068,65.3169,,,94.1,-0.17
3178,00h 52m 58s,68.203,False,False,2.7593,70.9667,50.0271,-0.0271,-1.7615,-2.0178,52.7554,69.2052,50.0,0.0,-1.8826,-2.1578,102.72,67.3226,50.027,-0.027,-2.0058,-2.2978,152.7068,65.3169,,,94.1,-0.17
3179,00h 52m 59s,68.203,False,False,2.7593,70.9667,50.0271,-0.0271,-1.7615,-2.0178,52.7554,69.2052,50.0,0.0,-1.8826,-2.1578,102.72,67.3226,50.027,-0.027,-2.0058,-2.2978,152.7068,65.3169,,,94.1,-0.17
3180,00h 53m 00s,68.227,False,False,2.7614,71.0152,50.0267,-0.0267,-1.8101,-2.0736,52.7554,69.2051,50.0,0.0,-1.8824,-2.1575,102.72,67.3228,50.027,-0.027,-1.9566,-2.2415,152.7087,65.3661,,,94.1,-0.17
3181,00h 53m 01s,68.252,False,False,2.7635,71.064,50.0264,-0.0264,-1.8589,-2.1295,52.7554,69.2051,50.0,0.0,-1.8823,-2.1574,102.72,67.3228,50.0267,-0.0267,-1.9076,-2.1854,152.7102,65.4151,,,94.1,-0.17
3182,00h 53m 02s,68.276,False,False,2.7657,71.1122,50.0261,-0.0261,-1.9073,-2.185,52.7554,69.2049,50.0,0.0,-1.8819,-2.157,102.72,67.323,50.0266,-0.0266,-1.8586,-2.1291,152.7121,65.4644,,,94.1,-0.17
3183,00h 53m 03s,68.3,False,False,2.7672,71.16,50.0264,-0.0264,-1.9553,-2.24,52.7554,69.2046,50.0,0.0,-1.8814,-2.1565,102.72,67.3232,50.0275,-0.0275,-1.8095,-2.0729,152.7147,65.5137,,,94.1,-0.17
3184,00h 53m 04s,68.368,False,False,2.7691,71.2084,50.0263,-0.0263,-1.9171,-2.1962,52.7586,69.2913,50.0,0.0,-1.8811,-2.1561,102.7232,67.4102,50.0263,-0.0263,-1.8471,-2.116,152.7154,65.563,,,94.0,-0.17
3185,00h 53m 05s,68.436,False,False,2.7708,71.2562,50.0264,-0.0264,-1.8783,-2.1517,52.7619,69.378,50.0,0.0,-1.8807,-2.1557,102.7265,67.4972,50.0264,-0.0264,-1.8852,-2.1596,152.7174,65.6121,,,94.0,-0.17
3186,00h 53m 06s,68.504,False,False,2.7715,71.3046,50.0266,-0.0266,-1.8399,-2.1078,52.7643,69.4646,50.0,0.0,-1.8805,-2.1554,102.7289,67.5841,50.0266,-0.0266,-1.923,-2.203,152.7186,65.6611,,,93.0,-0.17
3187,00h 53m 07s,68.571,False,False,2.7721,71.3524,50.027,-0.027,-1.8013,-2.0635,52.7667,69.5511,50.0,0.0,-1.8801,-2.1549,102.7314,67.671,50.027,-0.027,-1.9608,-2.2463,152.7199,65.7102,,,92.1,-0.17
3188,00h 53m 08s,68.639,False,False,2.7732,71.401,50.0273,-0.0273,-1.7636,-2.0202,52.7694,69.6375,50.0,0.0,-1.8798,-2.1546,102.7341,67.7576,50.0273,-0.0273,-1.9981,-2.2891,152.7214,65.7595,,,91.5,-0.17
3189,00h 53m 09s,68.707,False,True,2.7749,71.4495,50.0273,-0.0273,-1.7257,-1.9769,52.7725,69.7238,50.0,0.0,-1.8796,-2.1544,102.7371,67.8441,50.0273,-0.0273,-2.0356,-2.332,152.723,65.8086,,,91.3,-0.31
3190,00h 53m 10s,68.731,False,True,2.7763,71.4977,50.0277,-0.0277,-1.7741,-2.0322,52.7725,69.7236,50.0,0.0,-1.8793,-2.1541,102.7372,67.8443,50.0286,-0.0286,-1.9867,-2.2759,152.7263,65.8576,,,91.3,-0.31
3191,00h 53m 11s,68.743,False,True,2.7789,71.546,50.0268,-0.0268,-1.8143,-2.0784,52.7728,69.7317,50.0,0.0,-1.8954,-2.1725,102.7368,67.8362,50.0286,-0.0286,-1.9787,-2.2667,152.7263,65.8576,,,91.3,-0.31
3192,00h 53m 12s,68.755,False,True,2.7806,71.5943,50.0269,-0.0269,-1.8546,-2.1245,52.7731,69.7397,50.0,0.0,-1.9115,-2.191,102.7365,67.8282,50.0286,-0.0286,-1.9706,-2.2575,152.7263,65.8576,,,91.2,-0.31
3193,00h 53m 13s,68.767,False,True,2.7827,71.6429,50.0266,-0.0266,-1.8951,-2.1709,52.7734,69.7478,50.0,0.0,-1.9277,-2.2096,102.7362,67.8201,50.0285,-0.0285,-1.9625,-2.2482,152.7263,65.8576,,,91.2,-0.31
3194,00h 53m 14s,68.779,False,True,2.785,71.691,50.0261,-0.0261,-1.9351,-2.2169,52.7737,69.7558,50.0,0.0,-1.9438,-2.228,102.7359,67.8121,50.0285,-0.0285,-1.9545,-2.239,152.7263,65.8576,,,91.3,-0.31
3195,00h 53m 15s,68.791,False,True,2.7869,71.7393,50.0262,-0.0262,-1.9754,-2.2631,52.774,69.7639,50.0,0.0,-1.9599,-2.2464,102.7356,67.804,50.0285,-0.0285,-1.9465,-2.2298,152.7263,65.8576,,,91.3,-0.31
3196,00h 53m 16s,68.803,False,True,2.7887,71.7878,50.0263,-0.0263,-2.0158,-2.3094,52.7743,69.772,50.0,0.0,-1.976,-2.2649,102.7353,67.796,50.0285,-0.0285,-1.9384,-2.2205,152.7263,65.8576,,,91.3,-0.31
3197,00h 53m 17s,68.815,False,True,2.7907,71.8359,50.0262,-0.0262,-2.0559,-2.3554,52.7747,69.78,50.0,0.0,-1.9921,-2.2833,102.735,67.7879,50.0286,-0.0286,-1.9304,-2.2113,152.7263,65.8576,,,91.3,-0.31
3198,00h 53m 18s,68.827,False,True,2.7931,71.884,50.0258,-0.0258,-2.096,-2.4013,52.775,69.788,50.0,0.0,-2.0081,-2.3017,102.7346,67.7799,50.0286,-0.0286,-1.9223,-2.2021,152.7263,65.8576,,,91.3,-0.31
3199,00h 53m 19s,68.883,False,True,2.7948,71.9321,50.0272,-0.0272,-2.0493,-2.3477,52.7801,69.8829,50.0,0.0,-2.0241,-2.3201,102.7391,67.8587,50.0272,-0.0272,-2.0012,-2.2925,152.7263,65.8576,,,92.7,-0.31
3200,00h 53m 20s,68.951,False,True,2.7958,71.9802,50.0276,-0.0276,-2.0108,-2.3035,52.783,69.9695,50.0,0.0,-2.0238,-2.3197,102.742,67.9457,50.0276,-0.0276,-2.039,-2.3359,152.7281,65.9067,,,92.3,-0.31
3201,00h 53m 21s,69.018,False,True,2.7983,72.0283,50.0279,-0.0279,-1.9722,-2.2593,52.7872,70.056,50.0,0.0,-2.0234,-2.3192,102.7463,68.0327,50.0279,-0.0279,-2.0767,-2.3791,152.731,65.9559,,,93.2,-0.31
3202,00h 53m 22s,69.086,False,True,2.801,72.0761,50.0268,-0.0268,-1.9336,-2.2152,52.7904,70.1425,50.0,0.0,-2.0229,-2.3187,102.7495,68.1196,50.0268,-0.0268,-2.1143,-2.4223,152.7316,66.0053,,,93.1,-0.31
3203,00h 53m 23s,69.153,False,True,2.8029,72.1242,50.027,-0.027,-1.8952,-2.1711,52.794,70.229,50.0,0.0,-2.0226,-2.3183,102.7531,68.2064,50.027,-0.027,-2.1521,-2.4655,152.7338,66.0543,,,93.4,0.24
3204,00h 53m 24s,69.221,False,True,2.8053,72.1729,50.0266,-0.0266,-1.8576,-2.128,52.7974,70.3154,50.0,0.0,-2.0225,-2.3182,102.7565,68.2929,50.0265,-0.0265,-2.1895,-2.5084,152.7351,66.1034,,,93.5,0.24
3205,00h 53m 25s,69.246,False,True,2.8072,72.2213,50.0266,-0.0266,-1.9061,-2.1836,52.7974,70.3152,50.0,0.0,-2.0222,-2.3179,102.7565,68.293,50.0259,-0.0259,-2.1404,-2.4522,152.7365,66.1526,,,93.5,0.24
3206,00h 53m 26s,69.258,False,True,2.8086,72.2694,50.027,-0.027,-1.9461,-2.2295,52.7977,70.3232,50.0,0.0,-2.0382,-2.3363,102.7562,68.285,50.0258,-0.0258,-2.1324,-2.443,152.7365,66.1526,,,93.5,0.24
3207,00h 53m 27s,69.27,False,True,2.8107,72.3172,50.0268,-0.0268,-1.986,-2.2752,52.7981,70.3312,50.0,0.0,-2.0542,-2.3545,102.7558,68.277,50.0258,-0.0258,-2.1244,-2.4339,152.7365,66.1526,,,93.5,0.24
3208,00h 53m 28s,69.281,False,True,2.813,72.365,50.0264,-0.0264,-2.0259,-2.3209,52.7984,70.3392,50.0,0.0,-2.0701,-2.3728,102.7555,68.2691,50.0258,-0.0258,-2.1165,-2.4248,152.7365,66.1526,,,93.5,0.24
3209,00h 53m 29s,69.294,False,True,2.8159,72.4136,50.0255,-0.0255,-2.0663,-2.3673,52.7987,70.3473,50.0,0.0,-2.0863,-2.3914,102.7552,68.261,50.0258,-0.0258,-2.1084,-2.4155,152.7365,66.1526,,,93.5,0.24
3210,00h 53m 30s,69.294,False,True,2.8159,72.4136,50.0255,-0.0255,-2.0663,-2.3673,52.7987,70.3473,50.0,0.0,-2.0863,-2.3914,102.7552,68.261,50.0258,-0.0258,-2.1084,-2.4155,152.7365,66.1526,,,93.5,0.24
3211,00h 53m 31s,69.294,False,True,2.8159,72.4136,50.0255,-0.0255,-2.0663,-2.3673,52.7987,70.3473,50.0,0.0,-2.0863,-2.3914,102.7552,68.261,50.0258,-0.0258,-2.1084,-2.4155,152.7365,66.1526,,,93.5,0.24
3212,00h 53m 32s,69.294,False,True,2.8159,72.4136,50.0255,-0.0255,-2.0663,-2.3673,52.7987,70.3473,50.0,0.0,-2.0863,-2.3914,102.7552,68.261,50.0258,-0.0258,-2.1084,-2.4155,152.7365,66.1526,,,93.5,0.24
3213,00h 53m 33s,69.294,False,True,2.8159,72.4136,50.0255,-0.0255,-2.0663,-2.3673,52.7987,70.3473,50.0,0.0,-2.0863,-2.3914,102.7552,68.261,50.0258,-0.0258,-2.1084,-2.4155,152.7365,66.1526,,,93.5,0.24
3214,00h 53m 34s,69.294,False,True,2.8159,72.4136,50.0255,-0.0255,-2.0663,-2.3673,52.7987,70.3473,50.0,0.0,-2.0863,-2.3914,102.7552,68.261,50.0258,-0.0258,-2.1084,-2.4155,152.7365,66.1526,,,93.5,0.24
3215,00h 53m 35s,69.294,False,True,2.8159,72.4136,50.0255,-0.0255,-2.0663,-2.3673,52.7987,70.3473,50.0,0.0,-2.0863,-2.3914,102.7552,68.261,50.0258,-0.0258,-2.1084,-2.4155,152.7365,66.1526,,,93.5,0.24
3216,00h 53m 36s,69.294,False,True,2.8159,72.4136,50.0255,-0.0255,-2.0663,-2.3673,52.7987,70.3473,50.0,0.0,-2.0863,-2.3914,102.7552,68.261,50.0258,-0.0258,-2.1084,-2.4155,152.7365,66.1526,,,93.5,0.24
3217,00h 53m 37s,69.294,False,True,2.8159,72.4136,50.0255,-0.0255,-2.0663,-2.3673,52.7987,70.3473,50.0,0.0,-2.0863,-2.3914,102.7552,68.261,50.0258,-0.0258,-2.1084,-2.4155,152.7365,66.1526,,,93.5,0.24
3218,00h 53m 38s,69.294,False,True,2.8159,72.4136,50.0255,-0.0255,-2.0663,-2.3673,52.7987,70.3473,50.0,0.0,-2.0863,-2.3914,102.7552,68.261,50.0258,-0.0258,-2.1084,-2.4155,152.7365,66.1526,,,93.5,0.24
3219,00h 53m 39s,69.294,False,True,2.8159,72.4136,50.0255,-0.0255,-2.0663,-2.3673,52.7987,70.3473,50.0,0.0,-2.0863,-2.3914,102.7552,68.261,50.0258,-0.0258,-2.1084,-2.4155,152.7365,66.1526,,,93.5,0.24
3220,00h 53m 40s,69.294,False,True,2.8159,72.4136,50.0255,-0.0255,-2.0663,-2.3673,52.7987,70.3473,50.0,0.0,-2.0863,-2.3914,102.7552,68.261,50.0258,-0.0258,-2.1084,-2.4155,152.7365,66.1526,,,93.5,0.24
3221,00h 53m 41s,69.294,False,True,2.8159,72.4136,50.0255,-0.0255,-2.0663,-2.3673,52.7987,70.3473,50.0,0.0,-2.0863,-2.3914,102.7552,68.261,50.0258,-0.0258,-2.1084,-2.4155,152.7365,66.1526,,,93.5,0.24
3222,00h 53m 42s,69.294,False,True,2.8159,72.4136,50.0255,-0.0255,-2.0663,-2.3673,52.7987,70.3473,50.0,0.0,-2.0863,-2.3914,102.7552,68.261,50.0258,-0.0258,-2.1084,-2.4155,152.7365,66.1526,,,93.5,0.24
3223,00h 53m 43s,69.294,False,True,2.8159,72.4136,50.0255,-0.0255,-2.0663,-2.3673,52.7987,70.3473,50.0,0.0,-2.0863,-2.3914,102.7552,68.261,50.0258,-0.0258,-2.1084,-2.4155,152.7365,66.1526,,,93.5,0.24
3224,00h 53m 44s,69.294,False,True,2.8159,72.4136,50.0255,-0.0255,-2.0663,-2.3673,52.7987,70.3473,50.0,0.0,-2.0863,-2.3914,102.7552,68.261,50.0258,-0.0258,-2.1084,-2.4155,152.7365,66.1526,,,93.5,0.24
3225,00h 53m 45s,69.294,False,True,2.8159,72.4136,50.0255,-0.0255,-2.0663,-2.3673,52.7987,70.3473,50.0,0.0,-2.0863,-2.3914,102.7552,68.261,50.0258,-0.0258,-2.1084,-2.4155,152.7365,66.1526,,,93.5,0.24
3226,00h 53m 46s,69.294,False,True,2.8159,72.4136,50.0255,-0.0255,-2.0663,-2.3673,52.7987,70.3473,50.0,0.0,-2.0863,-2.3914,102.7552,68.261,50.0258,-0.0258,-2.1084,-2.4155,152.7365,66.1526,,,93.5,0.24
3227,00h 53m 47s,69.294,False,True,2.8159,72.4136,50.0255,-0.0255,-2.0663,-2.3673,52.7987,70.3473,50.0,0.0,-2.0863,-2.3914,102.7552,68.261,50.0258,-0.0258,-2.1084,-2.4155,152.7365,66.1526,,,93.5,0.24
3228,00h 53m 48s,69.294,False,True,2.8159,72.4136,50.0255,-0.0255,-2.0663,-2.3673,52.7987,70.3473,50.0,0.0,-2.0863,-2.3914,102.7552,68.261,50.0258,-0.0258,-2.1084,-2.4155,152.7365,66.1526,,,93.5,0.24
3229,00h 53m 49s,69.294,False,True,2.8159,72.4136,50.0255,-0.0255,-2.0663,-2.3673,52.7987,70.3473,50.0,0.0,-2.0863,-2.3914,102.7552,68.261,50.0258,-0.0258,-2.1084,-2.4155,152.7365,66.1526,,,93.5,0.24
3230,00h 53m 50s,69.294,False,True,2.8159,72.4136,50.0255,-0.0255,-2.0663,-2.3673,52.7987,70.3473,50.0,0.0,-2.0863,-2.3914,102.7552,68.261,50.0258,-0.0258,-2.1084,-2.4155,152.7365,66.1526,,,93.5,0.24
3231,00h 53m 51s,69.294,False,True,2.8159,72.4136,50.0255,-0.0255,-2.0663,-2.3673,52.7987,70.3473,50.0,0.0,-2.0863,-2.3914,102.7552,68.261,50.0258,-0.0258,-2.1084,-2.4155,152.7365,66.1526,,,93.5,0.24
3232,00h 53m 52s,69.294,False,True,2.8159,72.4136,50.0255,-0.0255,-2.0663,-2.3673,52.7987,70.3473,50.0,0.0,-2.0863,-2.3914,102.7552,68.261,50.0258,-0.0258,-2.1084,-2.4155,152.7365,66.1526,,,93.5,0.24
3233,00h 53m 53s,69.294,False,True,2.8159,72.4136,50.0255,-0.0255,-2.0663,-2.3673,52.7987,70.3473,50.0,0.0,-2.0863,-2.3914,102.7552,68.261,50.0258,-0.0258,-2.1084,-2.4155,152.7365,66.1526,,,93.5,0.24
3234,00h 53m 54s,69.294,False,True,2.8159,72.4136,50.0255,-0.0255,-2.0663,-2.3673,52.7987,70.3473,50.0,0.0,-2.0863,-2.3914,102.7552,68.261,50.0258,-0.0258,-2.1084,-2.4155,152.7365,66.1526,,,93.5,0.24
3235,00h 53m 55s,69.294,False,True,2.8159,72.4136,50.0255,-0.0255,-2.0663,-2.3673,52.7987,70.3473,50.0,0.0,-2.0863,-2.3914,102.7552,68.261,50.0258,-0.0258,-2.1084,-2.4155,152.7365,66.1526,,,93.5,0.24
3236,00h 53m 56s,69.294,False,True,2.8159,72.4136,50.0255,-0.0255,-2.0663,-2.3673,52.7987,70.3473,50.0,0.0,-2.0863,-2.3914,102.7552,68.261,50.0258,-0.0258,-2.1084,-2.4155,152.7365,66.1526,,,93.5,0.24
3237,00h 53m 57s,69.294,False,True,2.8159,72.4136,50.0255,-0.0255,-2.0663,-2.3673,52.7987,70.3473,50.0,0.0,-2.0863,-2.3914,102.7552,68.261,50.0258,-0.0258,-2.1084,-2.4155,152.7365,66.1526,,,93.5,0.24
3238,00h 53m 58s,69.294,False,True,2.8159,72.4136,50.0255,-0.0255,-2.0663,-2.3673,52.7987,70.3473,50.0,0.0,-2.0863,-2.3914,102.7552,68.261,50.0258,-0.0258,-2.1084,-2.4155,152.7365,66.1526,,,93.5,0.24
